[{"model": "admin.logentry", "pk": 1, "fields": {"action_time": "2026-03-30T13:22:18.727Z", "user": 39, "content_type": 7, "object_id": "2", "object_repr": "Amina Otieno", "action_flag": 2, "change_message": "[{\"changed\": {\"fields\": [\"Email address\"]}}]"}}, {"model": "auth.permission", "pk": 1, "fields": {"name": "Can add log entry", "content_type": 1, "codename": "add_logentry"}}, {"model": "auth.permission", "pk": 2, "fields": {"name": "Can change log entry", "content_type": 1, "codename": "change_logentry"}}, {"model": "auth.permission", "pk": 3, "fields": {"name": "Can delete log entry", "content_type": 1, "codename": "delete_logentry"}}, {"model": "auth.permission", "pk": 4, "fields": {"name": "Can view log entry", "content_type": 1, "codename": "view_logentry"}}, {"model": "auth.permission", "pk": 5, "fields": {"name": "Can add permission", "content_type": 3, "codename": "add_permission"}}, {"model": "auth.permission", "pk": 6, "fields": {"name": "Can change permission", "content_type": 3, "codename": "change_permission"}}, {"model": "auth.permission", "pk": 7, "fields": {"name": "Can delete permission", "content_type": 3, "codename": "delete_permission"}}, {"model": "auth.permission", "pk": 8, "fields": {"name": "Can view permission", "content_type": 3, "codename": "view_permission"}}, {"model": "auth.permission", "pk": 9, "fields": {"name": "Can add group", "content_type": 2, "codename": "add_group"}}, {"model": "auth.permission", "pk": 10, "fields": {"name": "Can change group", "content_type": 2, "codename": "change_group"}}, {"model": "auth.permission", "pk": 11, "fields": {"name": "Can delete group", "content_type": 2, "codename": "delete_group"}}, {"model": "auth.permission", "pk": 12, "fields": {"name": "Can view group", "content_type": 2, "codename": "view_group"}}, {"model": "auth.permission", "pk": 13, "fields": {"name": "Can add content type", "content_type": 4, "codename": "add_contenttype"}}, {"model": "auth.permission", "pk": 14, "fields": {"name": "Can change content type", "content_type": 4, "codename": "change_contenttype"}}, {"model": "auth.permission", "pk": 15, "fields": {"name": "Can delete content type", "content_type": 4, "codename": "delete_contenttype"}}, {"model": "auth.permission", "pk": 16, "fields": {"name": "Can view content type", "content_type": 4, "codename": "view_contenttype"}}, {"model": "auth.permission", "pk": 17, "fields": {"name": "Can add session", "content_type": 5, "codename": "add_session"}}, {"model": "auth.permission", "pk": 18, "fields": {"name": "Can change session", "content_type": 5, "codename": "change_session"}}, {"model": "auth.permission", "pk": 19, "fields": {"name": "Can delete session", "content_type": 5, "codename": "delete_session"}}, {"model": "auth.permission", "pk": 20, "fields": {"name": "Can view session", "content_type": 5, "codename": "view_session"}}, {"model": "auth.permission", "pk": 21, "fields": {"name": "Can add user", "content_type": 7, "codename": "add_user"}}, {"model": "auth.permission", "pk": 22, "fields": {"name": "Can change user", "content_type": 7, "codename": "change_user"}}, {"model": "auth.permission", "pk": 23, "fields": {"name": "Can delete user", "content_type": 7, "codename": "delete_user"}}, {"model": "auth.permission", "pk": 24, "fields": {"name": "Can view user", "content_type": 7, "codename": "view_user"}}, {"model": "auth.permission", "pk": 25, "fields": {"name": "Can add notification", "content_type": 6, "codename": "add_notification"}}, {"model": "auth.permission", "pk": 26, "fields": {"name": "Can change notification", "content_type": 6, "codename": "change_notification"}}, {"model": "auth.permission", "pk": 27, "fields": {"name": "Can delete notification", "content_type": 6, "codename": "delete_notification"}}, {"model": "auth.permission", "pk": 28, "fields": {"name": "Can view notification", "content_type": 6, "codename": "view_notification"}}, {"model": "auth.permission", "pk": 29, "fields": {"name": "Can add doctor", "content_type": 10, "codename": "add_doctor"}}, {"model": "auth.permission", "pk": 30, "fields": {"name": "Can change doctor", "content_type": 10, "codename": "change_doctor"}}, {"model": "auth.permission", "pk": 31, "fields": {"name": "Can delete doctor", "content_type": 10, "codename": "delete_doctor"}}, {"model": "auth.permission", "pk": 32, "fields": {"name": "Can view doctor", "content_type": 10, "codename": "view_doctor"}}, {"model": "auth.permission", "pk": 33, "fields": {"name": "Can add appointment", "content_type": 8, "codename": "add_appointment"}}, {"model": "auth.permission", "pk": 34, "fields": {"name": "Can change appointment", "content_type": 8, "codename": "change_appointment"}}, {"model": "auth.permission", "pk": 35, "fields": {"name": "Can delete appointment", "content_type": 8, "codename": "delete_appointment"}}, {"model": "auth.permission", "pk": 36, "fields": {"name": "Can view appointment", "content_type": 8, "codename": "view_appointment"}}, {"model": "auth.permission", "pk": 37, "fields": {"name": "Can add patient", "content_type": 12, "codename": "add_patient"}}, {"model": "auth.permission", "pk": 38, "fields": {"name": "Can change patient", "content_type": 12, "codename": "change_patient"}}, {"model": "auth.permission", "pk": 39, "fields": {"name": "Can delete patient", "content_type": 12, "codename": "delete_patient"}}, {"model": "auth.permission", "pk": 40, "fields": {"name": "Can view patient", "content_type": 12, "codename": "view_patient"}}, {"model": "auth.permission", "pk": 41, "fields": {"name": "Can add medical record", "content_type": 11, "codename": "add_medicalrecord"}}, {"model": "auth.permission", "pk": 42, "fields": {"name": "Can change medical record", "content_type": 11, "codename": "change_medicalrecord"}}, {"model": "auth.permission", "pk": 43, "fields": {"name": "Can delete medical record", "content_type": 11, "codename": "delete_medicalrecord"}}, {"model": "auth.permission", "pk": 44, "fields": {"name": "Can view medical record", "content_type": 11, "codename": "view_medicalrecord"}}, {"model": "auth.permission", "pk": 45, "fields": {"name": "Can add billing", "content_type": 9, "codename": "add_billing"}}, {"model": "auth.permission", "pk": 46, "fields": {"name": "Can change billing", "content_type": 9, "codename": "change_billing"}}, {"model": "auth.permission", "pk": 47, "fields": {"name": "Can delete billing", "content_type": 9, "codename": "delete_billing"}}, {"model": "auth.permission", "pk": 48, "fields": {"name": "Can view billing", "content_type": 9, "codename": "view_billing"}}, {"model": "auth.permission", "pk": 49, "fields": {"name": "Can add video consultation", "content_type": 15, "codename": "add_videoconsultation"}}, {"model": "auth.permission", "pk": 50, "fields": {"name": "Can change video consultation", "content_type": 15, "codename": "change_videoconsultation"}}, {"model": "auth.permission", "pk": 51, "fields": {"name": "Can delete video consultation", "content_type": 15, "codename": "delete_videoconsultation"}}, {"model": "auth.permission", "pk": 52, "fields": {"name": "Can view video consultation", "content_type": 15, "codename": "view_videoconsultation"}}, {"model": "auth.permission", "pk": 53, "fields": {"name": "Can add report upload", "content_type": 14, "codename": "add_reportupload"}}, {"model": "auth.permission", "pk": 54, "fields": {"name": "Can change report upload", "content_type": 14, "codename": "change_reportupload"}}, {"model": "auth.permission", "pk": 55, "fields": {"name": "Can delete report upload", "content_type": 14, "codename": "delete_reportupload"}}, {"model": "auth.permission", "pk": 56, "fields": {"name": "Can view report upload", "content_type": 14, "codename": "view_reportupload"}}, {"model": "auth.permission", "pk": 57, "fields": {"name": "Can add prescription", "content_type": 13, "codename": "add_prescription"}}, {"model": "auth.permission", "pk": 58, "fields": {"name": "Can change prescription", "content_type": 13, "codename": "change_prescription"}}, {"model": "auth.permission", "pk": 59, "fields": {"name": "Can delete prescription", "content_type": 13, "codename": "delete_prescription"}}, {"model": "auth.permission", "pk": 60, "fields": {"name": "Can view prescription", "content_type": 13, "codename": "view_prescription"}}, {"model": "auth.permission", "pk": 61, "fields": {"name": "Can add symptom check", "content_type": 16, "codename": "add_symptomcheck"}}, {"model": "auth.permission", "pk": 62, "fields": {"name": "Can change symptom check", "content_type": 16, "codename": "change_symptomcheck"}}, {"model": "auth.permission", "pk": 63, "fields": {"name": "Can delete symptom check", "content_type": 16, "codename": "delete_symptomcheck"}}, {"model": "auth.permission", "pk": 64, "fields": {"name": "Can view symptom check", "content_type": 16, "codename": "view_symptomcheck"}}, {"model": "auth.permission", "pk": 65, "fields": {"name": "Can add medicine", "content_type": 17, "codename": "add_medicine"}}, {"model": "auth.permission", "pk": 66, "fields": {"name": "Can change medicine", "content_type": 17, "codename": "change_medicine"}}, {"model": "auth.permission", "pk": 67, "fields": {"name": "Can delete medicine", "content_type": 17, "codename": "delete_medicine"}}, {"model": "auth.permission", "pk": 68, "fields": {"name": "Can view medicine", "content_type": 17, "codename": "view_medicine"}}, {"model": "auth.permission", "pk": 69, "fields": {"name": "Can add order", "content_type": 18, "codename": "add_order"}}, {"model": "auth.permission", "pk": 70, "fields": {"name": "Can change order", "content_type": 18, "codename": "change_order"}}, {"model": "auth.permission", "pk": 71, "fields": {"name": "Can delete order", "content_type": 18, "codename": "delete_order"}}, {"model": "auth.permission", "pk": 72, "fields": {"name": "Can view order", "content_type": 18, "codename": "view_order"}}, {"model": "auth.permission", "pk": 73, "fields": {"name": "Can add order item", "content_type": 19, "codename": "add_orderitem"}}, {"model": "auth.permission", "pk": 74, "fields": {"name": "Can change order item", "content_type": 19, "codename": "change_orderitem"}}, {"model": "auth.permission", "pk": 75, "fields": {"name": "Can delete order item", "content_type": 19, "codename": "delete_orderitem"}}, {"model": "auth.permission", "pk": 76, "fields": {"name": "Can view order item", "content_type": 19, "codename": "view_orderitem"}}, {"model": "auth.permission", "pk": 77, "fields": {"name": "Can add refill reminder", "content_type": 20, "codename": "add_refillreminder"}}, {"model": "auth.permission", "pk": 78, "fields": {"name": "Can change refill reminder", "content_type": 20, "codename": "change_refillreminder"}}, {"model": "auth.permission", "pk": 79, "fields": {"name": "Can delete refill reminder", "content_type": 20, "codename": "delete_refillreminder"}}, {"model": "auth.permission", "pk": 80, "fields": {"name": "Can view refill reminder", "content_type": 20, "codename": "view_refillreminder"}}, {"model": "auth.permission", "pk": 81, "fields": {"name": "Can add wellness resource", "content_type": 24, "codename": "add_wellnessresource"}}, {"model": "auth.permission", "pk": 82, "fields": {"name": "Can change wellness resource", "content_type": 24, "codename": "change_wellnessresource"}}, {"model": "auth.permission", "pk": 83, "fields": {"name": "Can delete wellness resource", "content_type": 24, "codename": "delete_wellnessresource"}}, {"model": "auth.permission", "pk": 84, "fields": {"name": "Can view wellness resource", "content_type": 24, "codename": "view_wellnessresource"}}, {"model": "auth.permission", "pk": 85, "fields": {"name": "Can add counselor", "content_type": 21, "codename": "add_counselor"}}, {"model": "auth.permission", "pk": 86, "fields": {"name": "Can change counselor", "content_type": 21, "codename": "change_counselor"}}, {"model": "auth.permission", "pk": 87, "fields": {"name": "Can delete counselor", "content_type": 21, "codename": "delete_counselor"}}, {"model": "auth.permission", "pk": 88, "fields": {"name": "Can view counselor", "content_type": 21, "codename": "view_counselor"}}, {"model": "auth.permission", "pk": 89, "fields": {"name": "Can add mood log", "content_type": 22, "codename": "add_moodlog"}}, {"model": "auth.permission", "pk": 90, "fields": {"name": "Can change mood log", "content_type": 22, "codename": "change_moodlog"}}, {"model": "auth.permission", "pk": 91, "fields": {"name": "Can delete mood log", "content_type": 22, "codename": "delete_moodlog"}}, {"model": "auth.permission", "pk": 92, "fields": {"name": "Can view mood log", "content_type": 22, "codename": "view_moodlog"}}, {"model": "auth.permission", "pk": 93, "fields": {"name": "Can add therapy session", "content_type": 23, "codename": "add_therapysession"}}, {"model": "auth.permission", "pk": 94, "fields": {"name": "Can change therapy session", "content_type": 23, "codename": "change_therapysession"}}, {"model": "auth.permission", "pk": 95, "fields": {"name": "Can delete therapy session", "content_type": 23, "codename": "delete_therapysession"}}, {"model": "auth.permission", "pk": 96, "fields": {"name": "Can view therapy session", "content_type": 23, "codename": "view_therapysession"}}, {"model": "auth.permission", "pk": 97, "fields": {"name": "Can add ambulance", "content_type": 25, "codename": "add_ambulance"}}, {"model": "auth.permission", "pk": 98, "fields": {"name": "Can change ambulance", "content_type": 25, "codename": "change_ambulance"}}, {"model": "auth.permission", "pk": 99, "fields": {"name": "Can delete ambulance", "content_type": 25, "codename": "delete_ambulance"}}, {"model": "auth.permission", "pk": 100, "fields": {"name": "Can view ambulance", "content_type": 25, "codename": "view_ambulance"}}, {"model": "auth.permission", "pk": 101, "fields": {"name": "Can add emergency contact", "content_type": 27, "codename": "add_emergencycontact"}}, {"model": "auth.permission", "pk": 102, "fields": {"name": "Can change emergency contact", "content_type": 27, "codename": "change_emergencycontact"}}, {"model": "auth.permission", "pk": 103, "fields": {"name": "Can delete emergency contact", "content_type": 27, "codename": "delete_emergencycontact"}}, {"model": "auth.permission", "pk": 104, "fields": {"name": "Can view emergency contact", "content_type": 27, "codename": "view_emergencycontact"}}, {"model": "auth.permission", "pk": 105, "fields": {"name": "Can add ambulance request", "content_type": 26, "codename": "add_ambulancerequest"}}, {"model": "auth.permission", "pk": 106, "fields": {"name": "Can change ambulance request", "content_type": 26, "codename": "change_ambulancerequest"}}, {"model": "auth.permission", "pk": 107, "fields": {"name": "Can delete ambulance request", "content_type": 26, "codename": "delete_ambulancerequest"}}, {"model": "auth.permission", "pk": 108, "fields": {"name": "Can view ambulance request", "content_type": 26, "codename": "view_ambulancerequest"}}, {"model": "auth.permission", "pk": 109, "fields": {"name": "Can add ward", "content_type": 41, "codename": "add_ward"}}, {"model": "auth.permission", "pk": 110, "fields": {"name": "Can change ward", "content_type": 41, "codename": "change_ward"}}, {"model": "auth.permission", "pk": 111, "fields": {"name": "Can delete ward", "content_type": 41, "codename": "delete_ward"}}, {"model": "auth.permission", "pk": 112, "fields": {"name": "Can view ward", "content_type": 41, "codename": "view_ward"}}, {"model": "auth.permission", "pk": 113, "fields": {"name": "Can add audit event", "content_type": 29, "codename": "add_auditevent"}}, {"model": "auth.permission", "pk": 114, "fields": {"name": "Can change audit event", "content_type": 29, "codename": "change_auditevent"}}, {"model": "auth.permission", "pk": 115, "fields": {"name": "Can delete audit event", "content_type": 29, "codename": "delete_auditevent"}}, {"model": "auth.permission", "pk": 116, "fields": {"name": "Can view audit event", "content_type": 29, "codename": "view_auditevent"}}, {"model": "auth.permission", "pk": 117, "fields": {"name": "Can add bed", "content_type": 30, "codename": "add_bed"}}, {"model": "auth.permission", "pk": 118, "fields": {"name": "Can change bed", "content_type": 30, "codename": "change_bed"}}, {"model": "auth.permission", "pk": 119, "fields": {"name": "Can delete bed", "content_type": 30, "codename": "delete_bed"}}, {"model": "auth.permission", "pk": 120, "fields": {"name": "Can view bed", "content_type": 30, "codename": "view_bed"}}, {"model": "auth.permission", "pk": 121, "fields": {"name": "Can add admission", "content_type": 28, "codename": "add_admission"}}, {"model": "auth.permission", "pk": 122, "fields": {"name": "Can change admission", "content_type": 28, "codename": "change_admission"}}, {"model": "auth.permission", "pk": 123, "fields": {"name": "Can delete admission", "content_type": 28, "codename": "delete_admission"}}, {"model": "auth.permission", "pk": 124, "fields": {"name": "Can view admission", "content_type": 28, "codename": "view_admission"}}, {"model": "auth.permission", "pk": 125, "fields": {"name": "Can add bed transfer", "content_type": 31, "codename": "add_bedtransfer"}}, {"model": "auth.permission", "pk": 126, "fields": {"name": "Can change bed transfer", "content_type": 31, "codename": "change_bedtransfer"}}, {"model": "auth.permission", "pk": 127, "fields": {"name": "Can delete bed transfer", "content_type": 31, "codename": "delete_bedtransfer"}}, {"model": "auth.permission", "pk": 128, "fields": {"name": "Can view bed transfer", "content_type": 31, "codename": "view_bedtransfer"}}, {"model": "auth.permission", "pk": 129, "fields": {"name": "Can add discharge summary", "content_type": 33, "codename": "add_dischargesummary"}}, {"model": "auth.permission", "pk": 130, "fields": {"name": "Can change discharge summary", "content_type": 33, "codename": "change_dischargesummary"}}, {"model": "auth.permission", "pk": 131, "fields": {"name": "Can delete discharge summary", "content_type": 33, "codename": "delete_dischargesummary"}}, {"model": "auth.permission", "pk": 132, "fields": {"name": "Can view discharge summary", "content_type": 33, "codename": "view_dischargesummary"}}, {"model": "auth.permission", "pk": 133, "fields": {"name": "Can add lab test request", "content_type": 34, "codename": "add_labtestrequest"}}, {"model": "auth.permission", "pk": 134, "fields": {"name": "Can change lab test request", "content_type": 34, "codename": "change_labtestrequest"}}, {"model": "auth.permission", "pk": 135, "fields": {"name": "Can delete lab test request", "content_type": 34, "codename": "delete_labtestrequest"}}, {"model": "auth.permission", "pk": 136, "fields": {"name": "Can view lab test request", "content_type": 34, "codename": "view_labtestrequest"}}, {"model": "auth.permission", "pk": 137, "fields": {"name": "Can add patient visit", "content_type": 36, "codename": "add_patientvisit"}}, {"model": "auth.permission", "pk": 138, "fields": {"name": "Can change patient visit", "content_type": 36, "codename": "change_patientvisit"}}, {"model": "auth.permission", "pk": 139, "fields": {"name": "Can delete patient visit", "content_type": 36, "codename": "delete_patientvisit"}}, {"model": "auth.permission", "pk": 140, "fields": {"name": "Can view patient visit", "content_type": 36, "codename": "view_patientvisit"}}, {"model": "auth.permission", "pk": 141, "fields": {"name": "Can add queue ticket", "content_type": 37, "codename": "add_queueticket"}}, {"model": "auth.permission", "pk": 142, "fields": {"name": "Can change queue ticket", "content_type": 37, "codename": "change_queueticket"}}, {"model": "auth.permission", "pk": 143, "fields": {"name": "Can delete queue ticket", "content_type": 37, "codename": "delete_queueticket"}}, {"model": "auth.permission", "pk": 144, "fields": {"name": "Can view queue ticket", "content_type": 37, "codename": "view_queueticket"}}, {"model": "auth.permission", "pk": 145, "fields": {"name": "Can add staff profile", "content_type": 39, "codename": "add_staffprofile"}}, {"model": "auth.permission", "pk": 146, "fields": {"name": "Can change staff profile", "content_type": 39, "codename": "change_staffprofile"}}, {"model": "auth.permission", "pk": 147, "fields": {"name": "Can delete staff profile", "content_type": 39, "codename": "delete_staffprofile"}}, {"model": "auth.permission", "pk": 148, "fields": {"name": "Can view staff profile", "content_type": 39, "codename": "view_staffprofile"}}, {"model": "auth.permission", "pk": 149, "fields": {"name": "Can add shift assignment", "content_type": 38, "codename": "add_shiftassignment"}}, {"model": "auth.permission", "pk": 150, "fields": {"name": "Can change shift assignment", "content_type": 38, "codename": "change_shiftassignment"}}, {"model": "auth.permission", "pk": 151, "fields": {"name": "Can delete shift assignment", "content_type": 38, "codename": "delete_shiftassignment"}}, {"model": "auth.permission", "pk": 152, "fields": {"name": "Can view shift assignment", "content_type": 38, "codename": "view_shiftassignment"}}, {"model": "auth.permission", "pk": 153, "fields": {"name": "Can add lab test result", "content_type": 35, "codename": "add_labtestresult"}}, {"model": "auth.permission", "pk": 154, "fields": {"name": "Can change lab test result", "content_type": 35, "codename": "change_labtestresult"}}, {"model": "auth.permission", "pk": 155, "fields": {"name": "Can delete lab test result", "content_type": 35, "codename": "delete_labtestresult"}}, {"model": "auth.permission", "pk": 156, "fields": {"name": "Can view lab test result", "content_type": 35, "codename": "view_labtestresult"}}, {"model": "auth.permission", "pk": 157, "fields": {"name": "Can add certification", "content_type": 32, "codename": "add_certification"}}, {"model": "auth.permission", "pk": 158, "fields": {"name": "Can change certification", "content_type": 32, "codename": "change_certification"}}, {"model": "auth.permission", "pk": 159, "fields": {"name": "Can delete certification", "content_type": 32, "codename": "delete_certification"}}, {"model": "auth.permission", "pk": 160, "fields": {"name": "Can view certification", "content_type": 32, "codename": "view_certification"}}, {"model": "auth.permission", "pk": 161, "fields": {"name": "Can add vital sign", "content_type": 40, "codename": "add_vitalsign"}}, {"model": "auth.permission", "pk": 162, "fields": {"name": "Can change vital sign", "content_type": 40, "codename": "change_vitalsign"}}, {"model": "auth.permission", "pk": 163, "fields": {"name": "Can delete vital sign", "content_type": 40, "codename": "delete_vitalsign"}}, {"model": "auth.permission", "pk": 164, "fields": {"name": "Can view vital sign", "content_type": 40, "codename": "view_vitalsign"}}, {"model": "auth.permission", "pk": 165, "fields": {"name": "Can add hospital", "content_type": 42, "codename": "add_hospital"}}, {"model": "auth.permission", "pk": 166, "fields": {"name": "Can change hospital", "content_type": 42, "codename": "change_hospital"}}, {"model": "auth.permission", "pk": 167, "fields": {"name": "Can delete hospital", "content_type": 42, "codename": "delete_hospital"}}, {"model": "auth.permission", "pk": 168, "fields": {"name": "Can view hospital", "content_type": 42, "codename": "view_hospital"}}, {"model": "auth.permission", "pk": 169, "fields": {"name": "Can add hospital access", "content_type": 43, "codename": "add_hospitalaccess"}}, {"model": "auth.permission", "pk": 170, "fields": {"name": "Can change hospital access", "content_type": 43, "codename": "change_hospitalaccess"}}, {"model": "auth.permission", "pk": 171, "fields": {"name": "Can delete hospital access", "content_type": 43, "codename": "delete_hospitalaccess"}}, {"model": "auth.permission", "pk": 172, "fields": {"name": "Can view hospital access", "content_type": 43, "codename": "view_hospitalaccess"}}, {"model": "auth.permission", "pk": 173, "fields": {"name": "Can add hospital invitation", "content_type": 44, "codename": "add_hospitalinvitation"}}, {"model": "auth.permission", "pk": 174, "fields": {"name": "Can change hospital invitation", "content_type": 44, "codename": "change_hospitalinvitation"}}, {"model": "auth.permission", "pk": 175, "fields": {"name": "Can delete hospital invitation", "content_type": 44, "codename": "delete_hospitalinvitation"}}, {"model": "auth.permission", "pk": 176, "fields": {"name": "Can view hospital invitation", "content_type": 44, "codename": "view_hospitalinvitation"}}, {"model": "auth.permission", "pk": 177, "fields": {"name": "Can add condition catalog", "content_type": 45, "codename": "add_conditioncatalog"}}, {"model": "auth.permission", "pk": 178, "fields": {"name": "Can change condition catalog", "content_type": 45, "codename": "change_conditioncatalog"}}, {"model": "auth.permission", "pk": 179, "fields": {"name": "Can delete condition catalog", "content_type": 45, "codename": "delete_conditioncatalog"}}, {"model": "auth.permission", "pk": 180, "fields": {"name": "Can view condition catalog", "content_type": 45, "codename": "view_conditioncatalog"}}, {"model": "auth.permission", "pk": 181, "fields": {"name": "Can add surgical case", "content_type": 48, "codename": "add_surgicalcase"}}, {"model": "auth.permission", "pk": 182, "fields": {"name": "Can change surgical case", "content_type": 48, "codename": "change_surgicalcase"}}, {"model": "auth.permission", "pk": 183, "fields": {"name": "Can delete surgical case", "content_type": 48, "codename": "delete_surgicalcase"}}, {"model": "auth.permission", "pk": 184, "fields": {"name": "Can view surgical case", "content_type": 48, "codename": "view_surgicalcase"}}, {"model": "auth.permission", "pk": 185, "fields": {"name": "Can add patient condition", "content_type": 47, "codename": "add_patientcondition"}}, {"model": "auth.permission", "pk": 186, "fields": {"name": "Can change patient condition", "content_type": 47, "codename": "change_patientcondition"}}, {"model": "auth.permission", "pk": 187, "fields": {"name": "Can delete patient condition", "content_type": 47, "codename": "delete_patientcondition"}}, {"model": "auth.permission", "pk": 188, "fields": {"name": "Can view patient condition", "content_type": 47, "codename": "view_patientcondition"}}, {"model": "auth.permission", "pk": 189, "fields": {"name": "Can add operating room", "content_type": 46, "codename": "add_operatingroom"}}, {"model": "auth.permission", "pk": 190, "fields": {"name": "Can change operating room", "content_type": 46, "codename": "change_operatingroom"}}, {"model": "auth.permission", "pk": 191, "fields": {"name": "Can delete operating room", "content_type": 46, "codename": "delete_operatingroom"}}, {"model": "auth.permission", "pk": 192, "fields": {"name": "Can view operating room", "content_type": 46, "codename": "view_operatingroom"}}, {"model": "auth.permission", "pk": 193, "fields": {"name": "Can add assistant access grant", "content_type": 49, "codename": "add_assistantaccessgrant"}}, {"model": "auth.permission", "pk": 194, "fields": {"name": "Can change assistant access grant", "content_type": 49, "codename": "change_assistantaccessgrant"}}, {"model": "auth.permission", "pk": 195, "fields": {"name": "Can delete assistant access grant", "content_type": 49, "codename": "delete_assistantaccessgrant"}}, {"model": "auth.permission", "pk": 196, "fields": {"name": "Can view assistant access grant", "content_type": 49, "codename": "view_assistantaccessgrant"}}, {"model": "auth.permission", "pk": 197, "fields": {"name": "Can add walk in encounter", "content_type": 51, "codename": "add_walkinencounter"}}, {"model": "auth.permission", "pk": 198, "fields": {"name": "Can change walk in encounter", "content_type": 51, "codename": "change_walkinencounter"}}, {"model": "auth.permission", "pk": 199, "fields": {"name": "Can delete walk in encounter", "content_type": 51, "codename": "delete_walkinencounter"}}, {"model": "auth.permission", "pk": 200, "fields": {"name": "Can view walk in encounter", "content_type": 51, "codename": "view_walkinencounter"}}, {"model": "auth.permission", "pk": 201, "fields": {"name": "Can add pharmacy task", "content_type": 50, "codename": "add_pharmacytask"}}, {"model": "auth.permission", "pk": 202, "fields": {"name": "Can change pharmacy task", "content_type": 50, "codename": "change_pharmacytask"}}, {"model": "auth.permission", "pk": 203, "fields": {"name": "Can delete pharmacy task", "content_type": 50, "codename": "delete_pharmacytask"}}, {"model": "auth.permission", "pk": 204, "fields": {"name": "Can view pharmacy task", "content_type": 50, "codename": "view_pharmacytask"}}, {"model": "auth.permission", "pk": 205, "fields": {"name": "Can add walk in event", "content_type": 52, "codename": "add_walkinevent"}}, {"model": "auth.permission", "pk": 206, "fields": {"name": "Can change walk in event", "content_type": 52, "codename": "change_walkinevent"}}, {"model": "auth.permission", "pk": 207, "fields": {"name": "Can delete walk in event", "content_type": 52, "codename": "delete_walkinevent"}}, {"model": "auth.permission", "pk": 208, "fields": {"name": "Can view walk in event", "content_type": 52, "codename": "view_walkinevent"}}, {"model": "auth.permission", "pk": 209, "fields": {"name": "Can add care plan", "content_type": 53, "codename": "add_careplan"}}, {"model": "auth.permission", "pk": 210, "fields": {"name": "Can change care plan", "content_type": 53, "codename": "change_careplan"}}, {"model": "auth.permission", "pk": 211, "fields": {"name": "Can delete care plan", "content_type": 53, "codename": "delete_careplan"}}, {"model": "auth.permission", "pk": 212, "fields": {"name": "Can view care plan", "content_type": 53, "codename": "view_careplan"}}, {"model": "auth.permission", "pk": 213, "fields": {"name": "Can add doctor task", "content_type": 54, "codename": "add_doctortask"}}, {"model": "auth.permission", "pk": 214, "fields": {"name": "Can change doctor task", "content_type": 54, "codename": "change_doctortask"}}, {"model": "auth.permission", "pk": 215, "fields": {"name": "Can delete doctor task", "content_type": 54, "codename": "delete_doctortask"}}, {"model": "auth.permission", "pk": 216, "fields": {"name": "Can view doctor task", "content_type": 54, "codename": "view_doctortask"}}, {"model": "auth.permission", "pk": 217, "fields": {"name": "Can add internal referral", "content_type": 55, "codename": "add_internalreferral"}}, {"model": "auth.permission", "pk": 218, "fields": {"name": "Can change internal referral", "content_type": 55, "codename": "change_internalreferral"}}, {"model": "auth.permission", "pk": 219, "fields": {"name": "Can delete internal referral", "content_type": 55, "codename": "delete_internalreferral"}}, {"model": "auth.permission", "pk": 220, "fields": {"name": "Can view internal referral", "content_type": 55, "codename": "view_internalreferral"}}, {"model": "auth.permission", "pk": 221, "fields": {"name": "Can add advance directive", "content_type": 56, "codename": "add_advancedirective"}}, {"model": "auth.permission", "pk": 222, "fields": {"name": "Can change advance directive", "content_type": 56, "codename": "change_advancedirective"}}, {"model": "auth.permission", "pk": 223, "fields": {"name": "Can delete advance directive", "content_type": 56, "codename": "delete_advancedirective"}}, {"model": "auth.permission", "pk": 224, "fields": {"name": "Can view advance directive", "content_type": 56, "codename": "view_advancedirective"}}, {"model": "auth.permission", "pk": 225, "fields": {"name": "Can add patient feedback", "content_type": 58, "codename": "add_patientfeedback"}}, {"model": "auth.permission", "pk": 226, "fields": {"name": "Can change patient feedback", "content_type": 58, "codename": "change_patientfeedback"}}, {"model": "auth.permission", "pk": 227, "fields": {"name": "Can delete patient feedback", "content_type": 58, "codename": "delete_patientfeedback"}}, {"model": "auth.permission", "pk": 228, "fields": {"name": "Can view patient feedback", "content_type": 58, "codename": "view_patientfeedback"}}, {"model": "auth.permission", "pk": 229, "fields": {"name": "Can add caregiver access", "content_type": 57, "codename": "add_caregiveraccess"}}, {"model": "auth.permission", "pk": 230, "fields": {"name": "Can change caregiver access", "content_type": 57, "codename": "change_caregiveraccess"}}, {"model": "auth.permission", "pk": 231, "fields": {"name": "Can delete caregiver access", "content_type": 57, "codename": "delete_caregiveraccess"}}, {"model": "auth.permission", "pk": 232, "fields": {"name": "Can view caregiver access", "content_type": 57, "codename": "view_caregiveraccess"}}, {"model": "auth.permission", "pk": 233, "fields": {"name": "Can add lab quality control log", "content_type": 60, "codename": "add_labqualitycontrollog"}}, {"model": "auth.permission", "pk": 234, "fields": {"name": "Can change lab quality control log", "content_type": 60, "codename": "change_labqualitycontrollog"}}, {"model": "auth.permission", "pk": 235, "fields": {"name": "Can delete lab quality control log", "content_type": 60, "codename": "delete_labqualitycontrollog"}}, {"model": "auth.permission", "pk": 236, "fields": {"name": "Can view lab quality control log", "content_type": 60, "codename": "view_labqualitycontrollog"}}, {"model": "auth.permission", "pk": 237, "fields": {"name": "Can add supply request", "content_type": 62, "codename": "add_supplyrequest"}}, {"model": "auth.permission", "pk": 238, "fields": {"name": "Can change supply request", "content_type": 62, "codename": "change_supplyrequest"}}, {"model": "auth.permission", "pk": 239, "fields": {"name": "Can delete supply request", "content_type": 62, "codename": "delete_supplyrequest"}}, {"model": "auth.permission", "pk": 240, "fields": {"name": "Can view supply request", "content_type": 62, "codename": "view_supplyrequest"}}, {"model": "auth.permission", "pk": 241, "fields": {"name": "Can add emergency incident", "content_type": 59, "codename": "add_emergencyincident"}}, {"model": "auth.permission", "pk": 242, "fields": {"name": "Can change emergency incident", "content_type": 59, "codename": "change_emergencyincident"}}, {"model": "auth.permission", "pk": 243, "fields": {"name": "Can delete emergency incident", "content_type": 59, "codename": "delete_emergencyincident"}}, {"model": "auth.permission", "pk": 244, "fields": {"name": "Can view emergency incident", "content_type": 59, "codename": "view_emergencyincident"}}, {"model": "auth.permission", "pk": 245, "fields": {"name": "Can add shift handover", "content_type": 61, "codename": "add_shifthandover"}}, {"model": "auth.permission", "pk": 246, "fields": {"name": "Can change shift handover", "content_type": 61, "codename": "change_shifthandover"}}, {"model": "auth.permission", "pk": 247, "fields": {"name": "Can delete shift handover", "content_type": 61, "codename": "delete_shifthandover"}}, {"model": "auth.permission", "pk": 248, "fields": {"name": "Can view shift handover", "content_type": 61, "codename": "view_shifthandover"}}, {"model": "auth.permission", "pk": 249, "fields": {"name": "Can add staff conversation", "content_type": 63, "codename": "add_staffconversation"}}, {"model": "auth.permission", "pk": 250, "fields": {"name": "Can change staff conversation", "content_type": 63, "codename": "change_staffconversation"}}, {"model": "auth.permission", "pk": 251, "fields": {"name": "Can delete staff conversation", "content_type": 63, "codename": "delete_staffconversation"}}, {"model": "auth.permission", "pk": 252, "fields": {"name": "Can view staff conversation", "content_type": 63, "codename": "view_staffconversation"}}, {"model": "auth.permission", "pk": 253, "fields": {"name": "Can add staff conversation participant", "content_type": 64, "codename": "add_staffconversationparticipant"}}, {"model": "auth.permission", "pk": 254, "fields": {"name": "Can change staff conversation participant", "content_type": 64, "codename": "change_staffconversationparticipant"}}, {"model": "auth.permission", "pk": 255, "fields": {"name": "Can delete staff conversation participant", "content_type": 64, "codename": "delete_staffconversationparticipant"}}, {"model": "auth.permission", "pk": 256, "fields": {"name": "Can view staff conversation participant", "content_type": 64, "codename": "view_staffconversationparticipant"}}, {"model": "auth.permission", "pk": 257, "fields": {"name": "Can add staff message", "content_type": 65, "codename": "add_staffmessage"}}, {"model": "auth.permission", "pk": 258, "fields": {"name": "Can change staff message", "content_type": 65, "codename": "change_staffmessage"}}, {"model": "auth.permission", "pk": 259, "fields": {"name": "Can delete staff message", "content_type": 65, "codename": "delete_staffmessage"}}, {"model": "auth.permission", "pk": 260, "fields": {"name": "Can view staff message", "content_type": 65, "codename": "view_staffmessage"}}, {"model": "contenttypes.contenttype", "pk": 1, "fields": {"app_label": "admin", "model": "logentry"}}, {"model": "contenttypes.contenttype", "pk": 2, "fields": {"app_label": "auth", "model": "group"}}, {"model": "contenttypes.contenttype", "pk": 3, "fields": {"app_label": "auth", "model": "permission"}}, {"model": "contenttypes.contenttype", "pk": 4, "fields": {"app_label": "contenttypes", "model": "contenttype"}}, {"model": "contenttypes.contenttype", "pk": 5, "fields": {"app_label": "sessions", "model": "session"}}, {"model": "contenttypes.contenttype", "pk": 6, "fields": {"app_label": "core", "model": "notification"}}, {"model": "contenttypes.contenttype", "pk": 7, "fields": {"app_label": "core", "model": "user"}}, {"model": "contenttypes.contenttype", "pk": 8, "fields": {"app_label": "hospital", "model": "appointment"}}, {"model": "contenttypes.contenttype", "pk": 9, "fields": {"app_label": "hospital", "model": "billing"}}, {"model": "contenttypes.contenttype", "pk": 10, "fields": {"app_label": "hospital", "model": "doctor"}}, {"model": "contenttypes.contenttype", "pk": 11, "fields": {"app_label": "hospital", "model": "medicalrecord"}}, {"model": "contenttypes.contenttype", "pk": 12, "fields": {"app_label": "hospital", "model": "patient"}}, {"model": "contenttypes.contenttype", "pk": 13, "fields": {"app_label": "telemedicine", "model": "prescription"}}, {"model": "contenttypes.contenttype", "pk": 14, "fields": {"app_label": "telemedicine", "model": "reportupload"}}, {"model": "contenttypes.contenttype", "pk": 15, "fields": {"app_label": "telemedicine", "model": "videoconsultation"}}, {"model": "contenttypes.contenttype", "pk": 16, "fields": {"app_label": "symptom_checker", "model": "symptomcheck"}}, {"model": "contenttypes.contenttype", "pk": 17, "fields": {"app_label": "pharmacy", "model": "medicine"}}, {"model": "contenttypes.contenttype", "pk": 18, "fields": {"app_label": "pharmacy", "model": "order"}}, {"model": "contenttypes.contenttype", "pk": 19, "fields": {"app_label": "pharmacy", "model": "orderitem"}}, {"model": "contenttypes.contenttype", "pk": 20, "fields": {"app_label": "pharmacy", "model": "refillreminder"}}, {"model": "contenttypes.contenttype", "pk": 21, "fields": {"app_label": "mental_health", "model": "counselor"}}, {"model": "contenttypes.contenttype", "pk": 22, "fields": {"app_label": "mental_health", "model": "moodlog"}}, {"model": "contenttypes.contenttype", "pk": 23, "fields": {"app_label": "mental_health", "model": "therapysession"}}, {"model": "contenttypes.contenttype", "pk": 24, "fields": {"app_label": "mental_health", "model": "wellnessresource"}}, {"model": "contenttypes.contenttype", "pk": 25, "fields": {"app_label": "ambulance", "model": "ambulance"}}, {"model": "contenttypes.contenttype", "pk": 26, "fields": {"app_label": "ambulance", "model": "ambulancerequest"}}, {"model": "contenttypes.contenttype", "pk": 27, "fields": {"app_label": "ambulance", "model": "emergencycontact"}}, {"model": "contenttypes.contenttype", "pk": 28, "fields": {"app_label": "hospital", "model": "admission"}}, {"model": "contenttypes.contenttype", "pk": 29, "fields": {"app_label": "hospital", "model": "auditevent"}}, {"model": "contenttypes.contenttype", "pk": 30, "fields": {"app_label": "hospital", "model": "bed"}}, {"model": "contenttypes.contenttype", "pk": 31, "fields": {"app_label": "hospital", "model": "bedtransfer"}}, {"model": "contenttypes.contenttype", "pk": 32, "fields": {"app_label": "hospital", "model": "certification"}}, {"model": "contenttypes.contenttype", "pk": 33, "fields": {"app_label": "hospital", "model": "dischargesummary"}}, {"model": "contenttypes.contenttype", "pk": 34, "fields": {"app_label": "hospital", "model": "labtestrequest"}}, {"model": "contenttypes.contenttype", "pk": 35, "fields": {"app_label": "hospital", "model": "labtestresult"}}, {"model": "contenttypes.contenttype", "pk": 36, "fields": {"app_label": "hospital", "model": "patientvisit"}}, {"model": "contenttypes.contenttype", "pk": 37, "fields": {"app_label": "hospital", "model": "queueticket"}}, {"model": "contenttypes.contenttype", "pk": 38, "fields": {"app_label": "hospital", "model": "shiftassignment"}}, {"model": "contenttypes.contenttype", "pk": 39, "fields": {"app_label": "hospital", "model": "staffprofile"}}, {"model": "contenttypes.contenttype", "pk": 40, "fields": {"app_label": "hospital", "model": "vitalsign"}}, {"model": "contenttypes.contenttype", "pk": 41, "fields": {"app_label": "hospital", "model": "ward"}}, {"model": "contenttypes.contenttype", "pk": 42, "fields": {"app_label": "hospital", "model": "hospital"}}, {"model": "contenttypes.contenttype", "pk": 43, "fields": {"app_label": "hospital", "model": "hospitalaccess"}}, {"model": "contenttypes.contenttype", "pk": 44, "fields": {"app_label": "hospital", "model": "hospitalinvitation"}}, {"model": "contenttypes.contenttype", "pk": 45, "fields": {"app_label": "hospital", "model": "conditioncatalog"}}, {"model": "contenttypes.contenttype", "pk": 46, "fields": {"app_label": "hospital", "model": "operatingroom"}}, {"model": "contenttypes.contenttype", "pk": 47, "fields": {"app_label": "hospital", "model": "patientcondition"}}, {"model": "contenttypes.contenttype", "pk": 48, "fields": {"app_label": "hospital", "model": "surgicalcase"}}, {"model": "contenttypes.contenttype", "pk": 49, "fields": {"app_label": "core", "model": "assistantaccessgrant"}}, {"model": "contenttypes.contenttype", "pk": 50, "fields": {"app_label": "hospital", "model": "pharmacytask"}}, {"model": "contenttypes.contenttype", "pk": 51, "fields": {"app_label": "hospital", "model": "walkinencounter"}}, {"model": "contenttypes.contenttype", "pk": 52, "fields": {"app_label": "hospital", "model": "walkinevent"}}, {"model": "contenttypes.contenttype", "pk": 53, "fields": {"app_label": "hospital", "model": "careplan"}}, {"model": "contenttypes.contenttype", "pk": 54, "fields": {"app_label": "hospital", "model": "doctortask"}}, {"model": "contenttypes.contenttype", "pk": 55, "fields": {"app_label": "hospital", "model": "internalreferral"}}, {"model": "contenttypes.contenttype", "pk": 56, "fields": {"app_label": "hospital", "model": "advancedirective"}}, {"model": "contenttypes.contenttype", "pk": 57, "fields": {"app_label": "hospital", "model": "caregiveraccess"}}, {"model": "contenttypes.contenttype", "pk": 58, "fields": {"app_label": "hospital", "model": "patientfeedback"}}, {"model": "contenttypes.contenttype", "pk": 59, "fields": {"app_label": "hospital", "model": "emergencyincident"}}, {"model": "contenttypes.contenttype", "pk": 60, "fields": {"app_label": "hospital", "model": "labqualitycontrollog"}}, {"model": "contenttypes.contenttype", "pk": 61, "fields": {"app_label": "hospital", "model": "shifthandover"}}, {"model": "contenttypes.contenttype", "pk": 62, "fields": {"app_label": "hospital", "model": "supplyrequest"}}, {"model": "contenttypes.contenttype", "pk": 63, "fields": {"app_label": "core", "model": "staffconversation"}}, {"model": "contenttypes.contenttype", "pk": 64, "fields": {"app_label": "core", "model": "staffconversationparticipant"}}, {"model": "contenttypes.contenttype", "pk": 65, "fields": {"app_label": "core", "model": "staffmessage"}}, {"model": "sessions.session", "pk": "c0rp4ag51o3opzidevbskec83d100zw2", "fields": {"session_data": ".eJxVjMEOwiAQRP-FsyELAV08evcbyMIuUjU0Ke2p8d9tkx50jvPezKoiLXONS5cpDqyuCtXpt0uUX9J2wE9qj1Hnsc3TkPSu6IN2fR9Z3rfD_Tuo1Ou2puCNC_YC7DxQEfBlizFiBb1jdNZTEgxSEqAjzEBnxlDApYyFWX2-60w4pQ:1w7Cc6:t0WJ5gcktJ7wk-f_HjbGKoyUZJ0aKWrCOJ-viqQ_ACo", "expire_date": "2026-04-13T13:25:06.889Z"}}, {"model": "sessions.session", "pk": "oar1umg8arxt0q1cyz1mqjuhexwphhha", "fields": {"session_data": "e30:1w7C8Q:9237pzavjFpaUB2I_aG7ZXPKNbsqFDt7CScIKGpGj44", "expire_date": "2026-04-13T12:54:26.784Z"}}, {"model": "sessions.session", "pk": "rxwxoouhiwj6wf01vu5z9fi2k2vq63az", "fields": {"session_data": ".eJxVjMEOwiAQRP-FsyELAV08evcbyMIuUjU0Ke2p8d9tkx50jvPezKoiLXONS5cpDqyuCtXpt0uUX9J2wE9qj1Hnsc3TkPSu6IN2fR9Z3rfD_Tuo1Ou2puCNC_YC7DxQEfBlizFiBb1jdNZTEgxSEqAjzEBnxlDApYyFWX2-60w4pQ:1w5eSn:Ll1Ye8hvJFB2YF91YDOXzde_4v8DG0G9px0N1RypYFg", "expire_date": "2026-04-09T06:45:05.065Z"}}, {"model": "sessions.session", "pk": "zdx6dowu0ciyv5sjz9xg4kvuz9hx3auk", "fields": {"session_data": ".eJxVjMEOwiAQRP-FsyEgJbAevfsNZBcWqRpISntq_Hcl6UGPM-_N7CLgtpawdV7CnMRFGBCn35IwPrkOkh5Y703GVtdlJjkUedAuby3x63q4fwcFexlrk7xXSlmrDUY7RTaWGb3LihIpB9omzt9gAJ2BiRgAMmkHliY4o3h_ABEGOEk:1w7Qnq:OOnFDHsz6WukAomg-7vTohN1RqLaKkfXMdG2Dm249nA", "expire_date": "2026-04-14T04:34:10.182Z"}}, {"model": "core.user", "pk": 1, "fields": {"password": "pbkdf2_sha256$1200000$TOupRRoj7SIDYmjN7qvwq1$kysoiQIb/iKeAWHRO8gfj81aclMvflCqejZYF5jtKVQ=", "last_login": "2026-03-29T08:53:39.065Z", "is_superuser": true, "username": "admin", "first_name": "Platform", "last_name": "Admin", "email": "admin@bayafya.local", "is_staff": true, "is_active": true, "date_joined": "2026-03-25T07:46:44.554Z", "role": "admin", "profile_picture": "", "phone": "+2547700000001", "address": "", "date_of_birth": "1987-05-09", "email_verified_at": "2026-03-30T07:30:05.697Z", "email_verification_code": "", "email_verification_sent_at": null, "email_verification_send_count": 0, "email_verification_send_date": null, "email_verification_locked_until": null, "email_verification_failed_count": 0, "email_verification_failed_date": null, "groups": [], "user_permissions": []}}, {"model": "core.user", "pk": 2, "fields": {"password": "pbkdf2_sha256$1200000$02hsBipnl6UvlWDIHXYgd2$ebt+aziSgVFOgBbTdNDFshzjeBD0ARwfTlUrv0SJBaE=", "last_login": "2026-03-30T12:45:25Z", "is_superuser": false, "username": "doctor_demo", "first_name": "Amina", "last_name": "Otieno", "email": "adallapete@outlook.com", "is_staff": false, "is_active": true, "date_joined": "2026-03-25T07:47:01Z", "role": "doctor", "profile_picture": "profiles/milcah_GppCzDf.jpg", "phone": "+2547700000002", "address": "", "date_of_birth": "1983-02-04", "email_verified_at": "2026-03-30T07:30:05.697Z", "email_verification_code": "", "email_verification_sent_at": null, "email_verification_send_count": 0, "email_verification_send_date": null, "email_verification_locked_until": null, "email_verification_failed_count": 0, "email_verification_failed_date": null, "groups": [], "user_permissions": []}}, {"model": "core.user", "pk": 3, "fields": {"password": "pbkdf2_sha256$1200000$VnJHu6Gs4vsOTNUutqGnPC$MzOUMVbwQ8z3mMTujuGxifLuQectQcn0TNaeCUa2dgk=", "last_login": "2026-03-25T13:02:05.810Z", "is_superuser": false, "username": "triallingtimes", "first_name": "Liason", "last_name": "Master", "email": "triallingtimes@proton.me", "is_staff": false, "is_active": true, "date_joined": "2026-03-25T11:48:21.703Z", "role": "patient", "profile_picture": "", "phone": "triallingtimes", "address": "LAMBWE", "date_of_birth": null, "email_verified_at": "2026-03-30T07:30:05.697Z", "email_verification_code": "", "email_verification_sent_at": null, "email_verification_send_count": 0, "email_verification_send_date": null, "email_verification_locked_until": null, "email_verification_failed_count": 0, "email_verification_failed_date": null, "groups": [], "user_permissions": []}}, {"model": "core.user", "pk": 4, "fields": {"password": "pbkdf2_sha256$1200000$lbILas4nCTidv8UFMXIcmn$zP7WXmE9Y4S1yA3q/+e47uGu2tIgIlA6cRdw6AOd63s=", "last_login": "2026-03-26T05:00:13.561Z", "is_superuser": false, "username": "adalla1", "first_name": "Liason", "last_name": "Master", "email": "omcadalla@gmail.com", "is_staff": false, "is_active": true, "date_joined": "2026-03-25T13:05:29.250Z", "role": "nurse", "profile_picture": "", "phone": "adalla1", "address": "LAMBWE", "date_of_birth": "2004-06-25", "email_verified_at": "2026-03-30T07:30:05.697Z", "email_verification_code": "", "email_verification_sent_at": null, "email_verification_send_count": 0, "email_verification_send_date": null, "email_verification_locked_until": null, "email_verification_failed_count": 0, "email_verification_failed_date": null, "groups": [], "user_permissions": []}}, {"model": "core.user", "pk": 5, "fields": {"password": "pbkdf2_sha256$1200000$dXgvORSlhMK0ieSZXnJbbp$hqYStkMEHnA2FZfgQgbA3xDWVKks64tF2WVWB0rA3FM=", "last_login": "2026-03-30T18:12:04.386Z", "is_superuser": false, "username": "patient_demo", "first_name": "Grace", "last_name": "Wanjiku", "email": "patient@bayafya.local", "is_staff": false, "is_active": true, "date_joined": "2026-03-25T13:32:19.004Z", "role": "patient", "profile_picture": "", "phone": "+2547700000005", "address": "", "date_of_birth": "1988-05-16", "email_verified_at": "2026-03-30T07:30:05.697Z", "email_verification_code": "", "email_verification_sent_at": null, "email_verification_send_count": 0, "email_verification_send_date": null, "email_verification_locked_until": null, "email_verification_failed_count": 0, "email_verification_failed_date": null, "groups": [], "user_permissions": []}}, {"model": "core.user", "pk": 6, "fields": {"password": "pbkdf2_sha256$1200000$C7DyAilw7BiR8CxjVJ4Uje$utO3i+LjlnAL3AATc34R9gmLNcBUY3f4vdkMt/dlf5E=", "last_login": null, "is_superuser": false, "username": "patient_youth", "first_name": "Lina", "last_name": "Achieng", "email": "youth@bayhealth.local", "is_staff": false, "is_active": true, "date_joined": "2026-03-25T15:19:09.964Z", "role": "patient", "profile_picture": "", "phone": "", "address": "", "date_of_birth": "2013-09-03", "email_verified_at": "2026-03-30T07:30:05.697Z", "email_verification_code": "", "email_verification_sent_at": null, "email_verification_send_count": 0, "email_verification_send_date": null, "email_verification_locked_until": null, "email_verification_failed_count": 0, "email_verification_failed_date": null, "groups": [], "user_permissions": []}}, {"model": "core.user", "pk": 7, "fields": {"password": "pbkdf2_sha256$1200000$8qdNCqCyhPZv4GDCsKPf9D$rhvbNpFrAZFdQuW394iWxKiV+5RXwDVuIuAHGVcNwTM=", "last_login": null, "is_superuser": false, "username": "patient_senior", "first_name": "Paul", "last_name": "Kilonzo", "email": "senior@bayhealth.local", "is_staff": false, "is_active": true, "date_joined": "2026-03-25T15:19:12.688Z", "role": "patient", "profile_picture": "", "phone": "", "address": "", "date_of_birth": "1949-02-07", "email_verified_at": "2026-03-30T07:30:05.697Z", "email_verification_code": "", "email_verification_sent_at": null, "email_verification_send_count": 0, "email_verification_send_date": null, "email_verification_locked_until": null, "email_verification_failed_count": 0, "email_verification_failed_date": null, "groups": [], "user_permissions": []}}, {"model": "core.user", "pk": 8, "fields": {"password": "pbkdf2_sha256$1200000$ivflarFCwEWh3XyI1kbnmW$hDLhfO3SUIm8UJ0OyUdCqIQW7sxjeWBktmm5erwgGkk=", "last_login": "2026-03-30T18:58:32.002Z", "is_superuser": false, "username": "captainhook", "first_name": "Captain", "last_name": "Hook", "email": "captainhook@gmail.com", "is_staff": false, "is_active": true, "date_joined": "2026-03-25T17:28:44.522Z", "role": "admin", "profile_picture": "", "phone": "0711292684", "address": "Homa Bay, Homa Bay Town, Homa Bay County, Kenya", "date_of_birth": "1993-08-07", "email_verified_at": "2026-03-30T07:30:05.697Z", "email_verification_code": "", "email_verification_sent_at": null, "email_verification_send_count": 0, "email_verification_send_date": null, "email_verification_locked_until": null, "email_verification_failed_count": 0, "email_verification_failed_date": null, "groups": [], "user_permissions": []}}, {"model": "core.user", "pk": 9, "fields": {"password": "pbkdf2_sha256$1200000$VGuKDa3qAkUSUOgdv98g1K$MAH1TuqxvkOnyEXHwDT7g6+ZcLJjpswdbsfqOJIqPTI=", "last_login": "2026-03-27T16:04:27.115Z", "is_superuser": false, "username": "labtech_demo", "first_name": "Musili", "last_name": "Musili", "email": "receptionist_demo@gmail.com", "is_staff": false, "is_active": true, "date_joined": "2026-03-26T06:47:36.390Z", "role": "receptionist", "profile_picture": "", "phone": "0719463910", "address": "Homa Bay, Homa Bay Town, Homa Bay County, Kenya", "date_of_birth": "2002-07-26", "email_verified_at": "2026-03-30T07:30:05.697Z", "email_verification_code": "", "email_verification_sent_at": null, "email_verification_send_count": 0, "email_verification_send_date": null, "email_verification_locked_until": null, "email_verification_failed_count": 0, "email_verification_failed_date": null, "groups": [], "user_permissions": []}}, {"model": "core.user", "pk": 10, "fields": {"password": "pbkdf2_sha256$1200000$A90HgFhAXenRNj4XIbFBRT$/cfvT90B1u8Dr9pH+7iIDCeE82O+7ZrghlCP8KaZY14=", "last_login": null, "is_superuser": false, "username": "hooks_patient_01", "first_name": "Miriam", "last_name": "Njeri", "email": "hooks_patient_01@bayafya.local", "is_staff": false, "is_active": true, "date_joined": "2026-03-26T07:56:09.487Z", "role": "patient", "profile_picture": "", "phone": "+2547700000010", "address": "", "date_of_birth": "1991-04-12", "email_verified_at": "2026-03-30T07:30:05.697Z", "email_verification_code": "", "email_verification_sent_at": null, "email_verification_send_count": 0, "email_verification_send_date": null, "email_verification_locked_until": null, "email_verification_failed_count": 0, "email_verification_failed_date": null, "groups": [], "user_permissions": []}}, {"model": "core.user", "pk": 11, "fields": {"password": "pbkdf2_sha256$1200000$r8DxRxgxQDnWnYmTETW61W$VxJbiajAVWgY7FO/U3UhlRtj6VWhw3DPtjsyGZVj/jc=", "last_login": null, "is_superuser": false, "username": "hooks_patient_02", "first_name": "David", "last_name": "Mwangi", "email": "hooks_patient_02@bayafya.local", "is_staff": false, "is_active": true, "date_joined": "2026-03-26T07:56:13.557Z", "role": "patient", "profile_picture": "", "phone": "+2547700000011", "address": "", "date_of_birth": "1978-11-02", "email_verified_at": "2026-03-30T07:30:05.697Z", "email_verification_code": "", "email_verification_sent_at": null, "email_verification_send_count": 0, "email_verification_send_date": null, "email_verification_locked_until": null, "email_verification_failed_count": 0, "email_verification_failed_date": null, "groups": [], "user_permissions": []}}, {"model": "core.user", "pk": 12, "fields": {"password": "pbkdf2_sha256$1200000$mx9e60XcHI9atR2eOfgjmF$HPpbpUQtFkam1R7YEMtvxv3bjsOJdetD1HDhPbJjuxw=", "last_login": null, "is_superuser": false, "username": "hooks_patient_03", "first_name": "Aisha", "last_name": "Karemi", "email": "hooks_patient_03@bayafya.local", "is_staff": false, "is_active": true, "date_joined": "2026-03-26T07:56:16.319Z", "role": "patient", "profile_picture": "", "phone": "+2547700000012", "address": "", "date_of_birth": "2004-07-28", "email_verified_at": "2026-03-30T07:30:05.697Z", "email_verification_code": "", "email_verification_sent_at": null, "email_verification_send_count": 0, "email_verification_send_date": null, "email_verification_locked_until": null, "email_verification_failed_count": 0, "email_verification_failed_date": null, "groups": [], "user_permissions": []}}, {"model": "core.user", "pk": 13, "fields": {"password": "pbkdf2_sha256$1200000$70IsbGPXOPrcgrkuscEHtT$P8k8wLlhmm81EoVj/ZpSHPdqKa+oK/F7MwEtLu3xKnc=", "last_login": null, "is_superuser": false, "username": "hooks_patient_04", "first_name": "Peter", "last_name": "Odhiambo", "email": "hooks_patient_04@bayafya.local", "is_staff": false, "is_active": true, "date_joined": "2026-03-26T07:56:19.628Z", "role": "patient", "profile_picture": "", "phone": "+2547700000013", "address": "", "date_of_birth": "1968-01-19", "email_verified_at": "2026-03-30T07:30:05.697Z", "email_verification_code": "", "email_verification_sent_at": null, "email_verification_send_count": 0, "email_verification_send_date": null, "email_verification_locked_until": null, "email_verification_failed_count": 0, "email_verification_failed_date": null, "groups": [], "user_permissions": []}}, {"model": "core.user", "pk": 14, "fields": {"password": "pbkdf2_sha256$1200000$OUheP5CM4Mow7n4IWhyrvl$wfaKqgIRsZ8egrS7xZHq1nMh1j32im1stQJ+qsGky3s=", "last_login": null, "is_superuser": false, "username": "hooks_patient_05", "first_name": "Lydia", "last_name": "Atieno", "email": "hooks_patient_05@bayafya.local", "is_staff": false, "is_active": true, "date_joined": "2026-03-26T07:56:23.084Z", "role": "patient", "profile_picture": "", "phone": "+2547700000014", "address": "", "date_of_birth": "2019-08-05", "email_verified_at": "2026-03-30T07:30:05.697Z", "email_verification_code": "", "email_verification_sent_at": null, "email_verification_send_count": 0, "email_verification_send_date": null, "email_verification_locked_until": null, "email_verification_failed_count": 0, "email_verification_failed_date": null, "groups": [], "user_permissions": []}}, {"model": "core.user", "pk": 15, "fields": {"password": "pbkdf2_sha256$1200000$I54mCXpTiGIXnlb9r8uges$nKt2HA75sU5UpqaxReZVGbYwg2YC51HGOyxTcNfCj9s=", "last_login": null, "is_superuser": false, "username": "hooks_patient_06", "first_name": "Joseph", "last_name": "Mutiso", "email": "hooks_patient_06@bayafya.local", "is_staff": false, "is_active": true, "date_joined": "2026-03-26T07:56:28.017Z", "role": "patient", "profile_picture": "", "phone": "+2547700000015", "address": "", "date_of_birth": "1985-06-14", "email_verified_at": "2026-03-30T07:30:05.697Z", "email_verification_code": "", "email_verification_sent_at": null, "email_verification_send_count": 0, "email_verification_send_date": null, "email_verification_locked_until": null, "email_verification_failed_count": 0, "email_verification_failed_date": null, "groups": [], "user_permissions": []}}, {"model": "core.user", "pk": 16, "fields": {"password": "pbkdf2_sha256$1200000$F6hZuUVuHo23OPeEkYrpXl$WOMAgS3Kfwukf9WURawM5BsTvuuOjzCLxeHabD44p1c=", "last_login": null, "is_superuser": false, "username": "hooks_patient_07", "first_name": "Hilda", "last_name": "Wairimu", "email": "hooks_patient_07@bayafya.local", "is_staff": false, "is_active": true, "date_joined": "2026-03-26T07:56:32.980Z", "role": "patient", "profile_picture": "", "phone": "+2547700000016", "address": "", "date_of_birth": "1959-03-22", "email_verified_at": "2026-03-30T07:30:05.697Z", "email_verification_code": "", "email_verification_sent_at": null, "email_verification_send_count": 0, "email_verification_send_date": null, "email_verification_locked_until": null, "email_verification_failed_count": 0, "email_verification_failed_date": null, "groups": [], "user_permissions": []}}, {"model": "core.user", "pk": 17, "fields": {"password": "pbkdf2_sha256$1200000$g41Nohokqt9a1PSbIKGX9i$ISQp9PflcApb2S9uiOjlhtLmnvGq4APmEf+DkG5t+D0=", "last_login": null, "is_superuser": false, "username": "hooks_patient_08", "first_name": "Brian", "last_name": "Kiptoo", "email": "hooks_patient_08@bayafya.local", "is_staff": false, "is_active": true, "date_joined": "2026-03-26T07:56:36.743Z", "role": "patient", "profile_picture": "", "phone": "+2547700000017", "address": "", "date_of_birth": "1996-09-30", "email_verified_at": "2026-03-30T07:30:05.697Z", "email_verification_code": "", "email_verification_sent_at": null, "email_verification_send_count": 0, "email_verification_send_date": null, "email_verification_locked_until": null, "email_verification_failed_count": 0, "email_verification_failed_date": null, "groups": [], "user_permissions": []}}, {"model": "core.user", "pk": 18, "fields": {"password": "pbkdf2_sha256$1200000$WeR0v5MIxPXHyxLaq72WPG$xRlSr8qY0kFIrvkrHPeCxO9uM0qxQBv1XjGmx4kOMz4=", "last_login": null, "is_superuser": false, "username": "hooks_patient_09", "first_name": "Sarah", "last_name": "Chebet", "email": "hooks_patient_09@bayafya.local", "is_staff": false, "is_active": true, "date_joined": "2026-03-26T07:56:40.350Z", "role": "patient", "profile_picture": "", "phone": "+2547700000018", "address": "", "date_of_birth": "1988-12-09", "email_verified_at": "2026-03-30T07:30:05.697Z", "email_verification_code": "", "email_verification_sent_at": null, "email_verification_send_count": 0, "email_verification_send_date": null, "email_verification_locked_until": null, "email_verification_failed_count": 0, "email_verification_failed_date": null, "groups": [], "user_permissions": []}}, {"model": "core.user", "pk": 19, "fields": {"password": "pbkdf2_sha256$1200000$sGXfXbXG6PI4XglEgUrxf0$uzZQBSBfw8htLQVQvNSde9p1csCxLQFOvDCb0h0fI4c=", "last_login": null, "is_superuser": false, "username": "hooks_patient_10", "first_name": "Noah", "last_name": "Kamau", "email": "hooks_patient_10@bayafya.local", "is_staff": false, "is_active": true, "date_joined": "2026-03-26T07:56:43.565Z", "role": "patient", "profile_picture": "", "phone": "+2547700000019", "address": "", "date_of_birth": "2025-03-25", "email_verified_at": "2026-03-30T07:30:05.697Z", "email_verification_code": "", "email_verification_sent_at": null, "email_verification_send_count": 0, "email_verification_send_date": null, "email_verification_locked_until": null, "email_verification_failed_count": 0, "email_verification_failed_date": null, "groups": [], "user_permissions": []}}, {"model": "core.user", "pk": 20, "fields": {"password": "pbkdf2_sha256$1200000$YZTIm4IPJM8t6OBmFm0P4M$UYaVYQSDcReJxMexAT6R32KO8uHqKFLBckk/a44Y7IU=", "last_login": null, "is_superuser": false, "username": "owner_demo", "first_name": "Captain", "last_name": "Hook", "email": "owner_demo@bayafya.local", "is_staff": true, "is_active": true, "date_joined": "2026-03-27T16:37:12.101Z", "role": "admin", "profile_picture": "", "phone": "+2547700000020", "address": "", "date_of_birth": "1983-02-04", "email_verified_at": "2026-03-30T07:30:05.697Z", "email_verification_code": "", "email_verification_sent_at": null, "email_verification_send_count": 0, "email_verification_send_date": null, "email_verification_locked_until": null, "email_verification_failed_count": 0, "email_verification_failed_date": null, "groups": [], "user_permissions": []}}, {"model": "core.user", "pk": 21, "fields": {"password": "pbkdf2_sha256$1200000$IU9anMqg9NcmEJZNU9AcOC$E1+91ygI0Zu3cKouWUaKwJKQfjdVteRXJdSogOM0S48=", "last_login": null, "is_superuser": false, "username": "owner1_demo", "first_name": "Martha", "last_name": "Hook", "email": "owner1_demo@bayafya.local", "is_staff": true, "is_active": true, "date_joined": "2026-03-27T16:37:18.884Z", "role": "admin", "profile_picture": "", "phone": "+2547700000021", "address": "", "date_of_birth": "1984-03-05", "email_verified_at": "2026-03-30T07:30:05.697Z", "email_verification_code": "", "email_verification_sent_at": null, "email_verification_send_count": 0, "email_verification_send_date": null, "email_verification_locked_until": null, "email_verification_failed_count": 0, "email_verification_failed_date": null, "groups": [], "user_permissions": []}}, {"model": "core.user", "pk": 22, "fields": {"password": "pbkdf2_sha256$1200000$MCG7TTGhEzeIZ8lq9FWPSG$k/6WiK2ZqbLgioONGOQUAh/Jq+uEDAGCjxjW88nKXqo=", "last_login": "2026-03-30T18:29:32.227Z", "is_superuser": false, "username": "admin_demo", "first_name": "Harriet", "last_name": "Limo", "email": "admin_demo@bayafya.local", "is_staff": true, "is_active": true, "date_joined": "2026-03-27T16:37:24.633Z", "role": "admin", "profile_picture": "", "phone": "+2547700000022", "address": "", "date_of_birth": "1983-02-04", "email_verified_at": "2026-03-30T07:30:05.697Z", "email_verification_code": "", "email_verification_sent_at": null, "email_verification_send_count": 0, "email_verification_send_date": null, "email_verification_locked_until": null, "email_verification_failed_count": 0, "email_verification_failed_date": null, "groups": [], "user_permissions": []}}, {"model": "core.user", "pk": 23, "fields": {"password": "pbkdf2_sha256$1200000$fSzg3Wo0zZtLPFNk8SQE5v$lKT0CuG52G2SkYiM1WQZdSBfMMfGBZ42UnBT9Bs91IY=", "last_login": null, "is_superuser": false, "username": "admin1_demo", "first_name": "James", "last_name": "Maina", "email": "admin1_demo@bayafya.local", "is_staff": true, "is_active": true, "date_joined": "2026-03-27T16:37:30.468Z", "role": "admin", "profile_picture": "", "phone": "+2547700000023", "address": "", "date_of_birth": "1984-03-05", "email_verified_at": "2026-03-30T07:30:05.697Z", "email_verification_code": "", "email_verification_sent_at": null, "email_verification_send_count": 0, "email_verification_send_date": null, "email_verification_locked_until": null, "email_verification_failed_count": 0, "email_verification_failed_date": null, "groups": [], "user_permissions": []}}, {"model": "core.user", "pk": 24, "fields": {"password": "pbkdf2_sha256$1200000$jnGwvJPYGAZebUyX7zZ4Qw$If7rZSXtWpdxGJQS5PO2TGKqfAz5DNN00c4rxyLlnE4=", "last_login": "2026-03-30T18:26:10.964Z", "is_superuser": false, "username": "doctor1_demo", "first_name": "Samson", "last_name": "Kariuki", "email": "doctor1_demo@bayafya.local", "is_staff": false, "is_active": true, "date_joined": "2026-03-27T16:37:41.548Z", "role": "doctor", "profile_picture": "", "phone": "+2547700000024", "address": "", "date_of_birth": "1984-03-05", "email_verified_at": "2026-03-30T07:30:05.697Z", "email_verification_code": "", "email_verification_sent_at": null, "email_verification_send_count": 0, "email_verification_send_date": null, "email_verification_locked_until": null, "email_verification_failed_count": 0, "email_verification_failed_date": null, "groups": [], "user_permissions": []}}, {"model": "core.user", "pk": 25, "fields": {"password": "pbkdf2_sha256$1200000$DCwCwzPIa8XoQyd7l98Maj$B4tMtZQ+wXAscqMEu54ceSfwvgMnRs0tHbq5oJfMvUc=", "last_login": "2026-03-29T08:50:42.845Z", "is_superuser": false, "username": "nurse_demo", "first_name": "Lydia", "last_name": "Naliaka", "email": "nurse_demo@bayafya.local", "is_staff": false, "is_active": true, "date_joined": "2026-03-27T16:37:52.677Z", "role": "nurse", "profile_picture": "", "phone": "+2547700000025", "address": "", "date_of_birth": "1983-02-04", "email_verified_at": "2026-03-30T07:30:05.697Z", "email_verification_code": "", "email_verification_sent_at": null, "email_verification_send_count": 0, "email_verification_send_date": null, "email_verification_locked_until": null, "email_verification_failed_count": 0, "email_verification_failed_date": null, "groups": [], "user_permissions": []}}, {"model": "core.user", "pk": 26, "fields": {"password": "pbkdf2_sha256$1200000$fxbShMeADOfg7xNjxyCnBk$c5F0RZrHoYSdcw8lkTguxBstCKGfkj6gegb/+SJxif4=", "last_login": null, "is_superuser": false, "username": "nurse1_demo", "first_name": "Brenda", "last_name": "Muthoni", "email": "nurse1_demo@bayafya.local", "is_staff": false, "is_active": true, "date_joined": "2026-03-27T16:38:01.389Z", "role": "nurse", "profile_picture": "", "phone": "+2547700000026", "address": "", "date_of_birth": "1984-03-05", "email_verified_at": "2026-03-30T07:30:05.697Z", "email_verification_code": "", "email_verification_sent_at": null, "email_verification_send_count": 0, "email_verification_send_date": null, "email_verification_locked_until": null, "email_verification_failed_count": 0, "email_verification_failed_date": null, "groups": [], "user_permissions": []}}, {"model": "core.user", "pk": 27, "fields": {"password": "pbkdf2_sha256$1200000$k8ensND7eCGJOfiLPtCvCZ$NkH52s8/eKAOPy9GDgd5hzgO0v96ehoR5mIaQHj4taQ=", "last_login": "2026-03-27T17:51:27.603Z", "is_superuser": false, "username": "receptionist_demo", "first_name": "Mercy", "last_name": "Achieng", "email": "receptionist_demo@bayafya.local", "is_staff": false, "is_active": true, "date_joined": "2026-03-27T16:38:06.380Z", "role": "receptionist", "profile_picture": "", "phone": "+2547700000027", "address": "", "date_of_birth": "1983-02-04", "email_verified_at": "2026-03-30T07:30:05.697Z", "email_verification_code": "", "email_verification_sent_at": null, "email_verification_send_count": 0, "email_verification_send_date": null, "email_verification_locked_until": null, "email_verification_failed_count": 0, "email_verification_failed_date": null, "groups": [], "user_permissions": []}}, {"model": "core.user", "pk": 28, "fields": {"password": "pbkdf2_sha256$1200000$oIg5peC8FzO4puKrFPm4iy$kQZcGBdpen0jHEolm4x9UI0E0zr1yFP5dthhwfGmafw=", "last_login": null, "is_superuser": false, "username": "receptionist1_demo", "first_name": "Kevin", "last_name": "Barasa", "email": "receptionist1_demo@bayafya.local", "is_staff": false, "is_active": true, "date_joined": "2026-03-27T16:38:11.891Z", "role": "receptionist", "profile_picture": "", "phone": "+2547700000028", "address": "", "date_of_birth": "1984-03-05", "email_verified_at": "2026-03-30T07:30:05.697Z", "email_verification_code": "", "email_verification_sent_at": null, "email_verification_send_count": 0, "email_verification_send_date": null, "email_verification_locked_until": null, "email_verification_failed_count": 0, "email_verification_failed_date": null, "groups": [], "user_permissions": []}}, {"model": "core.user", "pk": 29, "fields": {"password": "pbkdf2_sha256$1200000$Cbg7sapGjdkJM9UpU8kEeN$AbuJPayk1gqNntOy1MsJ5eOf2WPuINHxmg6ltbN2vfA=", "last_login": null, "is_superuser": false, "username": "lab_technician_demo", "first_name": "Nixon", "last_name": "Mwenda", "email": "lab_technician_demo@bayafya.local", "is_staff": false, "is_active": true, "date_joined": "2026-03-27T16:38:16.510Z", "role": "lab_technician", "profile_picture": "", "phone": "+2547700000029", "address": "", "date_of_birth": "1983-02-04", "email_verified_at": "2026-03-30T07:30:05.697Z", "email_verification_code": "", "email_verification_sent_at": null, "email_verification_send_count": 0, "email_verification_send_date": null, "email_verification_locked_until": null, "email_verification_failed_count": 0, "email_verification_failed_date": null, "groups": [], "user_permissions": []}}, {"model": "core.user", "pk": 30, "fields": {"password": "pbkdf2_sha256$1200000$I7cyiX6qJjStRRXOzdk8xk$Wca2SWBQgcTzYqlNjXNGUaeXO6Upm1vTtqMpFEJKX9A=", "last_login": null, "is_superuser": false, "username": "lab_technician1_demo", "first_name": "Caren", "last_name": "Kendi", "email": "lab_technician1_demo@bayafya.local", "is_staff": false, "is_active": true, "date_joined": "2026-03-27T16:38:21.460Z", "role": "lab_technician", "profile_picture": "", "phone": "+2547700000030", "address": "", "date_of_birth": "1984-03-05", "email_verified_at": "2026-03-30T07:30:05.697Z", "email_verification_code": "", "email_verification_sent_at": null, "email_verification_send_count": 0, "email_verification_send_date": null, "email_verification_locked_until": null, "email_verification_failed_count": 0, "email_verification_failed_date": null, "groups": [], "user_permissions": []}}, {"model": "core.user", "pk": 31, "fields": {"password": "pbkdf2_sha256$1200000$KcoeOM9pER3Wc8D5X7iCUX$hSHTWcAZhpJl8GZ6NmXln4sU9GPSOjc6NVLFOPztKnY=", "last_login": null, "is_superuser": false, "username": "pharmacist_demo", "first_name": "Diana", "last_name": "Chebet", "email": "pharmacist_demo@bayafya.local", "is_staff": false, "is_active": true, "date_joined": "2026-03-27T16:40:01.239Z", "role": "pharmacist", "profile_picture": "", "phone": "+2547700000031", "address": "", "date_of_birth": "1983-02-04", "email_verified_at": "2026-03-30T07:30:05.697Z", "email_verification_code": "", "email_verification_sent_at": null, "email_verification_send_count": 0, "email_verification_send_date": null, "email_verification_locked_until": null, "email_verification_failed_count": 0, "email_verification_failed_date": null, "groups": [], "user_permissions": []}}, {"model": "core.user", "pk": 32, "fields": {"password": "pbkdf2_sha256$1200000$yVIraJsCnREgqFg6QFr59h$T3eqMqRRnsR7ujwLGG61QhX/WJu+eQc1nxCTjJGJ+/I=", "last_login": null, "is_superuser": false, "username": "pharmacist1_demo", "first_name": "Tom", "last_name": "Mutua", "email": "pharmacist1_demo@bayafya.local", "is_staff": false, "is_active": true, "date_joined": "2026-03-27T16:40:03.682Z", "role": "pharmacist", "profile_picture": "", "phone": "+2547700000032", "address": "", "date_of_birth": "1984-03-05", "email_verified_at": "2026-03-30T07:30:05.697Z", "email_verification_code": "", "email_verification_sent_at": null, "email_verification_send_count": 0, "email_verification_send_date": null, "email_verification_locked_until": null, "email_verification_failed_count": 0, "email_verification_failed_date": null, "groups": [], "user_permissions": []}}, {"model": "core.user", "pk": 33, "fields": {"password": "pbkdf2_sha256$1200000$Hv65IdlDWXVL4d2Cy8Shr4$KYXg3FpsLijpJFXVcHKeN3lmSF5lCrLDt8NcDfkKs9Y=", "last_login": null, "is_superuser": false, "username": "counselor_demo", "first_name": "Faith", "last_name": "Wambui", "email": "counselor_demo@bayafya.local", "is_staff": false, "is_active": true, "date_joined": "2026-03-27T16:40:09.234Z", "role": "counselor", "profile_picture": "", "phone": "+2547700000033", "address": "", "date_of_birth": "1983-02-04", "email_verified_at": "2026-03-30T07:30:05.697Z", "email_verification_code": "", "email_verification_sent_at": null, "email_verification_send_count": 0, "email_verification_send_date": null, "email_verification_locked_until": null, "email_verification_failed_count": 0, "email_verification_failed_date": null, "groups": [], "user_permissions": []}}, {"model": "core.user", "pk": 34, "fields": {"password": "pbkdf2_sha256$1200000$SXJQNry4QQg3t0ewZNhulQ$OC733UgpufT7a5aO9vtrYo2vdhqIQGGDRcwsVbwSDD0=", "last_login": null, "is_superuser": false, "username": "counselor1_demo", "first_name": "Ian", "last_name": "Okello", "email": "counselor1_demo@bayafya.local", "is_staff": false, "is_active": true, "date_joined": "2026-03-27T16:40:14.259Z", "role": "counselor", "profile_picture": "", "phone": "+2547700000034", "address": "", "date_of_birth": "1984-03-05", "email_verified_at": "2026-03-30T07:30:05.697Z", "email_verification_code": "", "email_verification_sent_at": null, "email_verification_send_count": 0, "email_verification_send_date": null, "email_verification_locked_until": null, "email_verification_failed_count": 0, "email_verification_failed_date": null, "groups": [], "user_permissions": []}}, {"model": "core.user", "pk": 35, "fields": {"password": "pbkdf2_sha256$1200000$YRothRPmYqQiVV4u5XSw6c$oW3q/iYtFPerGCY644fLH02V7SJP8Aesws/PMH+rNdU=", "last_login": null, "is_superuser": false, "username": "emergency_operator_demo", "first_name": "Victor", "last_name": "Koech", "email": "emergency_operator_demo@bayafya.local", "is_staff": false, "is_active": true, "date_joined": "2026-03-27T16:40:19.363Z", "role": "emergency_operator", "profile_picture": "", "phone": "+2547700000035", "address": "", "date_of_birth": "1983-02-04", "email_verified_at": "2026-03-30T07:30:05.697Z", "email_verification_code": "", "email_verification_sent_at": null, "email_verification_send_count": 0, "email_verification_send_date": null, "email_verification_locked_until": null, "email_verification_failed_count": 0, "email_verification_failed_date": null, "groups": [], "user_permissions": []}}, {"model": "core.user", "pk": 36, "fields": {"password": "pbkdf2_sha256$1200000$fyC0PuaD1jkeiJKaNKSnYv$iXNh5KQAH2SCeHG9OOPPu+KKD4AX+TW9n0FJhPy5H5w=", "last_login": null, "is_superuser": false, "username": "emergency_operator1_demo", "first_name": "Sharon", "last_name": "Mumo", "email": "emergency_operator1_demo@bayafya.local", "is_staff": false, "is_active": true, "date_joined": "2026-03-27T16:40:21.815Z", "role": "emergency_operator", "profile_picture": "", "phone": "+2547700000036", "address": "", "date_of_birth": "1984-03-05", "email_verified_at": "2026-03-30T07:30:05.697Z", "email_verification_code": "", "email_verification_sent_at": null, "email_verification_send_count": 0, "email_verification_send_date": null, "email_verification_locked_until": null, "email_verification_failed_count": 0, "email_verification_failed_date": null, "groups": [], "user_permissions": []}}, {"model": "core.user", "pk": 37, "fields": {"password": "pbkdf2_sha256$1200000$dEbS9fjlo0ANMBkrMwJOGg$8jYxyz89nswQoOt5B5iGD2oZ+/ikjb0E6HD4IaqYkLI=", "last_login": null, "is_superuser": false, "username": "hooks_patient_11", "first_name": "Janet", "last_name": "Makena", "email": "hooks_patient_11@bayafya.local", "is_staff": false, "is_active": true, "date_joined": "2026-03-27T16:41:09.135Z", "role": "patient", "profile_picture": "", "phone": "+2547700000037", "address": "", "date_of_birth": "1982-02-16", "email_verified_at": "2026-03-30T07:30:05.697Z", "email_verification_code": "", "email_verification_sent_at": null, "email_verification_send_count": 0, "email_verification_send_date": null, "email_verification_locked_until": null, "email_verification_failed_count": 0, "email_verification_failed_date": null, "groups": [], "user_permissions": []}}, {"model": "core.user", "pk": 38, "fields": {"password": "pbkdf2_sha256$1200000$uCjY2tcPonLWiMB6ShqALO$6UO23icqos8lDMDFJi/lWI6w0G2RJUHzvRJySEB1ryM=", "last_login": null, "is_superuser": false, "username": "hooks_patient_12", "first_name": "Collins", "last_name": "Muriuki", "email": "hooks_patient_12@bayafya.local", "is_staff": false, "is_active": true, "date_joined": "2026-03-27T16:41:15.022Z", "role": "patient", "profile_picture": "", "phone": "+2547700000038", "address": "", "date_of_birth": "1971-10-03", "email_verified_at": "2026-03-30T07:30:05.697Z", "email_verification_code": "", "email_verification_sent_at": null, "email_verification_send_count": 0, "email_verification_send_date": null, "email_verification_locked_until": null, "email_verification_failed_count": 0, "email_verification_failed_date": null, "groups": [], "user_permissions": []}}, {"model": "core.user", "pk": 39, "fields": {"password": "pbkdf2_sha256$1200000$or3xPHisnLJ3cPTtthVJQh$u9xHSArderJsuZpo08sff65KNxS3pja4HWhqJZYgLSk=", "last_login": "2026-03-31T04:34:10.054Z", "is_superuser": true, "username": "adallapete", "first_name": "Adalla", "last_name": "Omondi", "email": "adallapete@proton.me", "is_staff": true, "is_active": true, "date_joined": "2026-03-29T08:45:33.674Z", "role": "patient", "profile_picture": "", "phone": "0719465910", "address": "Homa Bay, Homa Bay Town, Homa Bay County, Kenya", "date_of_birth": "1995-02-24", "email_verified_at": "2026-03-30T07:30:05.697Z", "email_verification_code": "", "email_verification_sent_at": null, "email_verification_send_count": 0, "email_verification_send_date": null, "email_verification_locked_until": null, "email_verification_failed_count": 0, "email_verification_failed_date": null, "groups": [], "user_permissions": []}}, {"model": "core.user", "pk": 40, "fields": {"password": "pbkdf2_sha256$1200000$cbU3yhMJFhOkmQSs9Dq6jd$Y6ZG1VnH2tRUTkU5YywvgMTgRAK70SITuoLww8M3YPw=", "last_login": "2026-03-30T12:54:41.432Z", "is_superuser": false, "username": "beandbe09", "first_name": "Peter", "last_name": "Master", "email": "beandbe09@gmail.com", "is_staff": false, "is_active": true, "date_joined": "2026-03-30T07:50:12.486Z", "role": "pharmacist", "profile_picture": "", "phone": "0719463910", "address": "Homa Bay, Homa Bay Town, Homa Bay County, Kenya", "date_of_birth": "2003-02-06", "email_verified_at": "2026-03-30T09:01:22.720Z", "email_verification_code": "", "email_verification_sent_at": null, "email_verification_send_count": 0, "email_verification_send_date": null, "email_verification_locked_until": null, "email_verification_failed_count": 0, "email_verification_failed_date": null, "groups": [], "user_permissions": []}}, {"model": "core.user", "pk": 41, "fields": {"password": "pbkdf2_sha256$1200000$KJUu5tVJtY5IrY3JdESxVL$1BdVW+mXIGiouEufWV6hEQpw7zLF/43TWpvvVgwLb5g=", "last_login": "2026-03-30T19:52:08.350Z", "is_superuser": false, "username": "adallapetebay", "first_name": "Liason", "last_name": "Omondi", "email": "00peteromondi@gmail.com", "is_staff": false, "is_active": true, "date_joined": "2026-03-30T19:49:48.737Z", "role": "patient", "profile_picture": "", "phone": "0719263910", "address": "Homa Bay, Homa Bay Town, Homa Bay County, Kenya", "date_of_birth": "1994-06-24", "email_verified_at": "2026-03-30T19:51:49.308Z", "email_verification_code": "", "email_verification_sent_at": null, "email_verification_send_count": 1, "email_verification_send_date": "2026-03-30", "email_verification_locked_until": null, "email_verification_failed_count": 0, "email_verification_failed_date": "2026-03-30", "groups": [], "user_permissions": []}}, {"model": "core.notification", "pk": 1, "fields": {"user": 3, "title": "Appointment booked", "message": "Your appointment with Dr. Amina Otieno is booked for 2026-03-26 at 15:55:00.", "is_read": true, "created_at": "2026-03-25T11:50:58.268Z"}}, {"model": "core.notification", "pk": 2, "fields": {"user": 2, "title": "New appointment request", "message": "Liason Master booked a consultation for 2026-03-26.", "is_read": true, "created_at": "2026-03-25T11:50:58.274Z"}}, {"model": "core.notification", "pk": 3, "fields": {"user": 3, "title": "Appointment updated", "message": "Your appointment status is now cancelled.", "is_read": false, "created_at": "2026-03-25T13:00:22.007Z"}}, {"model": "core.notification", "pk": 4, "fields": {"user": 10, "title": "Appointment booked", "message": "Your appointment with Dr. Amina Otieno is booked for 2026-03-28 at 09:00:00.", "is_read": false, "created_at": "2026-03-27T16:44:29.063Z"}}, {"model": "core.notification", "pk": 5, "fields": {"user": 2, "title": "New appointment request", "message": "Miriam Njeri booked a consultation for 2026-03-28.", "is_read": false, "created_at": "2026-03-27T16:44:31.023Z"}}, {"model": "core.notification", "pk": 6, "fields": {"user": 10, "title": "Billing generated", "message": "A billing record of 95.00 has been generated for your care episode.", "is_read": false, "created_at": "2026-03-27T16:44:31.697Z"}}, {"model": "core.notification", "pk": 7, "fields": {"user": 10, "title": "Pharmacy order created", "message": "Your order #1 has been submitted for processing.", "is_read": false, "created_at": "2026-03-27T16:44:34.665Z"}}, {"model": "core.notification", "pk": 8, "fields": {"user": 11, "title": "Appointment booked", "message": "Your appointment with Dr. Samson Kariuki is booked for 2026-03-29 at 10:00:00.", "is_read": false, "created_at": "2026-03-27T16:44:36.651Z"}}, {"model": "core.notification", "pk": 9, "fields": {"user": 24, "title": "New appointment request", "message": "David Mwangi booked a consultation for 2026-03-29.", "is_read": false, "created_at": "2026-03-27T16:44:36.822Z"}}, {"model": "core.notification", "pk": 10, "fields": {"user": 11, "title": "Pharmacy order created", "message": "Your order #2 has been submitted for processing.", "is_read": false, "created_at": "2026-03-27T16:44:38.555Z"}}, {"model": "core.notification", "pk": 11, "fields": {"user": 12, "title": "Appointment booked", "message": "Your appointment with Dr. Amina Otieno is booked for 2026-03-30 at 11:00:00.", "is_read": false, "created_at": "2026-03-27T16:44:40.418Z"}}, {"model": "core.notification", "pk": 12, "fields": {"user": 2, "title": "New appointment request", "message": "Aisha Karemi booked a consultation for 2026-03-30.", "is_read": false, "created_at": "2026-03-27T16:44:40.543Z"}}, {"model": "core.notification", "pk": 13, "fields": {"user": 12, "title": "Billing generated", "message": "A billing record of 95.00 has been generated for your care episode.", "is_read": false, "created_at": "2026-03-27T16:44:41.053Z"}}, {"model": "core.notification", "pk": 14, "fields": {"user": 12, "title": "Pharmacy order created", "message": "Your order #3 has been submitted for processing.", "is_read": false, "created_at": "2026-03-27T16:44:42.925Z"}}, {"model": "core.notification", "pk": 15, "fields": {"user": 13, "title": "Appointment booked", "message": "Your appointment with Dr. Samson Kariuki is booked for 2026-03-31 at 12:00:00.", "is_read": false, "created_at": "2026-03-27T16:44:44.449Z"}}, {"model": "core.notification", "pk": 16, "fields": {"user": 24, "title": "New appointment request", "message": "Peter Odhiambo booked a consultation for 2026-03-31.", "is_read": false, "created_at": "2026-03-27T16:44:44.568Z"}}, {"model": "core.notification", "pk": 17, "fields": {"user": 13, "title": "Pharmacy order created", "message": "Your order #4 has been submitted for processing.", "is_read": false, "created_at": "2026-03-27T16:44:46.727Z"}}, {"model": "core.notification", "pk": 18, "fields": {"user": 14, "title": "Appointment booked", "message": "Your appointment with Dr. Amina Otieno is booked for 2026-03-28 at 13:00:00.", "is_read": false, "created_at": "2026-03-27T16:44:48.543Z"}}, {"model": "core.notification", "pk": 19, "fields": {"user": 2, "title": "New appointment request", "message": "Lydia Atieno booked a consultation for 2026-03-28.", "is_read": false, "created_at": "2026-03-27T16:44:48.731Z"}}, {"model": "core.notification", "pk": 20, "fields": {"user": 14, "title": "Billing generated", "message": "A billing record of 95.00 has been generated for your care episode.", "is_read": false, "created_at": "2026-03-27T16:44:49.513Z"}}, {"model": "core.notification", "pk": 21, "fields": {"user": 14, "title": "Pharmacy order created", "message": "Your order #5 has been submitted for processing.", "is_read": false, "created_at": "2026-03-27T16:44:51.119Z"}}, {"model": "core.notification", "pk": 22, "fields": {"user": 15, "title": "Appointment booked", "message": "Your appointment with Dr. Samson Kariuki is booked for 2026-03-29 at 14:00:00.", "is_read": false, "created_at": "2026-03-27T16:44:52.422Z"}}, {"model": "core.notification", "pk": 23, "fields": {"user": 24, "title": "New appointment request", "message": "Joseph Mutiso booked a consultation for 2026-03-29.", "is_read": false, "created_at": "2026-03-27T16:44:52.585Z"}}, {"model": "core.notification", "pk": 24, "fields": {"user": 16, "title": "Appointment booked", "message": "Your appointment with Dr. Amina Otieno is booked for 2026-03-30 at 09:00:00.", "is_read": false, "created_at": "2026-03-27T16:44:54.936Z"}}, {"model": "core.notification", "pk": 25, "fields": {"user": 2, "title": "New appointment request", "message": "Hilda Wairimu booked a consultation for 2026-03-30.", "is_read": false, "created_at": "2026-03-27T16:44:55.079Z"}}, {"model": "core.notification", "pk": 26, "fields": {"user": 16, "title": "Billing generated", "message": "A billing record of 95.00 has been generated for your care episode.", "is_read": false, "created_at": "2026-03-27T16:44:55.709Z"}}, {"model": "core.notification", "pk": 27, "fields": {"user": 17, "title": "Appointment booked", "message": "Your appointment with Dr. Samson Kariuki is booked for 2026-03-31 at 10:00:00.", "is_read": false, "created_at": "2026-03-27T16:44:57.252Z"}}, {"model": "core.notification", "pk": 28, "fields": {"user": 24, "title": "New appointment request", "message": "Brian Kiptoo booked a consultation for 2026-03-31.", "is_read": false, "created_at": "2026-03-27T16:44:57.458Z"}}, {"model": "core.notification", "pk": 29, "fields": {"user": 18, "title": "Appointment booked", "message": "Your appointment with Dr. Amina Otieno is booked for 2026-03-28 at 11:00:00.", "is_read": false, "created_at": "2026-03-27T16:44:59.413Z"}}, {"model": "core.notification", "pk": 30, "fields": {"user": 2, "title": "New appointment request", "message": "Sarah Chebet booked a consultation for 2026-03-28.", "is_read": false, "created_at": "2026-03-27T16:44:59.601Z"}}, {"model": "core.notification", "pk": 31, "fields": {"user": 18, "title": "Billing generated", "message": "A billing record of 95.00 has been generated for your care episode.", "is_read": false, "created_at": "2026-03-27T16:45:00.429Z"}}, {"model": "core.notification", "pk": 32, "fields": {"user": 19, "title": "Appointment booked", "message": "Your appointment with Dr. Samson Kariuki is booked for 2026-03-29 at 12:00:00.", "is_read": false, "created_at": "2026-03-27T16:45:02.823Z"}}, {"model": "core.notification", "pk": 33, "fields": {"user": 24, "title": "New appointment request", "message": "Noah Kamau booked a consultation for 2026-03-29.", "is_read": false, "created_at": "2026-03-27T16:45:03.014Z"}}, {"model": "core.notification", "pk": 34, "fields": {"user": 37, "title": "Appointment booked", "message": "Your appointment with Dr. Amina Otieno is booked for 2026-03-30 at 13:00:00.", "is_read": false, "created_at": "2026-03-27T16:45:04.540Z"}}, {"model": "core.notification", "pk": 35, "fields": {"user": 2, "title": "New appointment request", "message": "Janet Makena booked a consultation for 2026-03-30.", "is_read": false, "created_at": "2026-03-27T16:45:04.746Z"}}, {"model": "core.notification", "pk": 36, "fields": {"user": 37, "title": "Billing generated", "message": "A billing record of 95.00 has been generated for your care episode.", "is_read": false, "created_at": "2026-03-27T16:45:05.276Z"}}, {"model": "core.notification", "pk": 37, "fields": {"user": 38, "title": "Appointment booked", "message": "Your appointment with Dr. Samson Kariuki is booked for 2026-03-31 at 14:00:00.", "is_read": false, "created_at": "2026-03-27T16:45:07.016Z"}}, {"model": "core.notification", "pk": 38, "fields": {"user": 24, "title": "New appointment request", "message": "Collins Muriuki booked a consultation for 2026-03-31.", "is_read": false, "created_at": "2026-03-27T16:45:07.182Z"}}, {"model": "core.notification", "pk": 39, "fields": {"user": 10, "title": "Billing generated", "message": "A billing record of 15.00 has been generated for your care episode.", "is_read": false, "created_at": "2026-03-27T16:45:08.289Z"}}, {"model": "core.notification", "pk": 40, "fields": {"user": 10, "title": "Billing generated", "message": "A billing record of 12.00 has been generated for your care episode.", "is_read": false, "created_at": "2026-03-27T16:45:08.578Z"}}, {"model": "core.notification", "pk": 41, "fields": {"user": 10, "title": "Billing generated", "message": "A billing record of 95.00 has been generated for your care episode.", "is_read": false, "created_at": "2026-03-27T16:45:09.239Z"}}, {"model": "core.notification", "pk": 42, "fields": {"user": 10, "title": "Billing generated", "message": "A billing record of 36.50 has been generated for your care episode.", "is_read": false, "created_at": "2026-03-27T16:45:09.681Z"}}, {"model": "core.notification", "pk": 43, "fields": {"user": 11, "title": "Billing generated", "message": "A billing record of 15.00 has been generated for your care episode.", "is_read": false, "created_at": "2026-03-27T16:45:10.599Z"}}, {"model": "core.notification", "pk": 44, "fields": {"user": 11, "title": "Billing generated", "message": "A billing record of 12.00 has been generated for your care episode.", "is_read": false, "created_at": "2026-03-27T16:45:10.841Z"}}, {"model": "core.notification", "pk": 45, "fields": {"user": 11, "title": "Billing generated", "message": "A billing record of 130.00 has been generated for your care episode.", "is_read": false, "created_at": "2026-03-27T16:45:11.516Z"}}, {"model": "core.notification", "pk": 46, "fields": {"user": 12, "title": "Billing generated", "message": "A billing record of 15.00 has been generated for your care episode.", "is_read": false, "created_at": "2026-03-27T16:45:12.339Z"}}, {"model": "core.notification", "pk": 47, "fields": {"user": 12, "title": "Billing generated", "message": "A billing record of 12.00 has been generated for your care episode.", "is_read": false, "created_at": "2026-03-27T16:45:12.660Z"}}, {"model": "core.notification", "pk": 48, "fields": {"user": 12, "title": "Billing generated", "message": "A billing record of 95.00 has been generated for your care episode.", "is_read": false, "created_at": "2026-03-27T16:45:13.526Z"}}, {"model": "core.notification", "pk": 49, "fields": {"user": 12, "title": "Billing generated", "message": "A billing record of 22.00 has been generated for your care episode.", "is_read": false, "created_at": "2026-03-27T16:45:14.226Z"}}, {"model": "core.notification", "pk": 50, "fields": {"user": 18, "title": "Billing generated", "message": "A billing record of 15.00 has been generated for your care episode.", "is_read": false, "created_at": "2026-03-27T16:45:15.101Z"}}, {"model": "core.notification", "pk": 51, "fields": {"user": 18, "title": "Billing generated", "message": "A billing record of 12.00 has been generated for your care episode.", "is_read": false, "created_at": "2026-03-27T16:45:15.408Z"}}, {"model": "core.notification", "pk": 52, "fields": {"user": 18, "title": "Billing generated", "message": "A billing record of 130.00 has been generated for your care episode.", "is_read": false, "created_at": "2026-03-27T16:45:16.199Z"}}, {"model": "core.notification", "pk": 53, "fields": {"user": 18, "title": "Billing generated", "message": "A billing record of 36.50 has been generated for your care episode.", "is_read": false, "created_at": "2026-03-27T16:45:16.689Z"}}, {"model": "core.notification", "pk": 54, "fields": {"user": 37, "title": "Billing generated", "message": "A billing record of 15.00 has been generated for your care episode.", "is_read": false, "created_at": "2026-03-27T16:45:17.745Z"}}, {"model": "core.notification", "pk": 55, "fields": {"user": 37, "title": "Billing generated", "message": "A billing record of 12.00 has been generated for your care episode.", "is_read": false, "created_at": "2026-03-27T16:45:18.160Z"}}, {"model": "core.notification", "pk": 56, "fields": {"user": 37, "title": "Billing generated", "message": "A billing record of 95.00 has been generated for your care episode.", "is_read": false, "created_at": "2026-03-27T16:45:19.093Z"}}, {"model": "core.notification", "pk": 57, "fields": {"user": 37, "title": "Billing generated", "message": "A billing record of 22.00 has been generated for your care episode.", "is_read": false, "created_at": "2026-03-27T16:45:19.782Z"}}, {"model": "core.notification", "pk": 58, "fields": {"user": 2, "title": "Walk-in lab result ready", "message": "Lab results for Janet Makena are now ready for review.", "is_read": false, "created_at": "2026-03-27T16:45:21.115Z"}}, {"model": "core.notification", "pk": 59, "fields": {"user": 37, "title": "Lab result available", "message": "Results for CBC are now available in your BayAfya record.", "is_read": false, "created_at": "2026-03-27T16:45:21.795Z"}}, {"model": "core.notification", "pk": 60, "fields": {"user": 13, "title": "Billing generated", "message": "A billing record of 150.00 has been generated for your care episode.", "is_read": false, "created_at": "2026-03-27T16:45:22.573Z"}}, {"model": "core.notification", "pk": 61, "fields": {"user": 37, "title": "Billing generated", "message": "A billing record of 150.00 has been generated for your care episode.", "is_read": false, "created_at": "2026-03-27T16:45:23.570Z"}}, {"model": "core.notification", "pk": 62, "fields": {"user": 37, "title": "Billing generated", "message": "A billing record of 35.00 has been generated for your care episode.", "is_read": false, "created_at": "2026-03-27T16:45:24.193Z"}}, {"model": "core.notification", "pk": 63, "fields": {"user": 37, "title": "Billing generated", "message": "A billing record of 25.00 has been generated for your care episode.", "is_read": false, "created_at": "2026-03-27T16:45:24.709Z"}}, {"model": "core.notification", "pk": 64, "fields": {"user": 5, "title": "Appointment booked", "message": "Your appointment with Dr. Amina Otieno is booked for 2026-03-29 at 10:00:00.", "is_read": false, "created_at": "2026-03-27T16:45:28.465Z"}}, {"model": "core.notification", "pk": 65, "fields": {"user": 2, "title": "New appointment request", "message": "Grace Wanjiku booked a consultation for 2026-03-29.", "is_read": false, "created_at": "2026-03-27T16:45:28.575Z"}}, {"model": "core.notification", "pk": 66, "fields": {"user": 5, "title": "Billing generated", "message": "A billing record of 95.00 has been generated for your care episode.", "is_read": false, "created_at": "2026-03-27T16:45:28.881Z"}}, {"model": "core.notification", "pk": 67, "fields": {"user": 10, "title": "Billing generated", "message": "A billing record of 150.00 has been generated for your care episode.", "is_read": false, "created_at": "2026-03-27T16:46:15.080Z"}}, {"model": "core.notification", "pk": 68, "fields": {"user": 5, "title": "Appointment updated", "message": "Your appointment status is now confirmed.", "is_read": false, "created_at": "2026-03-27T17:38:26.780Z"}}, {"model": "core.notification", "pk": 69, "fields": {"user": 5, "title": "Appointment updated", "message": "Your appointment status is now confirmed.", "is_read": false, "created_at": "2026-03-27T17:38:44.145Z"}}, {"model": "core.notification", "pk": 70, "fields": {"user": 31, "title": "New pharmacy task", "message": "Janet Makena has dispensing instructions waiting in Hooks Specialists.", "is_read": false, "created_at": "2026-03-27T17:50:00.727Z"}}, {"model": "core.notification", "pk": 71, "fields": {"user": 32, "title": "New pharmacy task", "message": "Janet Makena has dispensing instructions waiting in Hooks Specialists.", "is_read": false, "created_at": "2026-03-27T17:50:00.728Z"}}, {"model": "core.notification", "pk": 72, "fields": {"user": 37, "title": "Billing generated", "message": "A billing record of 95.00 has been generated for your care episode.", "is_read": false, "created_at": "2026-03-27T17:50:00.738Z"}}, {"model": "core.notification", "pk": 73, "fields": {"user": 4, "title": "Walk-in ready for triage", "message": "Sarah Chebet has been added to the walk-in queue at Hooks Specialists.", "is_read": false, "created_at": "2026-03-27T17:54:38.105Z"}}, {"model": "core.notification", "pk": 74, "fields": {"user": 25, "title": "Walk-in ready for triage", "message": "Sarah Chebet has been added to the walk-in queue at Hooks Specialists.", "is_read": false, "created_at": "2026-03-27T17:54:38.236Z"}}, {"model": "core.notification", "pk": 75, "fields": {"user": 26, "title": "Walk-in ready for triage", "message": "Sarah Chebet has been added to the walk-in queue at Hooks Specialists.", "is_read": false, "created_at": "2026-03-27T17:54:38.337Z"}}, {"model": "core.notification", "pk": 76, "fields": {"user": 10, "title": "Appointment updated", "message": "Your appointment status is now confirmed.", "is_read": false, "created_at": "2026-03-27T18:27:43.853Z"}}, {"model": "core.notification", "pk": 77, "fields": {"user": 10, "title": "Pharmacy order created", "message": "Your order #6 has been submitted for processing.", "is_read": false, "created_at": "2026-03-27T18:27:45.918Z"}}, {"model": "core.notification", "pk": 78, "fields": {"user": 11, "title": "Pharmacy order created", "message": "Your order #7 has been submitted for processing.", "is_read": false, "created_at": "2026-03-27T18:27:48.062Z"}}, {"model": "core.notification", "pk": 79, "fields": {"user": 12, "title": "Pharmacy order created", "message": "Your order #8 has been submitted for processing.", "is_read": false, "created_at": "2026-03-27T18:27:51.928Z"}}, {"model": "core.notification", "pk": 80, "fields": {"user": 13, "title": "Appointment updated", "message": "Your appointment status is now cancelled.", "is_read": false, "created_at": "2026-03-27T18:27:53.163Z"}}, {"model": "core.notification", "pk": 81, "fields": {"user": 13, "title": "Pharmacy order created", "message": "Your order #9 has been submitted for processing.", "is_read": false, "created_at": "2026-03-27T18:27:54.872Z"}}, {"model": "core.notification", "pk": 82, "fields": {"user": 14, "title": "Appointment updated", "message": "Your appointment status is now confirmed.", "is_read": false, "created_at": "2026-03-27T18:27:56.518Z"}}, {"model": "core.notification", "pk": 83, "fields": {"user": 14, "title": "Pharmacy order created", "message": "Your order #10 has been submitted for processing.", "is_read": false, "created_at": "2026-03-27T18:27:58.524Z"}}, {"model": "core.notification", "pk": 84, "fields": {"user": 17, "title": "Appointment updated", "message": "Your appointment status is now cancelled.", "is_read": false, "created_at": "2026-03-27T18:28:02.928Z"}}, {"model": "core.notification", "pk": 85, "fields": {"user": 18, "title": "Appointment updated", "message": "Your appointment status is now confirmed.", "is_read": false, "created_at": "2026-03-27T18:28:04.014Z"}}, {"model": "core.notification", "pk": 86, "fields": {"user": 38, "title": "Appointment updated", "message": "Your appointment status is now cancelled.", "is_read": false, "created_at": "2026-03-27T18:28:07.490Z"}}, {"model": "core.notification", "pk": 87, "fields": {"user": 10, "title": "Appointment updated", "message": "Your appointment status is now confirmed.", "is_read": false, "created_at": "2026-03-27T18:31:11.927Z"}}, {"model": "core.notification", "pk": 88, "fields": {"user": 10, "title": "Pharmacy order created", "message": "Your order #11 has been submitted for processing.", "is_read": false, "created_at": "2026-03-27T18:31:13.627Z"}}, {"model": "core.notification", "pk": 89, "fields": {"user": 11, "title": "Pharmacy order created", "message": "Your order #12 has been submitted for processing.", "is_read": false, "created_at": "2026-03-27T18:31:15.829Z"}}, {"model": "core.notification", "pk": 90, "fields": {"user": 12, "title": "Pharmacy order created", "message": "Your order #13 has been submitted for processing.", "is_read": false, "created_at": "2026-03-27T18:31:18.277Z"}}, {"model": "core.notification", "pk": 91, "fields": {"user": 13, "title": "Appointment updated", "message": "Your appointment status is now cancelled.", "is_read": false, "created_at": "2026-03-27T18:31:19.338Z"}}, {"model": "core.notification", "pk": 92, "fields": {"user": 13, "title": "Pharmacy order created", "message": "Your order #14 has been submitted for processing.", "is_read": false, "created_at": "2026-03-27T18:31:20.355Z"}}, {"model": "core.notification", "pk": 93, "fields": {"user": 14, "title": "Appointment updated", "message": "Your appointment status is now confirmed.", "is_read": false, "created_at": "2026-03-27T18:31:21.581Z"}}, {"model": "core.notification", "pk": 94, "fields": {"user": 14, "title": "Pharmacy order created", "message": "Your order #15 has been submitted for processing.", "is_read": false, "created_at": "2026-03-27T18:31:23.826Z"}}, {"model": "core.notification", "pk": 95, "fields": {"user": 17, "title": "Appointment updated", "message": "Your appointment status is now cancelled.", "is_read": false, "created_at": "2026-03-27T18:31:27.186Z"}}, {"model": "core.notification", "pk": 96, "fields": {"user": 18, "title": "Appointment updated", "message": "Your appointment status is now confirmed.", "is_read": false, "created_at": "2026-03-27T18:31:27.996Z"}}, {"model": "core.notification", "pk": 97, "fields": {"user": 38, "title": "Appointment updated", "message": "Your appointment status is now cancelled.", "is_read": false, "created_at": "2026-03-27T18:31:30.888Z"}}, {"model": "core.notification", "pk": 98, "fields": {"user": 10, "title": "Billing generated", "message": "A billing record of 15.00 has been generated for your care episode.", "is_read": false, "created_at": "2026-03-27T18:31:32.047Z"}}, {"model": "core.notification", "pk": 99, "fields": {"user": 10, "title": "Billing generated", "message": "A billing record of 12.00 has been generated for your care episode.", "is_read": false, "created_at": "2026-03-27T18:31:32.365Z"}}, {"model": "core.notification", "pk": 100, "fields": {"user": 10, "title": "Billing generated", "message": "A billing record of 95.00 has been generated for your care episode.", "is_read": false, "created_at": "2026-03-27T18:31:33.223Z"}}, {"model": "core.notification", "pk": 101, "fields": {"user": 10, "title": "Billing generated", "message": "A billing record of 36.50 has been generated for your care episode.", "is_read": false, "created_at": "2026-03-27T18:31:33.979Z"}}, {"model": "core.notification", "pk": 102, "fields": {"user": 11, "title": "Billing generated", "message": "A billing record of 15.00 has been generated for your care episode.", "is_read": false, "created_at": "2026-03-27T18:31:35.368Z"}}, {"model": "core.notification", "pk": 103, "fields": {"user": 11, "title": "Billing generated", "message": "A billing record of 12.00 has been generated for your care episode.", "is_read": false, "created_at": "2026-03-27T18:31:35.753Z"}}, {"model": "core.notification", "pk": 104, "fields": {"user": 11, "title": "Billing generated", "message": "A billing record of 130.00 has been generated for your care episode.", "is_read": false, "created_at": "2026-03-27T18:31:36.671Z"}}, {"model": "core.notification", "pk": 105, "fields": {"user": 12, "title": "Billing generated", "message": "A billing record of 15.00 has been generated for your care episode.", "is_read": false, "created_at": "2026-03-27T18:31:38.221Z"}}, {"model": "core.notification", "pk": 106, "fields": {"user": 12, "title": "Billing generated", "message": "A billing record of 12.00 has been generated for your care episode.", "is_read": false, "created_at": "2026-03-27T18:31:38.618Z"}}, {"model": "core.notification", "pk": 107, "fields": {"user": 12, "title": "Billing generated", "message": "A billing record of 95.00 has been generated for your care episode.", "is_read": false, "created_at": "2026-03-27T18:31:39.425Z"}}, {"model": "core.notification", "pk": 108, "fields": {"user": 12, "title": "Billing generated", "message": "A billing record of 22.00 has been generated for your care episode.", "is_read": false, "created_at": "2026-03-27T18:31:40.007Z"}}, {"model": "core.notification", "pk": 109, "fields": {"user": 18, "title": "Billing generated", "message": "A billing record of 15.00 has been generated for your care episode.", "is_read": false, "created_at": "2026-03-27T18:31:41.371Z"}}, {"model": "core.notification", "pk": 110, "fields": {"user": 18, "title": "Billing generated", "message": "A billing record of 12.00 has been generated for your care episode.", "is_read": false, "created_at": "2026-03-27T18:31:41.713Z"}}, {"model": "core.notification", "pk": 111, "fields": {"user": 18, "title": "Billing generated", "message": "A billing record of 130.00 has been generated for your care episode.", "is_read": false, "created_at": "2026-03-27T18:31:42.332Z"}}, {"model": "core.notification", "pk": 112, "fields": {"user": 18, "title": "Billing generated", "message": "A billing record of 36.50 has been generated for your care episode.", "is_read": false, "created_at": "2026-03-27T18:31:42.752Z"}}, {"model": "core.notification", "pk": 113, "fields": {"user": 37, "title": "Billing generated", "message": "A billing record of 15.00 has been generated for your care episode.", "is_read": false, "created_at": "2026-03-27T18:31:43.625Z"}}, {"model": "core.notification", "pk": 114, "fields": {"user": 37, "title": "Billing generated", "message": "A billing record of 12.00 has been generated for your care episode.", "is_read": false, "created_at": "2026-03-27T18:31:43.873Z"}}, {"model": "core.notification", "pk": 115, "fields": {"user": 37, "title": "Billing generated", "message": "A billing record of 95.00 has been generated for your care episode.", "is_read": false, "created_at": "2026-03-27T18:31:44.575Z"}}, {"model": "core.notification", "pk": 116, "fields": {"user": 37, "title": "Billing generated", "message": "A billing record of 22.00 has been generated for your care episode.", "is_read": false, "created_at": "2026-03-27T18:31:45.069Z"}}, {"model": "core.notification", "pk": 117, "fields": {"user": 2, "title": "Walk-in lab result ready", "message": "Lab results for Janet Makena are now ready for review.", "is_read": false, "created_at": "2026-03-27T18:31:45.838Z"}}, {"model": "core.notification", "pk": 118, "fields": {"user": 37, "title": "Lab result available", "message": "Results for CBC are now available in your BayAfya record.", "is_read": false, "created_at": "2026-03-27T18:31:45.952Z"}}, {"model": "core.notification", "pk": 119, "fields": {"user": 13, "title": "Billing generated", "message": "A billing record of 150.00 has been generated for your care episode.", "is_read": false, "created_at": "2026-03-27T18:31:46.545Z"}}, {"model": "core.notification", "pk": 120, "fields": {"user": 37, "title": "Billing generated", "message": "A billing record of 150.00 has been generated for your care episode.", "is_read": false, "created_at": "2026-03-27T18:31:47.278Z"}}, {"model": "core.notification", "pk": 121, "fields": {"user": 37, "title": "Billing generated", "message": "A billing record of 35.00 has been generated for your care episode.", "is_read": false, "created_at": "2026-03-27T18:31:47.801Z"}}, {"model": "core.notification", "pk": 122, "fields": {"user": 37, "title": "Billing generated", "message": "A billing record of 25.00 has been generated for your care episode.", "is_read": false, "created_at": "2026-03-27T18:31:48.193Z"}}, {"model": "core.notification", "pk": 123, "fields": {"user": 10, "title": "Appointment updated", "message": "Your appointment status is now confirmed.", "is_read": false, "created_at": "2026-03-27T18:34:27.311Z"}}, {"model": "core.notification", "pk": 124, "fields": {"user": 10, "title": "Pharmacy order created", "message": "Your order #16 has been submitted for processing.", "is_read": false, "created_at": "2026-03-27T18:34:29.012Z"}}, {"model": "core.notification", "pk": 125, "fields": {"user": 11, "title": "Pharmacy order created", "message": "Your order #17 has been submitted for processing.", "is_read": false, "created_at": "2026-03-27T18:34:31.312Z"}}, {"model": "core.notification", "pk": 126, "fields": {"user": 12, "title": "Pharmacy order created", "message": "Your order #18 has been submitted for processing.", "is_read": false, "created_at": "2026-03-27T18:34:34.288Z"}}, {"model": "core.notification", "pk": 127, "fields": {"user": 13, "title": "Appointment updated", "message": "Your appointment status is now cancelled.", "is_read": false, "created_at": "2026-03-27T18:34:35.596Z"}}, {"model": "core.notification", "pk": 128, "fields": {"user": 13, "title": "Pharmacy order created", "message": "Your order #19 has been submitted for processing.", "is_read": false, "created_at": "2026-03-27T18:34:37.009Z"}}, {"model": "core.notification", "pk": 129, "fields": {"user": 14, "title": "Appointment updated", "message": "Your appointment status is now confirmed.", "is_read": false, "created_at": "2026-03-27T18:34:38.134Z"}}, {"model": "core.notification", "pk": 130, "fields": {"user": 14, "title": "Pharmacy order created", "message": "Your order #20 has been submitted for processing.", "is_read": false, "created_at": "2026-03-27T18:34:39.733Z"}}, {"model": "core.notification", "pk": 131, "fields": {"user": 17, "title": "Appointment updated", "message": "Your appointment status is now cancelled.", "is_read": false, "created_at": "2026-03-27T18:34:43.477Z"}}, {"model": "core.notification", "pk": 132, "fields": {"user": 18, "title": "Appointment updated", "message": "Your appointment status is now confirmed.", "is_read": false, "created_at": "2026-03-27T18:34:44.204Z"}}, {"model": "core.notification", "pk": 133, "fields": {"user": 38, "title": "Appointment updated", "message": "Your appointment status is now cancelled.", "is_read": false, "created_at": "2026-03-27T18:34:47.511Z"}}, {"model": "core.notification", "pk": 134, "fields": {"user": 10, "title": "Billing generated", "message": "A billing record of 95.00 has been generated for your care episode.", "is_read": false, "created_at": "2026-03-27T18:34:49.629Z"}}, {"model": "core.notification", "pk": 135, "fields": {"user": 10, "title": "Billing generated", "message": "A billing record of 36.50 has been generated for your care episode.", "is_read": false, "created_at": "2026-03-27T18:34:50.156Z"}}, {"model": "core.notification", "pk": 136, "fields": {"user": 11, "title": "Billing generated", "message": "A billing record of 130.00 has been generated for your care episode.", "is_read": false, "created_at": "2026-03-27T18:34:51.548Z"}}, {"model": "core.notification", "pk": 137, "fields": {"user": 12, "title": "Billing generated", "message": "A billing record of 95.00 has been generated for your care episode.", "is_read": false, "created_at": "2026-03-27T18:34:53.471Z"}}, {"model": "core.notification", "pk": 138, "fields": {"user": 12, "title": "Billing generated", "message": "A billing record of 22.00 has been generated for your care episode.", "is_read": false, "created_at": "2026-03-27T18:34:53.999Z"}}, {"model": "core.notification", "pk": 139, "fields": {"user": 18, "title": "Billing generated", "message": "A billing record of 130.00 has been generated for your care episode.", "is_read": false, "created_at": "2026-03-27T18:34:55.656Z"}}, {"model": "core.notification", "pk": 140, "fields": {"user": 18, "title": "Billing generated", "message": "A billing record of 36.50 has been generated for your care episode.", "is_read": false, "created_at": "2026-03-27T18:34:56.100Z"}}, {"model": "core.notification", "pk": 141, "fields": {"user": 37, "title": "Billing generated", "message": "A billing record of 95.00 has been generated for your care episode.", "is_read": false, "created_at": "2026-03-27T18:34:57.403Z"}}, {"model": "core.notification", "pk": 142, "fields": {"user": 37, "title": "Billing generated", "message": "A billing record of 22.00 has been generated for your care episode.", "is_read": false, "created_at": "2026-03-27T18:34:57.829Z"}}, {"model": "core.notification", "pk": 143, "fields": {"user": 2, "title": "Walk-in lab result ready", "message": "Lab results for Janet Makena are now ready for review.", "is_read": false, "created_at": "2026-03-27T18:34:59.447Z"}}, {"model": "core.notification", "pk": 144, "fields": {"user": 37, "title": "Lab result available", "message": "Results for CBC are now available in your BayAfya record.", "is_read": false, "created_at": "2026-03-27T18:34:59.597Z"}}, {"model": "core.notification", "pk": 145, "fields": {"user": 13, "title": "Billing generated", "message": "A billing record of 150.00 has been generated for your care episode.", "is_read": false, "created_at": "2026-03-27T18:35:00.397Z"}}, {"model": "core.notification", "pk": 146, "fields": {"user": 37, "title": "Billing generated", "message": "A billing record of 150.00 has been generated for your care episode.", "is_read": false, "created_at": "2026-03-27T18:35:01.186Z"}}, {"model": "core.notification", "pk": 147, "fields": {"user": 37, "title": "Billing generated", "message": "A billing record of 35.00 has been generated for your care episode.", "is_read": false, "created_at": "2026-03-27T18:35:01.944Z"}}, {"model": "core.notification", "pk": 148, "fields": {"user": 37, "title": "Billing generated", "message": "A billing record of 25.00 has been generated for your care episode.", "is_read": false, "created_at": "2026-03-27T18:35:02.953Z"}}, {"model": "core.notification", "pk": 149, "fields": {"user": 5, "title": "Appointment updated", "message": "Your appointment status is now confirmed.", "is_read": false, "created_at": "2026-03-27T18:35:07.065Z"}}, {"model": "core.notification", "pk": 150, "fields": {"user": 10, "title": "Appointment updated", "message": "Your appointment status is now confirmed.", "is_read": false, "created_at": "2026-03-27T19:04:12.856Z"}}, {"model": "core.notification", "pk": 151, "fields": {"user": 10, "title": "Pharmacy order created", "message": "Your order #21 has been submitted for processing.", "is_read": false, "created_at": "2026-03-27T19:04:15.076Z"}}, {"model": "core.notification", "pk": 152, "fields": {"user": 11, "title": "Pharmacy order created", "message": "Your order #22 has been submitted for processing.", "is_read": false, "created_at": "2026-03-27T19:04:17.789Z"}}, {"model": "core.notification", "pk": 153, "fields": {"user": 12, "title": "Pharmacy order created", "message": "Your order #23 has been submitted for processing.", "is_read": false, "created_at": "2026-03-27T19:04:21.752Z"}}, {"model": "core.notification", "pk": 154, "fields": {"user": 13, "title": "Appointment updated", "message": "Your appointment status is now cancelled.", "is_read": false, "created_at": "2026-03-27T19:04:23.083Z"}}, {"model": "core.notification", "pk": 155, "fields": {"user": 13, "title": "Pharmacy order created", "message": "Your order #24 has been submitted for processing.", "is_read": false, "created_at": "2026-03-27T19:04:25.299Z"}}, {"model": "core.notification", "pk": 156, "fields": {"user": 14, "title": "Appointment updated", "message": "Your appointment status is now confirmed.", "is_read": false, "created_at": "2026-03-27T19:04:27.083Z"}}, {"model": "core.notification", "pk": 157, "fields": {"user": 14, "title": "Pharmacy order created", "message": "Your order #25 has been submitted for processing.", "is_read": false, "created_at": "2026-03-27T19:04:28.275Z"}}, {"model": "core.notification", "pk": 158, "fields": {"user": 17, "title": "Appointment updated", "message": "Your appointment status is now cancelled.", "is_read": false, "created_at": "2026-03-27T19:04:33.268Z"}}, {"model": "core.notification", "pk": 159, "fields": {"user": 18, "title": "Appointment updated", "message": "Your appointment status is now confirmed.", "is_read": false, "created_at": "2026-03-27T19:04:34.301Z"}}, {"model": "core.notification", "pk": 160, "fields": {"user": 38, "title": "Appointment updated", "message": "Your appointment status is now cancelled.", "is_read": false, "created_at": "2026-03-27T19:04:37.992Z"}}, {"model": "core.notification", "pk": 161, "fields": {"user": 10, "title": "Billing generated", "message": "A billing record of 95.00 has been generated for your care episode.", "is_read": false, "created_at": "2026-03-27T19:04:40.190Z"}}, {"model": "core.notification", "pk": 162, "fields": {"user": 10, "title": "Billing generated", "message": "A billing record of 36.50 has been generated for your care episode.", "is_read": false, "created_at": "2026-03-27T19:04:40.694Z"}}, {"model": "core.notification", "pk": 163, "fields": {"user": 11, "title": "Billing generated", "message": "A billing record of 130.00 has been generated for your care episode.", "is_read": false, "created_at": "2026-03-27T19:04:42.251Z"}}, {"model": "core.notification", "pk": 164, "fields": {"user": 12, "title": "Billing generated", "message": "A billing record of 95.00 has been generated for your care episode.", "is_read": false, "created_at": "2026-03-27T19:04:43.632Z"}}, {"model": "core.notification", "pk": 165, "fields": {"user": 12, "title": "Billing generated", "message": "A billing record of 22.00 has been generated for your care episode.", "is_read": false, "created_at": "2026-03-27T19:04:44.055Z"}}, {"model": "core.notification", "pk": 166, "fields": {"user": 18, "title": "Billing generated", "message": "A billing record of 130.00 has been generated for your care episode.", "is_read": false, "created_at": "2026-03-27T19:04:45.627Z"}}, {"model": "core.notification", "pk": 167, "fields": {"user": 18, "title": "Billing generated", "message": "A billing record of 36.50 has been generated for your care episode.", "is_read": false, "created_at": "2026-03-27T19:04:46.082Z"}}, {"model": "core.notification", "pk": 168, "fields": {"user": 37, "title": "Billing generated", "message": "A billing record of 95.00 has been generated for your care episode.", "is_read": false, "created_at": "2026-03-27T19:04:47.786Z"}}, {"model": "core.notification", "pk": 169, "fields": {"user": 37, "title": "Billing generated", "message": "A billing record of 22.00 has been generated for your care episode.", "is_read": false, "created_at": "2026-03-27T19:04:48.409Z"}}, {"model": "core.notification", "pk": 170, "fields": {"user": 2, "title": "Walk-in lab result ready", "message": "Lab results for Janet Makena are now ready for review.", "is_read": false, "created_at": "2026-03-27T19:04:49.544Z"}}, {"model": "core.notification", "pk": 171, "fields": {"user": 37, "title": "Lab result available", "message": "Results for CBC are now available in your BayAfya record.", "is_read": false, "created_at": "2026-03-27T19:04:49.725Z"}}, {"model": "core.notification", "pk": 172, "fields": {"user": 13, "title": "Billing generated", "message": "A billing record of 150.00 has been generated for your care episode.", "is_read": false, "created_at": "2026-03-27T19:04:50.656Z"}}, {"model": "core.notification", "pk": 173, "fields": {"user": 37, "title": "Billing generated", "message": "A billing record of 150.00 has been generated for your care episode.", "is_read": false, "created_at": "2026-03-27T19:04:51.990Z"}}, {"model": "core.notification", "pk": 174, "fields": {"user": 37, "title": "Billing generated", "message": "A billing record of 35.00 has been generated for your care episode.", "is_read": false, "created_at": "2026-03-27T19:04:52.737Z"}}, {"model": "core.notification", "pk": 175, "fields": {"user": 37, "title": "Billing generated", "message": "A billing record of 25.00 has been generated for your care episode.", "is_read": false, "created_at": "2026-03-27T19:04:53.510Z"}}, {"model": "core.notification", "pk": 176, "fields": {"user": 5, "title": "Appointment updated", "message": "Your appointment status is now confirmed.", "is_read": false, "created_at": "2026-03-27T19:04:56.351Z"}}, {"model": "core.notification", "pk": 177, "fields": {"user": 10, "title": "Appointment updated", "message": "Your appointment status is now confirmed.", "is_read": false, "created_at": "2026-03-27T19:34:40.642Z"}}, {"model": "core.notification", "pk": 178, "fields": {"user": 10, "title": "Pharmacy order created", "message": "Your order #26 has been submitted for processing.", "is_read": false, "created_at": "2026-03-27T19:34:42.515Z"}}, {"model": "core.notification", "pk": 179, "fields": {"user": 11, "title": "Pharmacy order created", "message": "Your order #27 has been submitted for processing.", "is_read": false, "created_at": "2026-03-27T19:34:45.078Z"}}, {"model": "core.notification", "pk": 180, "fields": {"user": 12, "title": "Pharmacy order created", "message": "Your order #28 has been submitted for processing.", "is_read": false, "created_at": "2026-03-27T19:34:48.178Z"}}, {"model": "core.notification", "pk": 181, "fields": {"user": 13, "title": "Appointment updated", "message": "Your appointment status is now cancelled.", "is_read": false, "created_at": "2026-03-27T19:34:50.018Z"}}, {"model": "core.notification", "pk": 182, "fields": {"user": 13, "title": "Pharmacy order created", "message": "Your order #29 has been submitted for processing.", "is_read": false, "created_at": "2026-03-27T19:34:51.856Z"}}, {"model": "core.notification", "pk": 183, "fields": {"user": 14, "title": "Appointment updated", "message": "Your appointment status is now confirmed.", "is_read": false, "created_at": "2026-03-27T19:34:52.835Z"}}, {"model": "core.notification", "pk": 184, "fields": {"user": 14, "title": "Pharmacy order created", "message": "Your order #30 has been submitted for processing.", "is_read": false, "created_at": "2026-03-27T19:34:54.225Z"}}, {"model": "core.notification", "pk": 185, "fields": {"user": 17, "title": "Appointment updated", "message": "Your appointment status is now cancelled.", "is_read": false, "created_at": "2026-03-27T19:34:58.018Z"}}, {"model": "core.notification", "pk": 186, "fields": {"user": 18, "title": "Appointment updated", "message": "Your appointment status is now confirmed.", "is_read": false, "created_at": "2026-03-27T19:34:58.804Z"}}, {"model": "core.notification", "pk": 187, "fields": {"user": 38, "title": "Appointment updated", "message": "Your appointment status is now cancelled.", "is_read": false, "created_at": "2026-03-27T19:35:02.716Z"}}, {"model": "core.notification", "pk": 188, "fields": {"user": 10, "title": "Billing generated", "message": "A billing record of 95.00 has been generated for your care episode.", "is_read": false, "created_at": "2026-03-27T19:35:04.875Z"}}, {"model": "core.notification", "pk": 189, "fields": {"user": 10, "title": "Billing generated", "message": "A billing record of 36.50 has been generated for your care episode.", "is_read": false, "created_at": "2026-03-27T19:35:05.471Z"}}, {"model": "core.notification", "pk": 190, "fields": {"user": 11, "title": "Billing generated", "message": "A billing record of 130.00 has been generated for your care episode.", "is_read": false, "created_at": "2026-03-27T19:35:07.530Z"}}, {"model": "core.notification", "pk": 191, "fields": {"user": 12, "title": "Billing generated", "message": "A billing record of 95.00 has been generated for your care episode.", "is_read": false, "created_at": "2026-03-27T19:35:08.929Z"}}, {"model": "core.notification", "pk": 192, "fields": {"user": 12, "title": "Billing generated", "message": "A billing record of 22.00 has been generated for your care episode.", "is_read": false, "created_at": "2026-03-27T19:35:09.356Z"}}, {"model": "core.notification", "pk": 193, "fields": {"user": 18, "title": "Billing generated", "message": "A billing record of 130.00 has been generated for your care episode.", "is_read": false, "created_at": "2026-03-27T19:35:11.185Z"}}, {"model": "core.notification", "pk": 194, "fields": {"user": 18, "title": "Billing generated", "message": "A billing record of 36.50 has been generated for your care episode.", "is_read": false, "created_at": "2026-03-27T19:35:11.888Z"}}, {"model": "core.notification", "pk": 195, "fields": {"user": 37, "title": "Billing generated", "message": "A billing record of 95.00 has been generated for your care episode.", "is_read": false, "created_at": "2026-03-27T19:35:13.577Z"}}, {"model": "core.notification", "pk": 196, "fields": {"user": 37, "title": "Billing generated", "message": "A billing record of 22.00 has been generated for your care episode.", "is_read": false, "created_at": "2026-03-27T19:35:14.021Z"}}, {"model": "core.notification", "pk": 197, "fields": {"user": 2, "title": "Walk-in lab result ready", "message": "Lab results for Janet Makena are now ready for review.", "is_read": false, "created_at": "2026-03-27T19:35:14.906Z"}}, {"model": "core.notification", "pk": 198, "fields": {"user": 37, "title": "Lab result available", "message": "Results for CBC are now available in your BayAfya record.", "is_read": false, "created_at": "2026-03-27T19:35:15.070Z"}}, {"model": "core.notification", "pk": 199, "fields": {"user": 13, "title": "Billing generated", "message": "A billing record of 150.00 has been generated for your care episode.", "is_read": false, "created_at": "2026-03-27T19:35:15.711Z"}}, {"model": "core.notification", "pk": 200, "fields": {"user": 37, "title": "Billing generated", "message": "A billing record of 150.00 has been generated for your care episode.", "is_read": false, "created_at": "2026-03-27T19:35:16.562Z"}}, {"model": "core.notification", "pk": 201, "fields": {"user": 37, "title": "Billing generated", "message": "A billing record of 35.00 has been generated for your care episode.", "is_read": false, "created_at": "2026-03-27T19:35:17.232Z"}}, {"model": "core.notification", "pk": 202, "fields": {"user": 37, "title": "Billing generated", "message": "A billing record of 25.00 has been generated for your care episode.", "is_read": false, "created_at": "2026-03-27T19:35:17.797Z"}}, {"model": "core.notification", "pk": 203, "fields": {"user": 5, "title": "Appointment updated", "message": "Your appointment status is now confirmed.", "is_read": false, "created_at": "2026-03-27T19:35:20.657Z"}}, {"model": "core.notification", "pk": 204, "fields": {"user": 17, "title": "Appointment updated", "message": "Your appointment status is now confirmed.", "is_read": false, "created_at": "2026-03-28T06:10:38.907Z"}}, {"model": "core.notification", "pk": 205, "fields": {"user": 5, "title": "Appointment updated", "message": "Your appointment status is now confirmed.", "is_read": false, "created_at": "2026-03-28T09:41:37.296Z"}}, {"model": "core.notification", "pk": 206, "fields": {"user": 2, "title": "New BayAfya conversation", "message": "Captain Hook started a direct conversation with you.", "is_read": false, "created_at": "2026-03-28T20:53:59.493Z"}}, {"model": "core.notification", "pk": 207, "fields": {"user": 38, "title": "Billing generated", "message": "A billing record of 150.00 has been generated for your care episode.", "is_read": false, "created_at": "2026-03-29T06:38:46.801Z"}}, {"model": "core.notification", "pk": 208, "fields": {"user": 2, "title": "New BayAfya conversation", "message": "Harriet Limo started a direct conversation with you.", "is_read": false, "created_at": "2026-03-29T07:08:03.297Z"}}, {"model": "core.notification", "pk": 209, "fields": {"user": 12, "title": "Billing generated", "message": "A billing record of 150.00 has been generated for your care episode.", "is_read": false, "created_at": "2026-03-29T11:00:44.730Z"}}, {"model": "core.notification", "pk": 210, "fields": {"user": 12, "title": "Billing generated", "message": "A billing record of 35.00 has been generated for your care episode.", "is_read": false, "created_at": "2026-03-29T11:09:43.745Z"}}, {"model": "core.notification", "pk": 211, "fields": {"user": 1, "title": "Invitation redeemed", "message": "Lydia Naliaka activated access in Bay Central Hospital.", "is_read": false, "created_at": "2026-03-29T09:24:39.764Z"}}, {"model": "core.notification", "pk": 212, "fields": {"user": 1, "title": "Invitation activated", "message": "Lydia Naliaka redeemed your invitation for Bay Central Hospital.", "is_read": false, "created_at": "2026-03-29T09:24:39.983Z"}}, {"model": "core.notification", "pk": 213, "fields": {"user": 5, "title": "Billing generated", "message": "A billing record of 15.00 has been generated for your care episode.", "is_read": false, "created_at": "2026-03-29T09:29:51.122Z"}}, {"model": "core.notification", "pk": 214, "fields": {"user": 5, "title": "Billing generated", "message": "A billing record of 12.00 has been generated for your care episode.", "is_read": false, "created_at": "2026-03-29T09:35:21.952Z"}}, {"model": "core.notification", "pk": 215, "fields": {"user": 2, "title": "Walk-in triage completed", "message": "Grace Wanjiku is ready for doctor review with severity high.", "is_read": false, "created_at": "2026-03-29T09:35:22.338Z"}}, {"model": "core.notification", "pk": 216, "fields": {"user": 1, "title": "Admission review required", "message": "Grace Wanjiku has been referred for admission after doctor review.", "is_read": false, "created_at": "2026-03-29T09:58:39.980Z"}}, {"model": "core.notification", "pk": 217, "fields": {"user": 25, "title": "Admission review required", "message": "Grace Wanjiku has been referred for admission after doctor review.", "is_read": false, "created_at": "2026-03-29T09:58:39.981Z"}}, {"model": "core.notification", "pk": 218, "fields": {"user": 5, "title": "Billing generated", "message": "A billing record of 95.00 has been generated for your care episode.", "is_read": false, "created_at": "2026-03-29T09:58:39.998Z"}}, {"model": "core.notification", "pk": 219, "fields": {"user": 22, "title": "New message in Care coordination", "message": "Amina Otieno: how is the going mate?", "is_read": false, "created_at": "2026-03-29T11:04:16.998Z"}}, {"model": "core.notification", "pk": 220, "fields": {"user": 10, "title": "Appointment updated", "message": "Your appointment status is now past.", "is_read": false, "created_at": "2026-03-29T11:18:58.703Z"}}, {"model": "core.notification", "pk": 221, "fields": {"user": 2, "title": "Appointment updated", "message": "Miriam Njeri's appointment status is now past.", "is_read": false, "created_at": "2026-03-29T11:18:59.052Z"}}, {"model": "core.notification", "pk": 222, "fields": {"user": 18, "title": "Appointment updated", "message": "Your appointment status is now past.", "is_read": false, "created_at": "2026-03-29T11:18:59.427Z"}}, {"model": "core.notification", "pk": 223, "fields": {"user": 2, "title": "Appointment updated", "message": "Sarah Chebet's appointment status is now past.", "is_read": false, "created_at": "2026-03-29T11:18:59.569Z"}}, {"model": "core.notification", "pk": 224, "fields": {"user": 14, "title": "Appointment updated", "message": "Your appointment status is now past.", "is_read": false, "created_at": "2026-03-29T11:18:59.845Z"}}, {"model": "core.notification", "pk": 225, "fields": {"user": 2, "title": "Appointment updated", "message": "Lydia Atieno's appointment status is now past.", "is_read": false, "created_at": "2026-03-29T11:19:00.077Z"}}, {"model": "core.notification", "pk": 226, "fields": {"user": 11, "title": "Appointment updated", "message": "Your appointment status is now past.", "is_read": false, "created_at": "2026-03-29T11:19:00.464Z"}}, {"model": "core.notification", "pk": 227, "fields": {"user": 24, "title": "Appointment updated", "message": "David Mwangi's appointment status is now past.", "is_read": false, "created_at": "2026-03-29T11:19:00.581Z"}}, {"model": "core.notification", "pk": 228, "fields": {"user": 19, "title": "Appointment updated", "message": "Your appointment status is now past.", "is_read": false, "created_at": "2026-03-29T11:19:00.804Z"}}, {"model": "core.notification", "pk": 229, "fields": {"user": 24, "title": "Appointment updated", "message": "Noah Kamau's appointment status is now past.", "is_read": false, "created_at": "2026-03-29T11:19:00.923Z"}}, {"model": "core.notification", "pk": 230, "fields": {"user": 15, "title": "Appointment updated", "message": "Your appointment status is now past.", "is_read": false, "created_at": "2026-03-29T11:19:01.200Z"}}, {"model": "core.notification", "pk": 231, "fields": {"user": 24, "title": "Appointment updated", "message": "Joseph Mutiso's appointment status is now past.", "is_read": false, "created_at": "2026-03-29T11:19:01.355Z"}}, {"model": "core.notification", "pk": 232, "fields": {"user": 14, "title": "Surgery updated", "message": "Your surgical case for Laparoscopic cholecystectomy is now past.", "is_read": false, "created_at": "2026-03-29T11:19:01.812Z"}}, {"model": "core.notification", "pk": 233, "fields": {"user": 2, "title": "Surgery updated", "message": "Lydia Atieno's surgical case for Laparoscopic cholecystectomy is now past.", "is_read": false, "created_at": "2026-03-29T11:19:01.988Z"}}, {"model": "core.notification", "pk": 234, "fields": {"user": 5, "title": "Appointment updated", "message": "Your appointment status is now past.", "is_read": false, "created_at": "2026-03-29T17:37:40.031Z"}}, {"model": "core.notification", "pk": 235, "fields": {"user": 2, "title": "Appointment updated", "message": "Grace Wanjiku's appointment status is now past.", "is_read": false, "created_at": "2026-03-29T17:37:40.178Z"}}, {"model": "core.notification", "pk": 236, "fields": {"user": 5, "title": "Surgery status updated", "message": "Your surgical case for Elective laparoscopic cholecystectomy is now past scheduled time and marked as past.", "is_read": false, "created_at": "2026-03-29T17:39:25.011Z"}}, {"model": "core.notification", "pk": 237, "fields": {"user": 2, "title": "Surgery status updated", "message": "Grace Wanjiku's surgical case for Elective laparoscopic cholecystectomy is now marked as past.", "is_read": false, "created_at": "2026-03-29T17:39:25.313Z"}}, {"model": "core.notification", "pk": 238, "fields": {"user": 5, "title": "Appointment updated", "message": "Your appointment status is now confirmed.", "is_read": false, "created_at": "2026-03-29T18:09:11.748Z"}}, {"model": "core.notification", "pk": 239, "fields": {"user": 2, "title": "Appointment updated", "message": "Grace Wanjiku's appointment status is now confirmed.", "is_read": false, "created_at": "2026-03-29T18:09:11.953Z"}}, {"model": "core.notification", "pk": 240, "fields": {"user": 5, "title": "Appointment updated", "message": "Your appointment status is now past.", "is_read": false, "created_at": "2026-03-29T18:09:12.269Z"}}, {"model": "core.notification", "pk": 241, "fields": {"user": 2, "title": "Appointment updated", "message": "Grace Wanjiku's appointment status is now past.", "is_read": false, "created_at": "2026-03-29T18:09:12.468Z"}}, {"model": "core.notification", "pk": 242, "fields": {"user": 5, "title": "Appointment updated", "message": "Your appointment status is now confirmed.", "is_read": false, "created_at": "2026-03-29T19:00:49.304Z"}}, {"model": "core.notification", "pk": 243, "fields": {"user": 2, "title": "Appointment updated", "message": "Grace Wanjiku's appointment status is now confirmed.", "is_read": false, "created_at": "2026-03-29T19:00:49.471Z"}}, {"model": "core.notification", "pk": 244, "fields": {"user": 5, "title": "Appointment updated", "message": "Your appointment status is now past.", "is_read": false, "created_at": "2026-03-29T19:00:49.969Z"}}, {"model": "core.notification", "pk": 245, "fields": {"user": 2, "title": "Appointment updated", "message": "Grace Wanjiku's appointment status is now past.", "is_read": false, "created_at": "2026-03-29T19:00:50.182Z"}}, {"model": "core.notification", "pk": 246, "fields": {"user": 22, "title": "New message in Care coordination", "message": "Amina Otieno: @bayafya how do we work today?", "is_read": false, "created_at": "2026-03-30T04:37:20.136Z"}}, {"model": "core.notification", "pk": 247, "fields": {"user": 22, "title": "New message in Care coordination", "message": "Amina Otieno: @bayfya please show exactly the patients in queue and for what hospitals", "is_read": false, "created_at": "2026-03-30T04:39:50.822Z"}}, {"model": "core.notification", "pk": 248, "fields": {"user": 22, "title": "New message in Care coordination", "message": "Amina Otieno: @bayafya please show exactly the patients in queue and for what hospitals", "is_read": false, "created_at": "2026-03-30T04:41:40.148Z"}}, {"model": "core.notification", "pk": 249, "fields": {"user": 25, "title": "New BayAfya conversation", "message": "Amina Otieno started a direct conversation with you.", "is_read": false, "created_at": "2026-03-30T04:45:56.921Z"}}, {"model": "core.notification", "pk": 250, "fields": {"user": 25, "title": "New message in Care coordination", "message": "Amina Otieno: heey", "is_read": false, "created_at": "2026-03-30T04:46:18.231Z"}}, {"model": "core.notification", "pk": 251, "fields": {"user": 22, "title": "New message in Care coordination", "message": "Amina Otieno: @bayafya are there any patients in critical condition at the hospital currently?", "is_read": false, "created_at": "2026-03-30T05:07:28.978Z"}}, {"model": "core.notification", "pk": 252, "fields": {"user": 1, "title": "New BayAfya conversation", "message": "Amina Otieno started a direct conversation with you.", "is_read": false, "created_at": "2026-03-30T05:11:39.382Z"}}, {"model": "core.notification", "pk": 253, "fields": {"user": 1, "title": "New message in Care coordination", "message": "Amina Otieno: yoh platform admin, rada?", "is_read": false, "created_at": "2026-03-30T05:12:01.411Z"}}, {"model": "core.notification", "pk": 254, "fields": {"user": 8, "title": "Patient invitation created", "message": "Harriet Limo created an invitation for a patient at Hooks Specialists.", "is_read": false, "created_at": "2026-03-30T07:49:13.983Z"}}, {"model": "core.notification", "pk": 255, "fields": {"user": 1, "title": "Patient invitation created", "message": "Harriet Limo created an invitation for a patient at Hooks Specialists.", "is_read": false, "created_at": "2026-03-30T07:49:14.094Z"}}, {"model": "core.notification", "pk": 256, "fields": {"user": 20, "title": "Patient invitation created", "message": "Harriet Limo created an invitation for a patient at Hooks Specialists.", "is_read": false, "created_at": "2026-03-30T07:49:14.317Z"}}, {"model": "core.notification", "pk": 257, "fields": {"user": 21, "title": "Patient invitation created", "message": "Harriet Limo created an invitation for a patient at Hooks Specialists.", "is_read": false, "created_at": "2026-03-30T07:49:14.430Z"}}, {"model": "core.notification", "pk": 258, "fields": {"user": 23, "title": "Patient invitation created", "message": "Harriet Limo created an invitation for a patient at Hooks Specialists.", "is_read": false, "created_at": "2026-03-30T07:49:14.538Z"}}, {"model": "core.notification", "pk": 259, "fields": {"user": 8, "title": "Invitation redeemed", "message": "Peter Master activated access for Hooks Specialists.", "is_read": false, "created_at": "2026-03-30T07:50:40.985Z"}}, {"model": "core.notification", "pk": 260, "fields": {"user": 1, "title": "Invitation redeemed", "message": "Peter Master activated access for Hooks Specialists.", "is_read": false, "created_at": "2026-03-30T07:50:41.280Z"}}, {"model": "core.notification", "pk": 261, "fields": {"user": 20, "title": "Invitation redeemed", "message": "Peter Master activated access for Hooks Specialists.", "is_read": false, "created_at": "2026-03-30T07:50:41.540Z"}}, {"model": "core.notification", "pk": 262, "fields": {"user": 21, "title": "Invitation redeemed", "message": "Peter Master activated access for Hooks Specialists.", "is_read": false, "created_at": "2026-03-30T07:50:41.682Z"}}, {"model": "core.notification", "pk": 263, "fields": {"user": 22, "title": "Invitation redeemed", "message": "Peter Master activated access for Hooks Specialists.", "is_read": false, "created_at": "2026-03-30T07:50:41.800Z"}}, {"model": "core.notification", "pk": 264, "fields": {"user": 23, "title": "Invitation redeemed", "message": "Peter Master activated access for Hooks Specialists.", "is_read": false, "created_at": "2026-03-30T07:50:42.005Z"}}, {"model": "core.notification", "pk": 265, "fields": {"user": 22, "title": "Invitation activated", "message": "Peter Master joined Hooks Specialists using your invitation code.", "is_read": false, "created_at": "2026-03-30T07:50:42.618Z"}}, {"model": "core.notification", "pk": 266, "fields": {"user": 24, "title": "Pharmacy task updated", "message": "Pharmacy task for Sarah Chebet is now completed.", "is_read": false, "created_at": "2026-03-30T13:03:39.213Z"}}, {"model": "core.notification", "pk": 267, "fields": {"user": 24, "title": "Pharmacy task updated", "message": "Pharmacy task for Sarah Chebet is now completed.", "is_read": false, "created_at": "2026-03-30T13:04:55.086Z"}}, {"model": "core.notification", "pk": 268, "fields": {"user": 37, "title": "Billing generated", "message": "A billing record of 20.00 has been generated for your care episode.", "is_read": false, "created_at": "2026-03-30T13:05:18.059Z"}}, {"model": "core.notification", "pk": 269, "fields": {"user": 2, "title": "Pharmacy task updated", "message": "Pharmacy task for Janet Makena is now completed.", "is_read": false, "created_at": "2026-03-30T13:05:23.940Z"}}, {"model": "core.notification", "pk": 270, "fields": {"user": 24, "title": "Pharmacy task updated", "message": "Pharmacy task for Sarah Chebet is now completed.", "is_read": false, "created_at": "2026-03-30T13:06:49.136Z"}}, {"model": "core.notification", "pk": 271, "fields": {"user": 24, "title": "Pharmacy task updated", "message": "Pharmacy task for Sarah Chebet is now completed.", "is_read": false, "created_at": "2026-03-30T13:07:02.508Z"}}, {"model": "core.notification", "pk": 272, "fields": {"user": 24, "title": "Pharmacy task updated", "message": "Pharmacy task for Sarah Chebet is now completed.", "is_read": false, "created_at": "2026-03-30T13:07:11.100Z"}}, {"model": "core.notification", "pk": 273, "fields": {"user": 2, "title": "New message in Care coordination", "message": "Harriet Limo: @bayafya what were you guys talking about?", "is_read": false, "created_at": "2026-03-30T13:41:34.616Z"}}, {"model": "core.notification", "pk": 274, "fields": {"user": 2, "title": "New message in Care coordination", "message": "Harriet Limo: what were you guys talking about?", "is_read": false, "created_at": "2026-03-30T13:44:13.041Z"}}, {"model": "core.notification", "pk": 275, "fields": {"user": 2, "title": "New message in Care coordination", "message": "Captain Hook: ersation started for coordinated staff communication between Captain Hook and Amina Otieno.", "is_read": false, "created_at": "2026-03-30T19:45:48.140Z"}}, {"model": "core.staffconversation", "pk": 1, "fields": {"hospital": 3, "linked_patient": null, "kind": "direct", "purpose": "care_coordination", "title": "", "description": "", "join_code": "", "created_by": 8, "assistant_enabled": true, "is_active": true, "deleted_at": null, "last_message_at": "2026-03-30T19:45:47.874Z", "created_at": "2026-03-28T20:53:58.245Z", "updated_at": "2026-03-30T19:45:48.031Z"}}, {"model": "core.staffconversation", "pk": 2, "fields": {"hospital": 3, "linked_patient": null, "kind": "direct", "purpose": "care_coordination", "title": "", "description": "", "join_code": "UCEK2CX4", "created_by": 22, "assistant_enabled": true, "is_active": true, "deleted_at": null, "last_message_at": "2026-03-30T13:47:58.703Z", "created_at": "2026-03-29T07:08:02.507Z", "updated_at": "2026-03-30T13:47:58.908Z"}}, {"model": "core.staffconversation", "pk": 3, "fields": {"hospital": 1, "linked_patient": null, "kind": "direct", "purpose": "care_coordination", "title": "", "description": "", "join_code": "50QGFR4Q", "created_by": 2, "assistant_enabled": true, "is_active": true, "deleted_at": null, "last_message_at": "2026-03-30T04:46:17.536Z", "created_at": "2026-03-30T04:45:55.196Z", "updated_at": "2026-03-30T04:46:17.956Z"}}, {"model": "core.staffconversation", "pk": 4, "fields": {"hospital": 1, "linked_patient": null, "kind": "direct", "purpose": "care_coordination", "title": "", "description": "", "join_code": "MKJAQPCH", "created_by": 2, "assistant_enabled": true, "is_active": true, "deleted_at": null, "last_message_at": "2026-03-30T05:12:01.131Z", "created_at": "2026-03-30T05:11:38.085Z", "updated_at": "2026-03-30T05:12:01.262Z"}}, {"model": "core.staffconversationparticipant", "pk": 1, "fields": {"conversation": 1, "user": 8, "role": "admin", "joined_at": "2026-03-28T20:53:58.430Z", "last_read_at": "2026-03-30T19:45:28.955Z"}}, {"model": "core.staffconversationparticipant", "pk": 2, "fields": {"conversation": 1, "user": 2, "role": "member", "joined_at": "2026-03-28T20:53:58.598Z", "last_read_at": "2026-03-30T04:20:04.872Z"}}, {"model": "core.staffconversationparticipant", "pk": 3, "fields": {"conversation": 2, "user": 22, "role": "admin", "joined_at": "2026-03-29T07:08:02.709Z", "last_read_at": "2026-03-30T13:44:17.322Z"}}, {"model": "core.staffconversationparticipant", "pk": 4, "fields": {"conversation": 2, "user": 2, "role": "member", "joined_at": "2026-03-29T07:08:02.842Z", "last_read_at": "2026-03-30T05:11:40.472Z"}}, {"model": "core.staffconversationparticipant", "pk": 5, "fields": {"conversation": 3, "user": 2, "role": "admin", "joined_at": "2026-03-30T04:45:55.475Z", "last_read_at": "2026-03-30T05:02:47.399Z"}}, {"model": "core.staffconversationparticipant", "pk": 6, "fields": {"conversation": 3, "user": 25, "role": "member", "joined_at": "2026-03-30T04:45:55.757Z", "last_read_at": null}}, {"model": "core.staffconversationparticipant", "pk": 7, "fields": {"conversation": 4, "user": 2, "role": "admin", "joined_at": "2026-03-30T05:11:38.229Z", "last_read_at": "2026-03-30T05:29:15.779Z"}}, {"model": "core.staffconversationparticipant", "pk": 8, "fields": {"conversation": 4, "user": 1, "role": "member", "joined_at": "2026-03-30T05:11:38.348Z", "last_read_at": null}}, {"model": "core.staffmessage", "pk": 1, "fields": {"conversation": 1, "sender": null, "sender_label": "BayAfya System", "body": "Direct conversation started for coordinated staff communication between Captain Hook and Amina Otieno.", "kind": "system", "created_at": "2026-03-28T20:53:58.713Z"}}, {"model": "core.staffmessage", "pk": 2, "fields": {"conversation": 2, "sender": null, "sender_label": "BayAfya System", "body": "Direct conversation started for coordinated staff communication between Harriet Limo and Amina Otieno.", "kind": "system", "created_at": "2026-03-29T07:08:02.965Z"}}, {"model": "core.staffmessage", "pk": 3, "fields": {"conversation": 2, "sender": 2, "sender_label": "Amina Otieno", "body": "how is the going mate?", "kind": "user", "created_at": "2026-03-29T11:04:16.623Z"}}, {"model": "core.staffmessage", "pk": 4, "fields": {"conversation": 2, "sender": 2, "sender_label": "Amina Otieno", "body": "@bayafya how do we work today?", "kind": "user", "created_at": "2026-03-30T04:37:19.850Z"}}, {"model": "core.staffmessage", "pk": 5, "fields": {"conversation": 2, "sender": null, "sender_label": "BayAfya Assistant", "body": "As a doctor at Hooks Specialists, you are currently in Hospital Operations mode. We have 12 appointments scheduled for today, with 6 patients currently in the queue and 8 active admissions. You can manage patient flows, check lab statuses, or review operational reports as needed. Please let me know if you would like to view a specific department's performance or patient throughput metrics.", "kind": "assistant", "created_at": "2026-03-30T04:37:32.044Z"}}, {"model": "core.staffmessage", "pk": 6, "fields": {"conversation": 2, "sender": 2, "sender_label": "Amina Otieno", "body": "@bayfya please show exactly the patients in queue and for what hospitals", "kind": "user", "created_at": "2026-03-30T04:39:50.572Z"}}, {"model": "core.staffmessage", "pk": 7, "fields": {"conversation": 2, "sender": 2, "sender_label": "Amina Otieno", "body": "@bayafya please show exactly the patients in queue and for what hospitals", "kind": "user", "created_at": "2026-03-30T04:41:39.808Z"}}, {"model": "core.staffmessage", "pk": 8, "fields": {"conversation": 2, "sender": null, "sender_label": "BayAfya Assistant", "body": "At Hooks Specialists, there are currently 6 patients in the queue. Regarding broader platform data, I only have visibility into the operations at your facility (Hooks Specialists). If you require queue information for other hospitals on the BayAfya platform, please note that access is restricted to your specific hospital workspace for operational privacy and data security reasons.", "kind": "assistant", "created_at": "2026-03-30T04:41:49.228Z"}}, {"model": "core.staffmessage", "pk": 9, "fields": {"conversation": 3, "sender": null, "sender_label": "BayAfya System", "body": "Direct conversation started between Amina Otieno and Lydia Naliaka.", "kind": "system", "created_at": "2026-03-30T04:45:56.359Z"}}, {"model": "core.staffmessage", "pk": 10, "fields": {"conversation": 3, "sender": 2, "sender_label": "Amina Otieno", "body": "heey", "kind": "user", "created_at": "2026-03-30T04:46:17.536Z"}}, {"model": "core.staffmessage", "pk": 11, "fields": {"conversation": 2, "sender": 2, "sender_label": "Amina Otieno", "body": "@bayafya are there any patients in critical condition at the hospital currently?", "kind": "user", "created_at": "2026-03-30T05:07:28.691Z"}}, {"model": "core.staffmessage", "pk": 12, "fields": {"conversation": 2, "sender": null, "sender_label": "BayAfya Assistant", "body": "I currently do not have specific clinical acuity data or patient vitals flags in the operational dashboard for Hooks Specialists. To check for patients in critical condition, please access the 'Active Admissions' module within the clinical interface, where real-time patient status and triage levels are maintained for clinical review.", "kind": "assistant", "created_at": "2026-03-30T05:07:56.944Z"}}, {"model": "core.staffmessage", "pk": 13, "fields": {"conversation": 4, "sender": null, "sender_label": "BayAfya System", "body": "Direct conversation started between Amina Otieno and Platform Admin.", "kind": "system", "created_at": "2026-03-30T05:11:38.864Z"}}, {"model": "core.staffmessage", "pk": 14, "fields": {"conversation": 4, "sender": 2, "sender_label": "Amina Otieno", "body": "yoh platform admin, rada?", "kind": "user", "created_at": "2026-03-30T05:12:01.131Z"}}, {"model": "core.staffmessage", "pk": 15, "fields": {"conversation": 2, "sender": 22, "sender_label": "Harriet Limo", "body": "@bayafya what were you guys talking about?", "kind": "user", "created_at": "2026-03-30T13:41:34.240Z"}}, {"model": "core.staffmessage", "pk": 16, "fields": {"conversation": 2, "sender": 22, "sender_label": "Harriet Limo", "body": "what were you guys talking about?", "kind": "user", "created_at": "2026-03-30T13:44:12.070Z"}}, {"model": "core.staffmessage", "pk": 17, "fields": {"conversation": 2, "sender": null, "sender_label": "BayAfya Assistant", "body": "We were reviewing the operational status at Hooks Specialists. Initially, I provided a snapshot of today's workload, including your 12 appointments, 6 queued patients, and 8 active admissions. You then inquired about queued patients across the platform, which I clarified is restricted to your facility for security. Finally, you asked about critical patients, and I directed you to the 'Active Admissions' module within the clinical interface for real-time acuity data.", "kind": "assistant", "created_at": "2026-03-30T13:47:58.703Z"}}, {"model": "core.staffmessage", "pk": 18, "fields": {"conversation": 1, "sender": 8, "sender_label": "Captain Hook", "body": "ersation started for coordinated staff communication between Captain Hook and Amina Otieno.", "kind": "user", "created_at": "2026-03-30T19:45:47.874Z"}}, {"model": "hospital.hospital", "pk": 1, "fields": {"name": "Bay Central Hospital", "code": "bay-central", "owner": 1, "address": "Main clinical campus", "is_active": true}}, {"model": "hospital.hospital", "pk": 2, "fields": {"name": "Bay East Hospital", "code": "bay-east", "owner": 1, "address": "Satellite care campus", "is_active": true}}, {"model": "hospital.hospital", "pk": 3, "fields": {"name": "Hooks Specialists", "code": "hooks-specialists", "owner": 1, "address": "Specialist and referral campus", "is_active": true}}, {"model": "hospital.hospitalaccess", "pk": 1, "fields": {"user": 1, "hospital": 1, "role": "owner", "status": "active", "can_switch": true, "is_primary": true, "revoked_at": null, "revoked_by": null, "revoked_reason": "", "left_at": null, "left_reason": ""}}, {"model": "hospital.hospitalaccess", "pk": 2, "fields": {"user": 1, "hospital": 2, "role": "admin", "status": "active", "can_switch": true, "is_primary": false, "revoked_at": null, "revoked_by": null, "revoked_reason": "", "left_at": null, "left_reason": ""}}, {"model": "hospital.hospitalaccess", "pk": 3, "fields": {"user": 2, "hospital": 1, "role": "doctor", "status": "active", "can_switch": true, "is_primary": true, "revoked_at": null, "revoked_by": null, "revoked_reason": "", "left_at": null, "left_reason": ""}}, {"model": "hospital.hospitalaccess", "pk": 4, "fields": {"user": 2, "hospital": 2, "role": "doctor", "status": "left", "can_switch": true, "is_primary": false, "revoked_at": null, "revoked_by": null, "revoked_reason": "", "left_at": "2026-03-29T10:55:05.996Z", "left_reason": "Left from profile"}}, {"model": "hospital.hospitalaccess", "pk": 5, "fields": {"user": 5, "hospital": 1, "role": "patient", "status": "active", "can_switch": true, "is_primary": true, "revoked_at": null, "revoked_by": null, "revoked_reason": "", "left_at": null, "left_reason": ""}}, {"model": "hospital.hospitalaccess", "pk": 6, "fields": {"user": 5, "hospital": 2, "role": "patient", "status": "active", "can_switch": true, "is_primary": false, "revoked_at": null, "revoked_by": null, "revoked_reason": "", "left_at": null, "left_reason": ""}}, {"model": "hospital.hospitalaccess", "pk": 7, "fields": {"user": 6, "hospital": 1, "role": "patient", "status": "active", "can_switch": true, "is_primary": false, "revoked_at": null, "revoked_by": null, "revoked_reason": "", "left_at": null, "left_reason": ""}}, {"model": "hospital.hospitalaccess", "pk": 8, "fields": {"user": 7, "hospital": 2, "role": "patient", "status": "active", "can_switch": true, "is_primary": false, "revoked_at": null, "revoked_by": null, "revoked_reason": "", "left_at": null, "left_reason": ""}}, {"model": "hospital.hospitalaccess", "pk": 9, "fields": {"user": 8, "hospital": 3, "role": "owner", "status": "active", "can_switch": true, "is_primary": true, "revoked_at": null, "revoked_by": null, "revoked_reason": "", "left_at": null, "left_reason": ""}}, {"model": "hospital.hospitalaccess", "pk": 10, "fields": {"user": 2, "hospital": 3, "role": "doctor", "status": "active", "can_switch": true, "is_primary": true, "revoked_at": null, "revoked_by": null, "revoked_reason": "", "left_at": null, "left_reason": ""}}, {"model": "hospital.hospitalaccess", "pk": 11, "fields": {"user": 4, "hospital": 3, "role": "nurse", "status": "active", "can_switch": true, "is_primary": false, "revoked_at": null, "revoked_by": null, "revoked_reason": "", "left_at": null, "left_reason": ""}}, {"model": "hospital.hospitalaccess", "pk": 12, "fields": {"user": 9, "hospital": 3, "role": "receptionist", "status": "active", "can_switch": true, "is_primary": true, "revoked_at": null, "revoked_by": null, "revoked_reason": "", "left_at": null, "left_reason": ""}}, {"model": "hospital.hospitalaccess", "pk": 13, "fields": {"user": 1, "hospital": 3, "role": "admin", "status": "active", "can_switch": true, "is_primary": false, "revoked_at": null, "revoked_by": null, "revoked_reason": "", "left_at": null, "left_reason": ""}}, {"model": "hospital.hospitalaccess", "pk": 14, "fields": {"user": 10, "hospital": 3, "role": "patient", "status": "active", "can_switch": true, "is_primary": true, "revoked_at": null, "revoked_by": null, "revoked_reason": "", "left_at": null, "left_reason": ""}}, {"model": "hospital.hospitalaccess", "pk": 15, "fields": {"user": 11, "hospital": 3, "role": "patient", "status": "active", "can_switch": true, "is_primary": false, "revoked_at": null, "revoked_by": null, "revoked_reason": "", "left_at": null, "left_reason": ""}}, {"model": "hospital.hospitalaccess", "pk": 16, "fields": {"user": 12, "hospital": 3, "role": "patient", "status": "active", "can_switch": true, "is_primary": false, "revoked_at": null, "revoked_by": null, "revoked_reason": "", "left_at": null, "left_reason": ""}}, {"model": "hospital.hospitalaccess", "pk": 17, "fields": {"user": 13, "hospital": 3, "role": "patient", "status": "active", "can_switch": true, "is_primary": false, "revoked_at": null, "revoked_by": null, "revoked_reason": "", "left_at": null, "left_reason": ""}}, {"model": "hospital.hospitalaccess", "pk": 18, "fields": {"user": 14, "hospital": 3, "role": "patient", "status": "active", "can_switch": true, "is_primary": false, "revoked_at": null, "revoked_by": null, "revoked_reason": "", "left_at": null, "left_reason": ""}}, {"model": "hospital.hospitalaccess", "pk": 19, "fields": {"user": 15, "hospital": 3, "role": "patient", "status": "active", "can_switch": true, "is_primary": false, "revoked_at": null, "revoked_by": null, "revoked_reason": "", "left_at": null, "left_reason": ""}}, {"model": "hospital.hospitalaccess", "pk": 20, "fields": {"user": 16, "hospital": 3, "role": "patient", "status": "active", "can_switch": true, "is_primary": false, "revoked_at": null, "revoked_by": null, "revoked_reason": "", "left_at": null, "left_reason": ""}}, {"model": "hospital.hospitalaccess", "pk": 21, "fields": {"user": 17, "hospital": 3, "role": "patient", "status": "active", "can_switch": true, "is_primary": false, "revoked_at": null, "revoked_by": null, "revoked_reason": "", "left_at": null, "left_reason": ""}}, {"model": "hospital.hospitalaccess", "pk": 22, "fields": {"user": 18, "hospital": 3, "role": "patient", "status": "active", "can_switch": true, "is_primary": false, "revoked_at": null, "revoked_by": null, "revoked_reason": "", "left_at": null, "left_reason": ""}}, {"model": "hospital.hospitalaccess", "pk": 23, "fields": {"user": 19, "hospital": 3, "role": "patient", "status": "active", "can_switch": true, "is_primary": false, "revoked_at": null, "revoked_by": null, "revoked_reason": "", "left_at": null, "left_reason": ""}}, {"model": "hospital.hospitalaccess", "pk": 24, "fields": {"user": 20, "hospital": 3, "role": "owner", "status": "active", "can_switch": true, "is_primary": true, "revoked_at": null, "revoked_by": null, "revoked_reason": "", "left_at": null, "left_reason": ""}}, {"model": "hospital.hospitalaccess", "pk": 25, "fields": {"user": 21, "hospital": 3, "role": "owner", "status": "active", "can_switch": true, "is_primary": true, "revoked_at": null, "revoked_by": null, "revoked_reason": "", "left_at": null, "left_reason": ""}}, {"model": "hospital.hospitalaccess", "pk": 26, "fields": {"user": 22, "hospital": 3, "role": "admin", "status": "active", "can_switch": true, "is_primary": true, "revoked_at": null, "revoked_by": null, "revoked_reason": "", "left_at": null, "left_reason": ""}}, {"model": "hospital.hospitalaccess", "pk": 27, "fields": {"user": 23, "hospital": 3, "role": "admin", "status": "active", "can_switch": true, "is_primary": true, "revoked_at": null, "revoked_by": null, "revoked_reason": "", "left_at": null, "left_reason": ""}}, {"model": "hospital.hospitalaccess", "pk": 28, "fields": {"user": 24, "hospital": 3, "role": "doctor", "status": "active", "can_switch": true, "is_primary": true, "revoked_at": null, "revoked_by": null, "revoked_reason": "", "left_at": null, "left_reason": ""}}, {"model": "hospital.hospitalaccess", "pk": 29, "fields": {"user": 25, "hospital": 3, "role": "nurse", "status": "active", "can_switch": true, "is_primary": true, "revoked_at": null, "revoked_by": null, "revoked_reason": "", "left_at": null, "left_reason": ""}}, {"model": "hospital.hospitalaccess", "pk": 30, "fields": {"user": 26, "hospital": 3, "role": "nurse", "status": "active", "can_switch": true, "is_primary": true, "revoked_at": null, "revoked_by": null, "revoked_reason": "", "left_at": null, "left_reason": ""}}, {"model": "hospital.hospitalaccess", "pk": 31, "fields": {"user": 27, "hospital": 3, "role": "receptionist", "status": "active", "can_switch": true, "is_primary": true, "revoked_at": null, "revoked_by": null, "revoked_reason": "", "left_at": null, "left_reason": ""}}, {"model": "hospital.hospitalaccess", "pk": 32, "fields": {"user": 28, "hospital": 3, "role": "receptionist", "status": "active", "can_switch": true, "is_primary": true, "revoked_at": null, "revoked_by": null, "revoked_reason": "", "left_at": null, "left_reason": ""}}, {"model": "hospital.hospitalaccess", "pk": 33, "fields": {"user": 29, "hospital": 3, "role": "lab_technician", "status": "active", "can_switch": true, "is_primary": true, "revoked_at": null, "revoked_by": null, "revoked_reason": "", "left_at": null, "left_reason": ""}}, {"model": "hospital.hospitalaccess", "pk": 34, "fields": {"user": 30, "hospital": 3, "role": "lab_technician", "status": "active", "can_switch": true, "is_primary": true, "revoked_at": null, "revoked_by": null, "revoked_reason": "", "left_at": null, "left_reason": ""}}, {"model": "hospital.hospitalaccess", "pk": 35, "fields": {"user": 31, "hospital": 3, "role": "pharmacist", "status": "active", "can_switch": true, "is_primary": true, "revoked_at": null, "revoked_by": null, "revoked_reason": "", "left_at": null, "left_reason": ""}}, {"model": "hospital.hospitalaccess", "pk": 36, "fields": {"user": 32, "hospital": 3, "role": "pharmacist", "status": "active", "can_switch": true, "is_primary": true, "revoked_at": null, "revoked_by": null, "revoked_reason": "", "left_at": null, "left_reason": ""}}, {"model": "hospital.hospitalaccess", "pk": 37, "fields": {"user": 33, "hospital": 3, "role": "counselor", "status": "active", "can_switch": true, "is_primary": true, "revoked_at": null, "revoked_by": null, "revoked_reason": "", "left_at": null, "left_reason": ""}}, {"model": "hospital.hospitalaccess", "pk": 38, "fields": {"user": 34, "hospital": 3, "role": "counselor", "status": "active", "can_switch": true, "is_primary": true, "revoked_at": null, "revoked_by": null, "revoked_reason": "", "left_at": null, "left_reason": ""}}, {"model": "hospital.hospitalaccess", "pk": 39, "fields": {"user": 35, "hospital": 3, "role": "emergency_operator", "status": "active", "can_switch": true, "is_primary": true, "revoked_at": null, "revoked_by": null, "revoked_reason": "", "left_at": null, "left_reason": ""}}, {"model": "hospital.hospitalaccess", "pk": 40, "fields": {"user": 36, "hospital": 3, "role": "emergency_operator", "status": "active", "can_switch": true, "is_primary": true, "revoked_at": null, "revoked_by": null, "revoked_reason": "", "left_at": null, "left_reason": ""}}, {"model": "hospital.hospitalaccess", "pk": 41, "fields": {"user": 37, "hospital": 3, "role": "patient", "status": "active", "can_switch": true, "is_primary": false, "revoked_at": null, "revoked_by": null, "revoked_reason": "", "left_at": null, "left_reason": ""}}, {"model": "hospital.hospitalaccess", "pk": 42, "fields": {"user": 38, "hospital": 3, "role": "patient", "status": "active", "can_switch": true, "is_primary": false, "revoked_at": null, "revoked_by": null, "revoked_reason": "", "left_at": null, "left_reason": ""}}, {"model": "hospital.hospitalaccess", "pk": 43, "fields": {"user": 25, "hospital": 1, "role": "nurse", "status": "active", "can_switch": true, "is_primary": false, "revoked_at": null, "revoked_by": null, "revoked_reason": "", "left_at": null, "left_reason": ""}}, {"model": "hospital.hospitalaccess", "pk": 44, "fields": {"user": 40, "hospital": 3, "role": "pharmacist", "status": "active", "can_switch": true, "is_primary": true, "revoked_at": null, "revoked_by": null, "revoked_reason": "", "left_at": null, "left_reason": ""}}, {"model": "hospital.hospitalinvitation", "pk": 1, "fields": {"hospital": 1, "role": "nurse", "code": "NURSE-ONE", "created_by": 1, "invitee_name": "Ward Nurse", "invitee_email": "nurse@bayhealth.local", "note": "", "expires_at": null, "redeemed_by": null, "redeemed_at": null, "is_active": true, "created_at": "2026-03-25T13:32:21.733Z"}}, {"model": "hospital.hospitalinvitation", "pk": 2, "fields": {"hospital": 2, "role": "receptionist", "code": "RECEPTION-2", "created_by": 1, "invitee_name": "Front Desk", "invitee_email": "reception@bayhealth.local", "note": "", "expires_at": null, "redeemed_by": null, "redeemed_at": null, "is_active": true, "created_at": "2026-03-25T13:32:21.865Z"}}, {"model": "hospital.hospitalinvitation", "pk": 3, "fields": {"hospital": 3, "role": "doctor", "code": "0DCC085F", "created_by": 8, "invitee_name": "Captain Hook", "invitee_email": "captainhook@gmail.com", "note": "Please be good to Us as we continue this journey!", "expires_at": "2027-01-01T18:11:00Z", "redeemed_by": 2, "redeemed_at": "2026-03-25T18:13:48.666Z", "is_active": false, "created_at": "2026-03-25T18:11:35.795Z"}}, {"model": "hospital.hospitalinvitation", "pk": 4, "fields": {"hospital": 3, "role": "nurse", "code": "57DB6376", "created_by": 8, "invitee_name": "Captain Hook", "invitee_email": "captainhook@gmail.com", "note": "Welcome to Hooks Specialists and services.", "expires_at": "2027-01-01T06:28:00Z", "redeemed_by": 4, "redeemed_at": "2026-03-26T06:29:58.879Z", "is_active": false, "created_at": "2026-03-26T06:29:30.036Z"}}, {"model": "hospital.hospitalinvitation", "pk": 5, "fields": {"hospital": 3, "role": "receptionist", "code": "852F04C0", "created_by": 8, "invitee_name": "Captain Hook", "invitee_email": "captainhook@gmail.com", "note": "Welcome Dear Receptionist.", "expires_at": "2027-01-01T06:44:00Z", "redeemed_by": 9, "redeemed_at": "2026-03-26T06:47:39.304Z", "is_active": false, "created_at": "2026-03-26T06:45:04.289Z"}}, {"model": "hospital.hospitalinvitation", "pk": 6, "fields": {"hospital": 1, "role": "nurse", "code": "D6B4AF23", "created_by": 1, "invitee_name": "Admin Central", "invitee_email": "adminc@bayafya.com", "note": "Please feel welcome and work in a professional manner through out the platform.", "expires_at": "2027-01-01T09:00:00Z", "redeemed_by": 25, "redeemed_at": "2026-03-29T09:24:40.161Z", "is_active": false, "created_at": "2026-03-29T08:57:30.841Z"}}, {"model": "hospital.hospitalinvitation", "pk": 7, "fields": {"hospital": 3, "role": "pharmacist", "code": "BC5DE285", "created_by": 22, "invitee_name": "Peter Master", "invitee_email": "beandbe09@gmail.com", "note": "Feel welcome Brother!", "expires_at": "2027-01-01T07:48:00Z", "redeemed_by": 40, "redeemed_at": "2026-03-30T07:50:42.924Z", "is_active": false, "created_at": "2026-03-30T07:49:13.780Z"}}, {"model": "hospital.patient", "pk": 1, "fields": {"user": 3, "hospital": null, "patient_number": "PT-00003", "gender": "unspecified", "insurance_provider": "", "insurance_number": "", "medical_history": "", "emergency_contact_name": "", "emergency_contact_phone": "", "is_deceased": false, "deceased_at": null, "deceased_recorded_hospital": null, "deceased_recorded_by": null, "deceased_notes": ""}}, {"model": "hospital.patient", "pk": 2, "fields": {"user": 5, "hospital": 1, "patient_number": "PT-00005", "gender": "unspecified", "insurance_provider": "", "insurance_number": "", "medical_history": "Baseline chronic care patient for cross-hospital checks.", "emergency_contact_name": "", "emergency_contact_phone": "", "is_deceased": false, "deceased_at": null, "deceased_recorded_hospital": null, "deceased_recorded_by": null, "deceased_notes": ""}}, {"model": "hospital.patient", "pk": 3, "fields": {"user": 6, "hospital": 1, "patient_number": "PT-00006", "gender": "unspecified", "insurance_provider": "", "insurance_number": "", "medical_history": "", "emergency_contact_name": "", "emergency_contact_phone": "", "is_deceased": false, "deceased_at": null, "deceased_recorded_hospital": null, "deceased_recorded_by": null, "deceased_notes": ""}}, {"model": "hospital.patient", "pk": 4, "fields": {"user": 7, "hospital": 2, "patient_number": "PT-00007", "gender": "unspecified", "insurance_provider": "", "insurance_number": "", "medical_history": "", "emergency_contact_name": "", "emergency_contact_phone": "", "is_deceased": false, "deceased_at": null, "deceased_recorded_hospital": null, "deceased_recorded_by": null, "deceased_notes": ""}}, {"model": "hospital.patient", "pk": 5, "fields": {"user": 10, "hospital": 3, "patient_number": "BH-GEN-PT-2603-000010", "gender": "unspecified", "insurance_provider": "BayAfya Community Cover", "insurance_number": "HKS-000010", "medical_history": "Migraine and dehydration", "emergency_contact_name": "Miriam Contact", "emergency_contact_phone": "+2547720000000", "is_deceased": false, "deceased_at": null, "deceased_recorded_hospital": null, "deceased_recorded_by": null, "deceased_notes": ""}}, {"model": "hospital.patient", "pk": 6, "fields": {"user": 11, "hospital": 3, "patient_number": "BH-GEN-PT-2603-000011", "gender": "unspecified", "insurance_provider": "BayAfya Community Cover", "insurance_number": "HKS-000011", "medical_history": "Type 2 diabetes mellitus", "emergency_contact_name": "David Contact", "emergency_contact_phone": "+2547720000001", "is_deceased": false, "deceased_at": null, "deceased_recorded_hospital": null, "deceased_recorded_by": null, "deceased_notes": ""}}, {"model": "hospital.patient", "pk": 7, "fields": {"user": 12, "hospital": 3, "patient_number": "BH-GEN-PT-2603-000012", "gender": "unspecified", "insurance_provider": "BayAfya Community Cover", "insurance_number": "HKS-000012", "medical_history": "Iron deficiency anemia", "emergency_contact_name": "Aisha Contact", "emergency_contact_phone": "+2547720000002", "is_deceased": false, "deceased_at": null, "deceased_recorded_hospital": null, "deceased_recorded_by": null, "deceased_notes": ""}}, {"model": "hospital.patient", "pk": 8, "fields": {"user": 13, "hospital": 3, "patient_number": "BH-GEN-PT-2603-000013", "gender": "unspecified", "insurance_provider": "BayAfya Community Cover", "insurance_number": "HKS-000013", "medical_history": "Hypertension and chronic kidney disease", "emergency_contact_name": "Peter Contact", "emergency_contact_phone": "+2547720000003", "is_deceased": false, "deceased_at": null, "deceased_recorded_hospital": null, "deceased_recorded_by": null, "deceased_notes": ""}}, {"model": "hospital.patient", "pk": 9, "fields": {"user": 14, "hospital": 3, "patient_number": "BH-GEN-PT-2603-000014", "gender": "unspecified", "insurance_provider": "BayAfya Community Cover", "insurance_number": "HKS-000014", "medical_history": "Bronchial asthma", "emergency_contact_name": "Lydia Contact", "emergency_contact_phone": "+2547720000004", "is_deceased": false, "deceased_at": null, "deceased_recorded_hospital": null, "deceased_recorded_by": null, "deceased_notes": ""}}, {"model": "hospital.patient", "pk": 10, "fields": {"user": 15, "hospital": 3, "patient_number": "BH-GEN-PT-2603-000015", "gender": "unspecified", "insurance_provider": "BayAfya Community Cover", "insurance_number": "HKS-000015", "medical_history": "Lumbar disc disease", "emergency_contact_name": "Joseph Contact", "emergency_contact_phone": "+2547720000005", "is_deceased": false, "deceased_at": null, "deceased_recorded_hospital": null, "deceased_recorded_by": null, "deceased_notes": ""}}, {"model": "hospital.patient", "pk": 11, "fields": {"user": 16, "hospital": 3, "patient_number": "BH-GEN-PT-2603-000016", "gender": "unspecified", "insurance_provider": "BayAfya Community Cover", "insurance_number": "HKS-000016", "medical_history": "Osteoarthritis", "emergency_contact_name": "Hilda Contact", "emergency_contact_phone": "+2547720000006", "is_deceased": false, "deceased_at": null, "deceased_recorded_hospital": null, "deceased_recorded_by": null, "deceased_notes": ""}}, {"model": "hospital.patient", "pk": 12, "fields": {"user": 17, "hospital": 3, "patient_number": "BH-GEN-PT-2603-000017", "gender": "unspecified", "insurance_provider": "BayAfya Community Cover", "insurance_number": "HKS-000017", "medical_history": "Peptic ulcer disease", "emergency_contact_name": "Brian Contact", "emergency_contact_phone": "+2547720000007", "is_deceased": false, "deceased_at": null, "deceased_recorded_hospital": null, "deceased_recorded_by": null, "deceased_notes": ""}}, {"model": "hospital.patient", "pk": 13, "fields": {"user": 18, "hospital": 3, "patient_number": "BH-GEN-PT-2603-000018", "gender": "unspecified", "insurance_provider": "BayAfya Community Cover", "insurance_number": "HKS-000018", "medical_history": "Gallstones", "emergency_contact_name": "Sarah Contact", "emergency_contact_phone": "+2547720000008", "is_deceased": false, "deceased_at": null, "deceased_recorded_hospital": null, "deceased_recorded_by": null, "deceased_notes": ""}}, {"model": "hospital.patient", "pk": 14, "fields": {"user": 19, "hospital": 3, "patient_number": "BH-GEN-PT-2603-000019", "gender": "unspecified", "insurance_provider": "BayAfya Community Cover", "insurance_number": "HKS-000019", "medical_history": "Neonatal jaundice", "emergency_contact_name": "Noah Contact", "emergency_contact_phone": "+2547720000009", "is_deceased": false, "deceased_at": null, "deceased_recorded_hospital": null, "deceased_recorded_by": null, "deceased_notes": ""}}, {"model": "hospital.patient", "pk": 15, "fields": {"user": 37, "hospital": 3, "patient_number": "BH-GEN-PT-2603-000037", "gender": "unspecified", "insurance_provider": "BayAfya Community Cover", "insurance_number": "HKS-000037", "medical_history": "Pneumonia", "emergency_contact_name": "Janet Contact", "emergency_contact_phone": "+2547720000010", "is_deceased": false, "deceased_at": null, "deceased_recorded_hospital": null, "deceased_recorded_by": null, "deceased_notes": ""}}, {"model": "hospital.patient", "pk": 16, "fields": {"user": 38, "hospital": 3, "patient_number": "BH-GEN-PT-2603-000038", "gender": "unspecified", "insurance_provider": "BayAfya Community Cover", "insurance_number": "HKS-000038", "medical_history": "Heart failure review", "emergency_contact_name": "Collins Contact", "emergency_contact_phone": "+2547720000011", "is_deceased": false, "deceased_at": null, "deceased_recorded_hospital": null, "deceased_recorded_by": null, "deceased_notes": ""}}, {"model": "hospital.patient", "pk": 17, "fields": {"user": 39, "hospital": null, "patient_number": "BH-GEN-PT-2603-000039", "gender": "unspecified", "insurance_provider": "", "insurance_number": "", "medical_history": "", "emergency_contact_name": "", "emergency_contact_phone": "", "is_deceased": false, "deceased_at": null, "deceased_recorded_hospital": null, "deceased_recorded_by": null, "deceased_notes": ""}}, {"model": "hospital.patient", "pk": 18, "fields": {"user": 41, "hospital": null, "patient_number": "BH-GEN-PT-2603-000041", "gender": "unspecified", "insurance_provider": "", "insurance_number": "", "medical_history": "", "emergency_contact_name": "", "emergency_contact_phone": "", "is_deceased": false, "deceased_at": null, "deceased_recorded_hospital": null, "deceased_recorded_by": null, "deceased_notes": ""}}, {"model": "hospital.doctor", "pk": 1, "fields": {"user": 2, "hospital": 3, "specialization": "Internal Medicine", "department": "Specialist Clinic", "license_number": "LIC-00002", "consultation_fee": "95.00", "available_days": "Monday,Tuesday,Wednesday,Thursday,Friday,Saturday", "start_time": "08:00:00", "end_time": "17:00:00"}}, {"model": "hospital.doctor", "pk": 2, "fields": {"user": 24, "hospital": 3, "specialization": "General Surgery", "department": "Theatre", "license_number": "LIC-00024", "consultation_fee": "130.00", "available_days": "Monday,Tuesday,Wednesday,Thursday,Friday,Saturday", "start_time": "08:00:00", "end_time": "17:00:00"}}, {"model": "hospital.staffprofile", "pk": 1, "fields": {"user": 4, "hospital": null, "employee_id": "NUR-00004", "role": "nurse", "department": "General", "shift_start": null, "shift_end": null, "hourly_rate": "0.00", "certification_expires_on": null, "is_active": true}}, {"model": "hospital.staffprofile", "pk": 2, "fields": {"user": 9, "hospital": null, "employee_id": "REC-00009", "role": "receptionist", "department": "General", "shift_start": null, "shift_end": null, "hourly_rate": "0.00", "certification_expires_on": null, "is_active": true}}, {"model": "hospital.staffprofile", "pk": 3, "fields": {"user": 25, "hospital": 3, "employee_id": "NUR-00025", "role": "nurse", "department": "Nurse", "shift_start": "07:00:00", "shift_end": "16:00:00", "hourly_rate": "18.00", "certification_expires_on": null, "is_active": true}}, {"model": "hospital.staffprofile", "pk": 4, "fields": {"user": 26, "hospital": 3, "employee_id": "NUR-00026", "role": "nurse", "department": "Nurse", "shift_start": "07:00:00", "shift_end": "16:00:00", "hourly_rate": "18.00", "certification_expires_on": null, "is_active": true}}, {"model": "hospital.staffprofile", "pk": 5, "fields": {"user": 27, "hospital": 3, "employee_id": "REC-00027", "role": "receptionist", "department": "Receptionist", "shift_start": "07:00:00", "shift_end": "16:00:00", "hourly_rate": "12.00", "certification_expires_on": null, "is_active": true}}, {"model": "hospital.staffprofile", "pk": 6, "fields": {"user": 28, "hospital": 3, "employee_id": "REC-00028", "role": "receptionist", "department": "Receptionist", "shift_start": "07:00:00", "shift_end": "16:00:00", "hourly_rate": "12.00", "certification_expires_on": null, "is_active": true}}, {"model": "hospital.staffprofile", "pk": 7, "fields": {"user": 29, "hospital": 3, "employee_id": "LAB-00029", "role": "lab_technician", "department": "Lab Technician", "shift_start": "07:00:00", "shift_end": "16:00:00", "hourly_rate": "12.00", "certification_expires_on": null, "is_active": true}}, {"model": "hospital.staffprofile", "pk": 8, "fields": {"user": 30, "hospital": 3, "employee_id": "LAB-00030", "role": "lab_technician", "department": "Lab Technician", "shift_start": "07:00:00", "shift_end": "16:00:00", "hourly_rate": "12.00", "certification_expires_on": null, "is_active": true}}, {"model": "hospital.ward", "pk": 1, "fields": {"name": "Central Surgical Ward", "hospital": 1, "ward_type": "general", "location": "Block A", "capacity": 12}}, {"model": "hospital.ward", "pk": 2, "fields": {"name": "East Recovery Ward", "hospital": 2, "ward_type": "emergency", "location": "Block B", "capacity": 8}}, {"model": "hospital.ward", "pk": 3, "fields": {"name": "Hooks Specialist Ward", "hospital": 3, "ward_type": "general", "location": "Consultant Block", "capacity": 18}}, {"model": "hospital.ward", "pk": 4, "fields": {"name": "Hooks Emergency Ward", "hospital": 3, "ward_type": "emergency", "location": "Hooks Emergency Ward", "capacity": 10}}, {"model": "hospital.ward", "pk": 5, "fields": {"name": "Hooks ICU", "hospital": 3, "ward_type": "icu", "location": "Hooks ICU", "capacity": 6}}, {"model": "hospital.ward", "pk": 6, "fields": {"name": "Hooks Medical Ward", "hospital": 3, "ward_type": "general", "location": "Hooks Medical Ward", "capacity": 18}}, {"model": "hospital.ward", "pk": 7, "fields": {"name": "Hooks Pediatric Ward", "hospital": 3, "ward_type": "pediatric", "location": "Hooks Pediatric Ward", "capacity": 8}}, {"model": "hospital.bed", "pk": 1, "fields": {"hospital": 3, "ward": 4, "bed_number": "EME-1", "is_isolation": false, "is_occupied": false, "current_patient": null}}, {"model": "hospital.bed", "pk": 2, "fields": {"hospital": 3, "ward": 4, "bed_number": "EME-2", "is_isolation": false, "is_occupied": false, "current_patient": null}}, {"model": "hospital.bed", "pk": 3, "fields": {"hospital": 3, "ward": 4, "bed_number": "EME-3", "is_isolation": false, "is_occupied": false, "current_patient": null}}, {"model": "hospital.bed", "pk": 4, "fields": {"hospital": 3, "ward": 4, "bed_number": "EME-4", "is_isolation": false, "is_occupied": false, "current_patient": null}}, {"model": "hospital.bed", "pk": 5, "fields": {"hospital": 3, "ward": 4, "bed_number": "EME-5", "is_isolation": false, "is_occupied": false, "current_patient": null}}, {"model": "hospital.bed", "pk": 6, "fields": {"hospital": 3, "ward": 4, "bed_number": "EME-6", "is_isolation": false, "is_occupied": true, "current_patient": 16}}, {"model": "hospital.bed", "pk": 7, "fields": {"hospital": 3, "ward": 5, "bed_number": "ICU-1", "is_isolation": false, "is_occupied": false, "current_patient": null}}, {"model": "hospital.bed", "pk": 8, "fields": {"hospital": 3, "ward": 5, "bed_number": "ICU-2", "is_isolation": false, "is_occupied": false, "current_patient": null}}, {"model": "hospital.bed", "pk": 9, "fields": {"hospital": 3, "ward": 5, "bed_number": "ICU-3", "is_isolation": false, "is_occupied": false, "current_patient": null}}, {"model": "hospital.bed", "pk": 10, "fields": {"hospital": 3, "ward": 5, "bed_number": "ICU-4", "is_isolation": false, "is_occupied": false, "current_patient": null}}, {"model": "hospital.bed", "pk": 11, "fields": {"hospital": 3, "ward": 5, "bed_number": "ICU-5", "is_isolation": false, "is_occupied": false, "current_patient": null}}, {"model": "hospital.bed", "pk": 12, "fields": {"hospital": 3, "ward": 5, "bed_number": "ICU-6", "is_isolation": false, "is_occupied": false, "current_patient": null}}, {"model": "hospital.bed", "pk": 13, "fields": {"hospital": 3, "ward": 6, "bed_number": "GEN-1", "is_isolation": false, "is_occupied": true, "current_patient": 8}}, {"model": "hospital.bed", "pk": 14, "fields": {"hospital": 3, "ward": 6, "bed_number": "GEN-2", "is_isolation": false, "is_occupied": true, "current_patient": 5}}, {"model": "hospital.bed", "pk": 15, "fields": {"hospital": 3, "ward": 6, "bed_number": "GEN-3", "is_isolation": false, "is_occupied": true, "current_patient": 7}}, {"model": "hospital.bed", "pk": 16, "fields": {"hospital": 3, "ward": 6, "bed_number": "GEN-4", "is_isolation": false, "is_occupied": false, "current_patient": null}}, {"model": "hospital.bed", "pk": 17, "fields": {"hospital": 3, "ward": 6, "bed_number": "GEN-5", "is_isolation": false, "is_occupied": false, "current_patient": null}}, {"model": "hospital.bed", "pk": 18, "fields": {"hospital": 3, "ward": 6, "bed_number": "GEN-6", "is_isolation": false, "is_occupied": false, "current_patient": null}}, {"model": "hospital.bed", "pk": 19, "fields": {"hospital": 3, "ward": 7, "bed_number": "PED-1", "is_isolation": false, "is_occupied": false, "current_patient": null}}, {"model": "hospital.bed", "pk": 20, "fields": {"hospital": 3, "ward": 7, "bed_number": "PED-2", "is_isolation": false, "is_occupied": false, "current_patient": null}}, {"model": "hospital.bed", "pk": 21, "fields": {"hospital": 3, "ward": 7, "bed_number": "PED-3", "is_isolation": false, "is_occupied": false, "current_patient": null}}, {"model": "hospital.bed", "pk": 22, "fields": {"hospital": 3, "ward": 7, "bed_number": "PED-4", "is_isolation": false, "is_occupied": false, "current_patient": null}}, {"model": "hospital.bed", "pk": 23, "fields": {"hospital": 3, "ward": 7, "bed_number": "PED-5", "is_isolation": false, "is_occupied": false, "current_patient": null}}, {"model": "hospital.bed", "pk": 24, "fields": {"hospital": 3, "ward": 7, "bed_number": "PED-6", "is_isolation": false, "is_occupied": false, "current_patient": null}}, {"model": "hospital.admission", "pk": 1, "fields": {"patient": 8, "hospital": 3, "attending_doctor": 1, "ward": 6, "bed": 13, "admission_reason": "Renal monitoring and pressure stabilization", "status": "active", "admitted_at": "2026-03-22T16:42:29.050Z", "discharged_at": null, "notes": "Seeded admission."}}, {"model": "hospital.admission", "pk": 2, "fields": {"patient": 15, "hospital": 3, "attending_doctor": 2, "ward": 5, "bed": 7, "admission_reason": "Respiratory support and close observation", "status": "discharged", "admitted_at": "2026-03-22T16:42:29.050Z", "discharged_at": "2026-03-26T16:42:29.050Z", "notes": "Seeded admission."}}, {"model": "hospital.admission", "pk": 3, "fields": {"patient": 5, "hospital": 3, "attending_doctor": 2, "ward": 6, "bed": 14, "admission_reason": "Patient was showing signs of increased restlessness after being injected the c24 clinical trial drug", "status": "active", "admitted_at": "2026-03-27T16:46:14.713Z", "discharged_at": null, "notes": "Please look at patient keenly for any signs of change."}}, {"model": "hospital.admission", "pk": 4, "fields": {"patient": 8, "hospital": 3, "attending_doctor": 1, "ward": 6, "bed": 13, "admission_reason": "Renal monitoring and pressure stabilization", "status": "active", "admitted_at": "2026-03-22T18:29:53.531Z", "discharged_at": null, "notes": "Seeded admission."}}, {"model": "hospital.admission", "pk": 5, "fields": {"patient": 15, "hospital": 3, "attending_doctor": 2, "ward": 5, "bed": 7, "admission_reason": "Respiratory support and close observation", "status": "discharged", "admitted_at": "2026-03-22T18:29:53.531Z", "discharged_at": "2026-03-26T18:29:53.531Z", "notes": "Seeded admission."}}, {"model": "hospital.admission", "pk": 6, "fields": {"patient": 8, "hospital": 3, "attending_doctor": 1, "ward": 6, "bed": 13, "admission_reason": "Renal monitoring and pressure stabilization", "status": "active", "admitted_at": "2026-03-22T18:33:14.371Z", "discharged_at": null, "notes": "Seeded admission."}}, {"model": "hospital.admission", "pk": 7, "fields": {"patient": 15, "hospital": 3, "attending_doctor": 2, "ward": 5, "bed": 7, "admission_reason": "Respiratory support and close observation", "status": "discharged", "admitted_at": "2026-03-22T18:33:14.371Z", "discharged_at": "2026-03-26T18:33:14.371Z", "notes": "Seeded admission."}}, {"model": "hospital.admission", "pk": 8, "fields": {"patient": 8, "hospital": 3, "attending_doctor": 1, "ward": 6, "bed": 13, "admission_reason": "Renal monitoring and pressure stabilization", "status": "active", "admitted_at": "2026-03-22T19:02:24.779Z", "discharged_at": null, "notes": "Seeded admission."}}, {"model": "hospital.admission", "pk": 9, "fields": {"patient": 15, "hospital": 3, "attending_doctor": 2, "ward": 5, "bed": 7, "admission_reason": "Respiratory support and close observation", "status": "discharged", "admitted_at": "2026-03-22T19:02:24.779Z", "discharged_at": "2026-03-26T19:02:24.779Z", "notes": "Seeded admission."}}, {"model": "hospital.admission", "pk": 10, "fields": {"patient": 8, "hospital": 3, "attending_doctor": 1, "ward": 6, "bed": 13, "admission_reason": "Renal monitoring and pressure stabilization", "status": "active", "admitted_at": "2026-03-22T19:33:21.941Z", "discharged_at": null, "notes": "Seeded admission."}}, {"model": "hospital.admission", "pk": 11, "fields": {"patient": 15, "hospital": 3, "attending_doctor": 2, "ward": 5, "bed": 7, "admission_reason": "Respiratory support and close observation", "status": "discharged", "admitted_at": "2026-03-22T19:33:21.941Z", "discharged_at": "2026-03-26T19:33:21.941Z", "notes": "Seeded admission."}}, {"model": "hospital.admission", "pk": 12, "fields": {"patient": 16, "hospital": 3, "attending_doctor": 2, "ward": 4, "bed": 6, "admission_reason": "Patient is in critical condition and might need to be prepared immediately.", "status": "active", "admitted_at": "2026-03-29T06:38:46.401Z", "discharged_at": null, "notes": "Patient is in critical condition and might need to be prepared immediately."}}, {"model": "hospital.admission", "pk": 13, "fields": {"patient": 7, "hospital": 3, "attending_doctor": 2, "ward": 6, "bed": 15, "admission_reason": "jnjkfnjsnafi", "status": "active", "admitted_at": "2026-03-29T11:00:44.232Z", "discharged_at": null, "notes": "snfoaoaon"}}, {"model": "hospital.bedtransfer", "pk": 1, "fields": {"admission": 2, "from_bed": 7, "to_bed": 14, "reason": "Seeded bed change.", "transferred_at": "2026-03-27T16:45:23.993Z"}}, {"model": "hospital.bedtransfer", "pk": 2, "fields": {"admission": 5, "from_bed": 7, "to_bed": 14, "reason": "Seeded bed change.", "transferred_at": "2026-03-27T18:31:47.554Z"}}, {"model": "hospital.bedtransfer", "pk": 3, "fields": {"admission": 7, "from_bed": 7, "to_bed": 14, "reason": "Seeded bed change.", "transferred_at": "2026-03-27T18:35:01.579Z"}}, {"model": "hospital.bedtransfer", "pk": 4, "fields": {"admission": 9, "from_bed": 7, "to_bed": 14, "reason": "Seeded bed change.", "transferred_at": "2026-03-27T19:04:52.483Z"}}, {"model": "hospital.bedtransfer", "pk": 5, "fields": {"admission": 11, "from_bed": 7, "to_bed": 14, "reason": "Seeded bed change.", "transferred_at": "2026-03-27T19:35:17.029Z"}}, {"model": "hospital.bedtransfer", "pk": 6, "fields": {"admission": 13, "from_bed": 7, "to_bed": 15, "reason": "Patient appearing to be getting stable.", "transferred_at": "2026-03-29T11:09:43.493Z"}}, {"model": "hospital.dischargesummary", "pk": 1, "fields": {"admission": 2, "final_diagnosis": "Pneumonia", "summary": "Seeded discharge summary.", "follow_up_plan": "Return in one week.", "prepared_by": 2, "created_at": "2026-03-27T16:45:24.540Z"}}, {"model": "hospital.dischargesummary", "pk": 2, "fields": {"admission": 5, "final_diagnosis": "Pneumonia", "summary": "Seeded discharge summary.", "follow_up_plan": "Return in one week.", "prepared_by": 2, "created_at": "2026-03-27T18:31:48.104Z"}}, {"model": "hospital.dischargesummary", "pk": 3, "fields": {"admission": 7, "final_diagnosis": "Pneumonia", "summary": "Seeded discharge summary.", "follow_up_plan": "Return in one week.", "prepared_by": 2, "created_at": "2026-03-27T18:35:02.580Z"}}, {"model": "hospital.dischargesummary", "pk": 4, "fields": {"admission": 9, "final_diagnosis": "Pneumonia", "summary": "Seeded discharge summary.", "follow_up_plan": "Return in one week.", "prepared_by": 2, "created_at": "2026-03-27T19:04:53.362Z"}}, {"model": "hospital.dischargesummary", "pk": 5, "fields": {"admission": 11, "final_diagnosis": "Pneumonia", "summary": "Seeded discharge summary.", "follow_up_plan": "Return in one week.", "prepared_by": 2, "created_at": "2026-03-27T19:35:17.673Z"}}, {"model": "hospital.queueticket", "pk": 1, "fields": {"appointment": 2, "hospital": 3, "ticket_number": "HKS-Q-001", "estimated_wait_minutes": 15, "status": "queued", "called_at": null, "seen_at": null}}, {"model": "hospital.queueticket", "pk": 2, "fields": {"appointment": 4, "hospital": 3, "ticket_number": "HKS-Q-003", "estimated_wait_minutes": 17, "status": "queued", "called_at": null, "seen_at": null}}, {"model": "hospital.queueticket", "pk": 3, "fields": {"appointment": 6, "hospital": 3, "ticket_number": "HKS-Q-005", "estimated_wait_minutes": 19, "status": "queued", "called_at": null, "seen_at": null}}, {"model": "hospital.queueticket", "pk": 4, "fields": {"appointment": 8, "hospital": 3, "ticket_number": "HKS-Q-007", "estimated_wait_minutes": 21, "status": "queued", "called_at": null, "seen_at": null}}, {"model": "hospital.queueticket", "pk": 5, "fields": {"appointment": 10, "hospital": 3, "ticket_number": "HKS-Q-009", "estimated_wait_minutes": 23, "status": "queued", "called_at": null, "seen_at": null}}, {"model": "hospital.queueticket", "pk": 6, "fields": {"appointment": 12, "hospital": 3, "ticket_number": "HKS-Q-011", "estimated_wait_minutes": 25, "status": "queued", "called_at": null, "seen_at": null}}, {"model": "hospital.walkinencounter", "pk": 1, "fields": {"patient": 5, "hospital": 3, "registered_by": 27, "triaged_by": 25, "attending_doctor": 1, "linked_appointment": null, "medical_record": 28, "admission": null, "ticket_number": "WK-HOOKSS-2703-0005", "queue_position": 1, "symptoms": "Severe headache with vomiting for three days.", "current_state": "Seeded current-state note.", "triage_notes": "Seeded triage note.", "doctor_notes": "Seeded doctor note.", "lab_summary": "", "pharmacy_instructions": "", "severity_index": 54, "severity_band": "moderate", "is_critical": false, "status": "completed", "arrived_at": "2026-03-27T10:42:29.050Z", "triaged_at": "2026-03-27T11:42:29.050Z", "consultation_started_at": "2026-03-27T12:42:29.050Z", "consultation_completed_at": "2026-03-27T13:42:29.050Z", "completed_at": "2026-03-27T14:42:29.050Z", "last_updated_at": "2026-03-27T16:45:07.790Z"}}, {"model": "hospital.walkinencounter", "pk": 2, "fields": {"patient": 6, "hospital": 3, "registered_by": 28, "triaged_by": 26, "attending_doctor": 2, "linked_appointment": null, "medical_record": 29, "admission": null, "ticket_number": "WK-HOOKSS-2703-0006", "queue_position": 2, "symptoms": "Uncontrolled blood sugar with dizziness.", "current_state": "Seeded current-state note.", "triage_notes": "Seeded triage note.", "doctor_notes": "Seeded doctor note.", "lab_summary": "", "pharmacy_instructions": "", "severity_index": 76, "severity_band": "high", "is_critical": false, "status": "waiting_doctor", "arrived_at": "2026-03-27T09:42:29.050Z", "triaged_at": "2026-03-27T10:42:29.050Z", "consultation_started_at": "2026-03-27T11:42:29.050Z", "consultation_completed_at": "2026-03-27T12:42:29.050Z", "completed_at": null, "last_updated_at": "2026-03-27T16:45:10.025Z"}}, {"model": "hospital.walkinencounter", "pk": 3, "fields": {"patient": 7, "hospital": 3, "registered_by": 27, "triaged_by": 25, "attending_doctor": 1, "linked_appointment": null, "medical_record": 30, "admission": null, "ticket_number": "WK-HOOKSS-2703-0007", "queue_position": 3, "symptoms": "Fatigue and exertional shortness of breath.", "current_state": "Seeded current-state note.", "triage_notes": "Seeded triage note.", "doctor_notes": "Seeded doctor note.", "lab_summary": "", "pharmacy_instructions": "", "severity_index": 61, "severity_band": "moderate", "is_critical": false, "status": "awaiting_lab", "arrived_at": "2026-03-27T08:42:29.050Z", "triaged_at": "2026-03-27T09:42:29.050Z", "consultation_started_at": "2026-03-27T10:42:29.050Z", "consultation_completed_at": "2026-03-27T11:42:29.050Z", "completed_at": null, "last_updated_at": "2026-03-27T16:45:11.861Z"}}, {"model": "hospital.walkinencounter", "pk": 4, "fields": {"patient": 13, "hospital": 3, "registered_by": 28, "triaged_by": 26, "attending_doctor": 2, "linked_appointment": null, "medical_record": 31, "admission": null, "ticket_number": "WK-HOOKSS-2703-0013", "queue_position": 4, "symptoms": "Persistent diarrhea and headaches.", "current_state": "Really fatigued and appears malnaurished and out of shape", "triage_notes": "Seeded triage note.", "doctor_notes": "Seeded doctor note.", "lab_summary": "", "pharmacy_instructions": "", "severity_index": 58, "severity_band": "moderate", "is_critical": false, "status": "completed", "arrived_at": "2026-03-27T07:42:29.050Z", "triaged_at": "2026-03-27T08:42:29.050Z", "consultation_started_at": "2026-03-27T09:42:29.050Z", "consultation_completed_at": "2026-03-27T10:42:29.050Z", "completed_at": "2026-03-30T13:07:10.650Z", "last_updated_at": "2026-03-30T13:07:10.651Z"}}, {"model": "hospital.walkinencounter", "pk": 5, "fields": {"patient": 15, "hospital": 3, "registered_by": 27, "triaged_by": 25, "attending_doctor": 1, "linked_appointment": null, "medical_record": 33, "admission": null, "ticket_number": "WK-HOOKSS-2703-0015", "queue_position": 5, "symptoms": "High fever, dehydration, and worsening cough.", "current_state": "Seeded current-state note.", "triage_notes": "Seeded triage note.", "doctor_notes": "Make sure to give patient full amoxcylin dosage please", "lab_summary": "Seeded abnormal result requiring escalation.", "pharmacy_instructions": "", "severity_index": 88, "severity_band": "critical", "is_critical": true, "status": "completed", "arrived_at": "2026-03-27T06:42:29.050Z", "triaged_at": "2026-03-27T07:42:29.050Z", "consultation_started_at": "2026-03-27T08:42:29.050Z", "consultation_completed_at": "2026-03-27T17:50:00.722Z", "completed_at": "2026-03-30T13:05:20.021Z", "last_updated_at": "2026-03-30T13:05:20.021Z"}}, {"model": "hospital.walkinencounter", "pk": 6, "fields": {"patient": 5, "hospital": 3, "registered_by": 27, "triaged_by": 25, "attending_doctor": 1, "linked_appointment": null, "medical_record": 110, "admission": null, "ticket_number": "HKS-WI-001", "queue_position": 1, "symptoms": "Severe headache with vomiting for three days.", "current_state": "Seeded current-state note.", "triage_notes": "Seeded triage note.", "doctor_notes": "Seeded doctor note.", "lab_summary": "", "pharmacy_instructions": "", "severity_index": 54, "severity_band": "moderate", "is_critical": false, "status": "completed", "arrived_at": "2026-03-27T13:33:21.941Z", "triaged_at": "2026-03-27T14:33:21.941Z", "consultation_started_at": "2026-03-27T15:33:21.941Z", "consultation_completed_at": "2026-03-27T16:33:21.941Z", "completed_at": "2026-03-27T17:33:21.941Z", "last_updated_at": "2026-03-27T19:35:03.168Z"}}, {"model": "hospital.walkinencounter", "pk": 7, "fields": {"patient": 6, "hospital": 3, "registered_by": 28, "triaged_by": 26, "attending_doctor": 2, "linked_appointment": null, "medical_record": 111, "admission": null, "ticket_number": "HKS-WI-002", "queue_position": 2, "symptoms": "Uncontrolled blood sugar with dizziness.", "current_state": "Seeded current-state note.", "triage_notes": "Seeded triage note.", "doctor_notes": "Seeded doctor note.", "lab_summary": "", "pharmacy_instructions": "", "severity_index": 76, "severity_band": "high", "is_critical": false, "status": "waiting_doctor", "arrived_at": "2026-03-27T12:33:21.941Z", "triaged_at": "2026-03-27T13:33:21.941Z", "consultation_started_at": "2026-03-27T14:33:21.941Z", "consultation_completed_at": "2026-03-27T15:33:21.941Z", "completed_at": null, "last_updated_at": "2026-03-27T19:35:05.917Z"}}, {"model": "hospital.walkinencounter", "pk": 8, "fields": {"patient": 7, "hospital": 3, "registered_by": 27, "triaged_by": 25, "attending_doctor": 1, "linked_appointment": null, "medical_record": 112, "admission": null, "ticket_number": "HKS-WI-003", "queue_position": 3, "symptoms": "Fatigue and exertional shortness of breath.", "current_state": "Seeded current-state note.", "triage_notes": "Seeded triage note.", "doctor_notes": "Seeded doctor note.", "lab_summary": "", "pharmacy_instructions": "", "severity_index": 61, "severity_band": "moderate", "is_critical": false, "status": "awaiting_lab", "arrived_at": "2026-03-27T11:33:21.941Z", "triaged_at": "2026-03-27T12:33:21.941Z", "consultation_started_at": "2026-03-27T13:33:21.941Z", "consultation_completed_at": "2026-03-27T14:33:21.941Z", "completed_at": null, "last_updated_at": "2026-03-27T19:35:07.797Z"}}, {"model": "hospital.walkinencounter", "pk": 9, "fields": {"patient": 13, "hospital": 3, "registered_by": 28, "triaged_by": 26, "attending_doctor": 2, "linked_appointment": null, "medical_record": 113, "admission": null, "ticket_number": "HKS-WI-004", "queue_position": 4, "symptoms": "Biliary colic after meals.", "current_state": "Seeded current-state note.", "triage_notes": "Seeded triage note.", "doctor_notes": "Seeded doctor note.", "lab_summary": "", "pharmacy_instructions": "", "severity_index": 58, "severity_band": "moderate", "is_critical": false, "status": "completed", "arrived_at": "2026-03-27T10:33:21.941Z", "triaged_at": "2026-03-27T11:33:21.941Z", "consultation_started_at": "2026-03-27T12:33:21.941Z", "consultation_completed_at": "2026-03-27T13:33:21.941Z", "completed_at": "2026-03-30T13:07:02.145Z", "last_updated_at": "2026-03-30T13:07:02.145Z"}}, {"model": "hospital.walkinencounter", "pk": 10, "fields": {"patient": 15, "hospital": 3, "registered_by": 27, "triaged_by": 25, "attending_doctor": 1, "linked_appointment": null, "medical_record": 114, "admission": null, "ticket_number": "HKS-WI-005", "queue_position": 5, "symptoms": "High fever, dehydration, and worsening cough.", "current_state": "Seeded current-state note.", "triage_notes": "Seeded triage note.", "doctor_notes": "Seeded doctor note.", "lab_summary": "Seeded abnormal result requiring escalation.", "pharmacy_instructions": "", "severity_index": 88, "severity_band": "critical", "is_critical": true, "status": "lab_ready", "arrived_at": "2026-03-27T09:33:21.941Z", "triaged_at": "2026-03-27T10:33:21.941Z", "consultation_started_at": "2026-03-27T11:33:21.941Z", "consultation_completed_at": "2026-03-27T12:33:21.941Z", "completed_at": null, "last_updated_at": "2026-03-27T19:35:14.617Z"}}, {"model": "hospital.walkinencounter", "pk": 11, "fields": {"patient": 2, "hospital": 1, "registered_by": 25, "triaged_by": 25, "attending_doctor": 1, "linked_appointment": null, "medical_record": 117, "admission": null, "ticket_number": "WK-BAYCEN-2903-0002", "queue_position": 1, "symptoms": "Fever, headaches, pain in joints and vomiting with persistent diarrhea", "current_state": "Weak and partiallty responsive, frail.", "triage_notes": "Patient need immediate medical attention and should be handled with quick response and care\nWalk-in triage captured and ready for prioritization.\nSeverity was estimated from recorded symptoms, current state, and vitals.", "doctor_notes": "Please make sure patient is given proper regimen to handle the current malaria outbreak.", "lab_summary": "", "pharmacy_instructions": "", "severity_index": 68, "severity_band": "high", "is_critical": true, "status": "admission_review", "arrived_at": "2026-03-29T09:29:50.966Z", "triaged_at": "2026-03-29T09:35:21.664Z", "consultation_started_at": "2026-03-29T09:58:39.892Z", "consultation_completed_at": "2026-03-29T09:58:39.930Z", "completed_at": null, "last_updated_at": "2026-03-29T09:58:39.982Z"}}, {"model": "hospital.walkinevent", "pk": 1, "fields": {"encounter": 1, "actor": 27, "stage": "intake", "note": "Walk-in registered at the reception desk.", "created_at": "2026-03-27T16:45:08.036Z"}}, {"model": "hospital.walkinevent", "pk": 2, "fields": {"encounter": 1, "actor": 25, "stage": "triage", "note": "Triage completed and severity recorded.", "created_at": "2026-03-27T16:45:08.193Z"}}, {"model": "hospital.walkinevent", "pk": 3, "fields": {"encounter": 2, "actor": 28, "stage": "intake", "note": "Walk-in registered at the reception desk.", "created_at": "2026-03-27T16:45:10.332Z"}}, {"model": "hospital.walkinevent", "pk": 4, "fields": {"encounter": 2, "actor": 26, "stage": "triage", "note": "Triage completed and severity recorded.", "created_at": "2026-03-27T16:45:10.493Z"}}, {"model": "hospital.walkinevent", "pk": 5, "fields": {"encounter": 3, "actor": 27, "stage": "intake", "note": "Walk-in registered at the reception desk.", "created_at": "2026-03-27T16:45:12.059Z"}}, {"model": "hospital.walkinevent", "pk": 6, "fields": {"encounter": 3, "actor": 25, "stage": "triage", "note": "Triage completed and severity recorded.", "created_at": "2026-03-27T16:45:12.240Z"}}, {"model": "hospital.walkinevent", "pk": 7, "fields": {"encounter": 4, "actor": 28, "stage": "intake", "note": "Walk-in registered at the reception desk.", "created_at": "2026-03-27T16:45:14.780Z"}}, {"model": "hospital.walkinevent", "pk": 8, "fields": {"encounter": 4, "actor": 26, "stage": "triage", "note": "Triage completed and severity recorded.", "created_at": "2026-03-27T16:45:14.885Z"}}, {"model": "hospital.walkinevent", "pk": 9, "fields": {"encounter": 5, "actor": 27, "stage": "intake", "note": "Walk-in registered at the reception desk.", "created_at": "2026-03-27T16:45:17.360Z"}}, {"model": "hospital.walkinevent", "pk": 10, "fields": {"encounter": 5, "actor": 25, "stage": "triage", "note": "Triage completed and severity recorded.", "created_at": "2026-03-27T16:45:17.545Z"}}, {"model": "hospital.walkinevent", "pk": 11, "fields": {"encounter": 5, "actor": 29, "stage": "lab_result", "note": "Lab result completed for CBC.", "created_at": "2026-03-27T16:45:20.854Z"}}, {"model": "hospital.walkinevent", "pk": 12, "fields": {"encounter": 5, "actor": 2, "stage": "consultation", "note": "Doctor consultation recorded and downstream tasks were generated where required.", "created_at": "2026-03-27T17:50:00.730Z"}}, {"model": "hospital.walkinevent", "pk": 13, "fields": {"encounter": 4, "actor": 27, "stage": "intake_refresh", "note": "Walk-in queue details were refreshed at the front desk.", "created_at": "2026-03-27T17:54:37.978Z"}}, {"model": "hospital.walkinevent", "pk": 14, "fields": {"encounter": 6, "actor": 27, "stage": "intake", "note": "Walk-in registered at the reception desk.", "created_at": "2026-03-27T18:31:31.683Z"}}, {"model": "hospital.walkinevent", "pk": 15, "fields": {"encounter": 6, "actor": 25, "stage": "triage", "note": "Triage completed and severity recorded.", "created_at": "2026-03-27T18:31:31.872Z"}}, {"model": "hospital.walkinevent", "pk": 16, "fields": {"encounter": 7, "actor": 28, "stage": "intake", "note": "Walk-in registered at the reception desk.", "created_at": "2026-03-27T18:31:35.079Z"}}, {"model": "hospital.walkinevent", "pk": 17, "fields": {"encounter": 7, "actor": 26, "stage": "triage", "note": "Triage completed and severity recorded.", "created_at": "2026-03-27T18:31:35.263Z"}}, {"model": "hospital.walkinevent", "pk": 18, "fields": {"encounter": 8, "actor": 27, "stage": "intake", "note": "Walk-in registered at the reception desk.", "created_at": "2026-03-27T18:31:37.775Z"}}, {"model": "hospital.walkinevent", "pk": 19, "fields": {"encounter": 8, "actor": 25, "stage": "triage", "note": "Triage completed and severity recorded.", "created_at": "2026-03-27T18:31:38.026Z"}}, {"model": "hospital.walkinevent", "pk": 20, "fields": {"encounter": 9, "actor": 28, "stage": "intake", "note": "Walk-in registered at the reception desk.", "created_at": "2026-03-27T18:31:40.936Z"}}, {"model": "hospital.walkinevent", "pk": 21, "fields": {"encounter": 9, "actor": 26, "stage": "triage", "note": "Triage completed and severity recorded.", "created_at": "2026-03-27T18:31:41.122Z"}}, {"model": "hospital.walkinevent", "pk": 22, "fields": {"encounter": 10, "actor": 27, "stage": "intake", "note": "Walk-in registered at the reception desk.", "created_at": "2026-03-27T18:31:43.323Z"}}, {"model": "hospital.walkinevent", "pk": 23, "fields": {"encounter": 10, "actor": 25, "stage": "triage", "note": "Triage completed and severity recorded.", "created_at": "2026-03-27T18:31:43.447Z"}}, {"model": "hospital.walkinevent", "pk": 24, "fields": {"encounter": 10, "actor": 29, "stage": "lab_result", "note": "Lab result completed for CBC.", "created_at": "2026-03-27T18:31:45.747Z"}}, {"model": "hospital.walkinevent", "pk": 25, "fields": {"encounter": 6, "actor": 27, "stage": "intake", "note": "Walk-in registered at the reception desk.", "created_at": "2026-03-27T18:34:48.419Z"}}, {"model": "hospital.walkinevent", "pk": 26, "fields": {"encounter": 6, "actor": 25, "stage": "triage", "note": "Triage completed and severity recorded.", "created_at": "2026-03-27T18:34:48.591Z"}}, {"model": "hospital.walkinevent", "pk": 27, "fields": {"encounter": 7, "actor": 28, "stage": "intake", "note": "Walk-in registered at the reception desk.", "created_at": "2026-03-27T18:34:50.653Z"}}, {"model": "hospital.walkinevent", "pk": 28, "fields": {"encounter": 7, "actor": 26, "stage": "triage", "note": "Triage completed and severity recorded.", "created_at": "2026-03-27T18:34:50.768Z"}}, {"model": "hospital.walkinevent", "pk": 29, "fields": {"encounter": 8, "actor": 27, "stage": "intake", "note": "Walk-in registered at the reception desk.", "created_at": "2026-03-27T18:34:52.203Z"}}, {"model": "hospital.walkinevent", "pk": 30, "fields": {"encounter": 8, "actor": 25, "stage": "triage", "note": "Triage completed and severity recorded.", "created_at": "2026-03-27T18:34:52.380Z"}}, {"model": "hospital.walkinevent", "pk": 31, "fields": {"encounter": 9, "actor": 28, "stage": "intake", "note": "Walk-in registered at the reception desk.", "created_at": "2026-03-27T18:34:54.833Z"}}, {"model": "hospital.walkinevent", "pk": 32, "fields": {"encounter": 9, "actor": 26, "stage": "triage", "note": "Triage completed and severity recorded.", "created_at": "2026-03-27T18:34:54.956Z"}}, {"model": "hospital.walkinevent", "pk": 33, "fields": {"encounter": 10, "actor": 27, "stage": "intake", "note": "Walk-in registered at the reception desk.", "created_at": "2026-03-27T18:34:56.556Z"}}, {"model": "hospital.walkinevent", "pk": 34, "fields": {"encounter": 10, "actor": 25, "stage": "triage", "note": "Triage completed and severity recorded.", "created_at": "2026-03-27T18:34:56.680Z"}}, {"model": "hospital.walkinevent", "pk": 35, "fields": {"encounter": 10, "actor": 29, "stage": "lab_result", "note": "Lab result completed for CBC.", "created_at": "2026-03-27T18:34:59.114Z"}}, {"model": "hospital.walkinevent", "pk": 36, "fields": {"encounter": 6, "actor": 27, "stage": "intake", "note": "Walk-in registered at the reception desk.", "created_at": "2026-03-27T19:04:38.845Z"}}, {"model": "hospital.walkinevent", "pk": 37, "fields": {"encounter": 6, "actor": 25, "stage": "triage", "note": "Triage completed and severity recorded.", "created_at": "2026-03-27T19:04:39.021Z"}}, {"model": "hospital.walkinevent", "pk": 38, "fields": {"encounter": 7, "actor": 28, "stage": "intake", "note": "Walk-in registered at the reception desk.", "created_at": "2026-03-27T19:04:41.177Z"}}, {"model": "hospital.walkinevent", "pk": 39, "fields": {"encounter": 7, "actor": 26, "stage": "triage", "note": "Triage completed and severity recorded.", "created_at": "2026-03-27T19:04:41.332Z"}}, {"model": "hospital.walkinevent", "pk": 40, "fields": {"encounter": 8, "actor": 27, "stage": "intake", "note": "Walk-in registered at the reception desk.", "created_at": "2026-03-27T19:04:42.793Z"}}, {"model": "hospital.walkinevent", "pk": 41, "fields": {"encounter": 8, "actor": 25, "stage": "triage", "note": "Triage completed and severity recorded.", "created_at": "2026-03-27T19:04:42.918Z"}}, {"model": "hospital.walkinevent", "pk": 42, "fields": {"encounter": 9, "actor": 28, "stage": "intake", "note": "Walk-in registered at the reception desk.", "created_at": "2026-03-27T19:04:44.631Z"}}, {"model": "hospital.walkinevent", "pk": 43, "fields": {"encounter": 9, "actor": 26, "stage": "triage", "note": "Triage completed and severity recorded.", "created_at": "2026-03-27T19:04:44.804Z"}}, {"model": "hospital.walkinevent", "pk": 44, "fields": {"encounter": 10, "actor": 27, "stage": "intake", "note": "Walk-in registered at the reception desk.", "created_at": "2026-03-27T19:04:46.626Z"}}, {"model": "hospital.walkinevent", "pk": 45, "fields": {"encounter": 10, "actor": 25, "stage": "triage", "note": "Triage completed and severity recorded.", "created_at": "2026-03-27T19:04:46.902Z"}}, {"model": "hospital.walkinevent", "pk": 46, "fields": {"encounter": 10, "actor": 29, "stage": "lab_result", "note": "Lab result completed for CBC.", "created_at": "2026-03-27T19:04:49.346Z"}}, {"model": "hospital.walkinevent", "pk": 47, "fields": {"encounter": 6, "actor": 27, "stage": "intake", "note": "Walk-in registered at the reception desk.", "created_at": "2026-03-27T19:35:03.521Z"}}, {"model": "hospital.walkinevent", "pk": 48, "fields": {"encounter": 6, "actor": 25, "stage": "triage", "note": "Triage completed and severity recorded.", "created_at": "2026-03-27T19:35:03.722Z"}}, {"model": "hospital.walkinevent", "pk": 49, "fields": {"encounter": 7, "actor": 28, "stage": "intake", "note": "Walk-in registered at the reception desk.", "created_at": "2026-03-27T19:35:06.403Z"}}, {"model": "hospital.walkinevent", "pk": 50, "fields": {"encounter": 7, "actor": 26, "stage": "triage", "note": "Triage completed and severity recorded.", "created_at": "2026-03-27T19:35:06.604Z"}}, {"model": "hospital.walkinevent", "pk": 51, "fields": {"encounter": 8, "actor": 27, "stage": "intake", "note": "Walk-in registered at the reception desk.", "created_at": "2026-03-27T19:35:07.989Z"}}, {"model": "hospital.walkinevent", "pk": 52, "fields": {"encounter": 8, "actor": 25, "stage": "triage", "note": "Triage completed and severity recorded.", "created_at": "2026-03-27T19:35:08.116Z"}}, {"model": "hospital.walkinevent", "pk": 53, "fields": {"encounter": 9, "actor": 28, "stage": "intake", "note": "Walk-in registered at the reception desk.", "created_at": "2026-03-27T19:35:09.968Z"}}, {"model": "hospital.walkinevent", "pk": 54, "fields": {"encounter": 9, "actor": 26, "stage": "triage", "note": "Triage completed and severity recorded.", "created_at": "2026-03-27T19:35:10.108Z"}}, {"model": "hospital.walkinevent", "pk": 55, "fields": {"encounter": 10, "actor": 27, "stage": "intake", "note": "Walk-in registered at the reception desk.", "created_at": "2026-03-27T19:35:12.498Z"}}, {"model": "hospital.walkinevent", "pk": 56, "fields": {"encounter": 10, "actor": 25, "stage": "triage", "note": "Triage completed and severity recorded.", "created_at": "2026-03-27T19:35:12.614Z"}}, {"model": "hospital.walkinevent", "pk": 57, "fields": {"encounter": 10, "actor": 29, "stage": "lab_result", "note": "Lab result completed for CBC.", "created_at": "2026-03-27T19:35:14.716Z"}}, {"model": "hospital.walkinevent", "pk": 58, "fields": {"encounter": 11, "actor": 25, "stage": "intake", "note": "Walk-in patient captured at reception and added to the triage queue.", "created_at": "2026-03-29T09:29:51.064Z"}}, {"model": "hospital.walkinevent", "pk": 59, "fields": {"encounter": 11, "actor": 25, "stage": "triage", "note": "Triage completed with severity index 68/100 (high).", "created_at": "2026-03-29T09:35:21.786Z"}}, {"model": "hospital.walkinevent", "pk": 60, "fields": {"encounter": 11, "actor": 2, "stage": "consultation", "note": "Doctor consultation recorded and downstream tasks were generated where required.", "created_at": "2026-03-29T09:58:39.990Z"}}, {"model": "hospital.walkinevent", "pk": 61, "fields": {"encounter": 9, "actor": 40, "stage": "pharmacy", "note": "Pharmacy handoff updated.", "created_at": "2026-03-30T13:03:39.061Z"}}, {"model": "hospital.walkinevent", "pk": 62, "fields": {"encounter": 9, "actor": 40, "stage": "pharmacy", "note": "Pharmacy handoff updated.", "created_at": "2026-03-30T13:04:54.923Z"}}, {"model": "hospital.walkinevent", "pk": 63, "fields": {"encounter": 5, "actor": 40, "stage": "pharmacy", "note": "Pharmacy handoff updated.", "created_at": "2026-03-30T13:05:23.816Z"}}, {"model": "hospital.walkinevent", "pk": 64, "fields": {"encounter": 9, "actor": 40, "stage": "pharmacy", "note": "Pharmacy handoff updated.", "created_at": "2026-03-30T13:06:48.762Z"}}, {"model": "hospital.walkinevent", "pk": 65, "fields": {"encounter": 9, "actor": 40, "stage": "pharmacy", "note": "Pharmacy handoff updated.", "created_at": "2026-03-30T13:07:02.292Z"}}, {"model": "hospital.walkinevent", "pk": 66, "fields": {"encounter": 4, "actor": 40, "stage": "pharmacy", "note": "Pharmacy handoff updated.", "created_at": "2026-03-30T13:07:10.852Z"}}, {"model": "hospital.shiftassignment", "pk": 1, "fields": {"staff": 3, "hospital": 3, "shift_date": "2026-03-27", "start_time": "07:00:00", "end_time": "16:00:00", "notes": ""}}, {"model": "hospital.shiftassignment", "pk": 2, "fields": {"staff": 3, "hospital": 3, "shift_date": "2026-03-26", "start_time": "07:00:00", "end_time": "16:00:00", "notes": ""}}, {"model": "hospital.shiftassignment", "pk": 3, "fields": {"staff": 3, "hospital": 3, "shift_date": "2026-03-25", "start_time": "07:00:00", "end_time": "16:00:00", "notes": ""}}, {"model": "hospital.shiftassignment", "pk": 4, "fields": {"staff": 3, "hospital": 3, "shift_date": "2026-03-24", "start_time": "07:00:00", "end_time": "16:00:00", "notes": ""}}, {"model": "hospital.shiftassignment", "pk": 5, "fields": {"staff": 3, "hospital": 3, "shift_date": "2026-03-23", "start_time": "07:00:00", "end_time": "16:00:00", "notes": ""}}, {"model": "hospital.shiftassignment", "pk": 6, "fields": {"staff": 4, "hospital": 3, "shift_date": "2026-03-27", "start_time": "07:00:00", "end_time": "16:00:00", "notes": ""}}, {"model": "hospital.shiftassignment", "pk": 7, "fields": {"staff": 4, "hospital": 3, "shift_date": "2026-03-26", "start_time": "07:00:00", "end_time": "16:00:00", "notes": ""}}, {"model": "hospital.shiftassignment", "pk": 8, "fields": {"staff": 4, "hospital": 3, "shift_date": "2026-03-25", "start_time": "07:00:00", "end_time": "16:00:00", "notes": ""}}, {"model": "hospital.shiftassignment", "pk": 9, "fields": {"staff": 4, "hospital": 3, "shift_date": "2026-03-24", "start_time": "07:00:00", "end_time": "16:00:00", "notes": ""}}, {"model": "hospital.shiftassignment", "pk": 10, "fields": {"staff": 4, "hospital": 3, "shift_date": "2026-03-23", "start_time": "07:00:00", "end_time": "16:00:00", "notes": ""}}, {"model": "hospital.shiftassignment", "pk": 11, "fields": {"staff": 5, "hospital": 3, "shift_date": "2026-03-27", "start_time": "07:00:00", "end_time": "16:00:00", "notes": ""}}, {"model": "hospital.shiftassignment", "pk": 12, "fields": {"staff": 5, "hospital": 3, "shift_date": "2026-03-26", "start_time": "07:00:00", "end_time": "16:00:00", "notes": ""}}, {"model": "hospital.shiftassignment", "pk": 13, "fields": {"staff": 5, "hospital": 3, "shift_date": "2026-03-25", "start_time": "07:00:00", "end_time": "16:00:00", "notes": ""}}, {"model": "hospital.shiftassignment", "pk": 14, "fields": {"staff": 5, "hospital": 3, "shift_date": "2026-03-24", "start_time": "07:00:00", "end_time": "16:00:00", "notes": ""}}, {"model": "hospital.shiftassignment", "pk": 15, "fields": {"staff": 5, "hospital": 3, "shift_date": "2026-03-23", "start_time": "07:00:00", "end_time": "16:00:00", "notes": ""}}, {"model": "hospital.shiftassignment", "pk": 16, "fields": {"staff": 6, "hospital": 3, "shift_date": "2026-03-27", "start_time": "07:00:00", "end_time": "16:00:00", "notes": ""}}, {"model": "hospital.shiftassignment", "pk": 17, "fields": {"staff": 6, "hospital": 3, "shift_date": "2026-03-26", "start_time": "07:00:00", "end_time": "16:00:00", "notes": ""}}, {"model": "hospital.shiftassignment", "pk": 18, "fields": {"staff": 6, "hospital": 3, "shift_date": "2026-03-25", "start_time": "07:00:00", "end_time": "16:00:00", "notes": ""}}, {"model": "hospital.shiftassignment", "pk": 19, "fields": {"staff": 6, "hospital": 3, "shift_date": "2026-03-24", "start_time": "07:00:00", "end_time": "16:00:00", "notes": ""}}, {"model": "hospital.shiftassignment", "pk": 20, "fields": {"staff": 6, "hospital": 3, "shift_date": "2026-03-23", "start_time": "07:00:00", "end_time": "16:00:00", "notes": ""}}, {"model": "hospital.shiftassignment", "pk": 21, "fields": {"staff": 7, "hospital": 3, "shift_date": "2026-03-27", "start_time": "07:00:00", "end_time": "16:00:00", "notes": ""}}, {"model": "hospital.shiftassignment", "pk": 22, "fields": {"staff": 7, "hospital": 3, "shift_date": "2026-03-26", "start_time": "07:00:00", "end_time": "16:00:00", "notes": ""}}, {"model": "hospital.shiftassignment", "pk": 23, "fields": {"staff": 7, "hospital": 3, "shift_date": "2026-03-25", "start_time": "07:00:00", "end_time": "16:00:00", "notes": ""}}, {"model": "hospital.shiftassignment", "pk": 24, "fields": {"staff": 7, "hospital": 3, "shift_date": "2026-03-24", "start_time": "07:00:00", "end_time": "16:00:00", "notes": ""}}, {"model": "hospital.shiftassignment", "pk": 25, "fields": {"staff": 7, "hospital": 3, "shift_date": "2026-03-23", "start_time": "07:00:00", "end_time": "16:00:00", "notes": ""}}, {"model": "hospital.shiftassignment", "pk": 26, "fields": {"staff": 8, "hospital": 3, "shift_date": "2026-03-27", "start_time": "07:00:00", "end_time": "16:00:00", "notes": ""}}, {"model": "hospital.shiftassignment", "pk": 27, "fields": {"staff": 8, "hospital": 3, "shift_date": "2026-03-26", "start_time": "07:00:00", "end_time": "16:00:00", "notes": ""}}, {"model": "hospital.shiftassignment", "pk": 28, "fields": {"staff": 8, "hospital": 3, "shift_date": "2026-03-25", "start_time": "07:00:00", "end_time": "16:00:00", "notes": ""}}, {"model": "hospital.shiftassignment", "pk": 29, "fields": {"staff": 8, "hospital": 3, "shift_date": "2026-03-24", "start_time": "07:00:00", "end_time": "16:00:00", "notes": ""}}, {"model": "hospital.shiftassignment", "pk": 30, "fields": {"staff": 8, "hospital": 3, "shift_date": "2026-03-23", "start_time": "07:00:00", "end_time": "16:00:00", "notes": ""}}, {"model": "hospital.shifthandover", "pk": 1, "fields": {"hospital": 3, "staff": 3, "shift_date": "2026-03-27", "summary": "Seeded handover for Lydia Naliaka: monitor admissions, repeat vitals, and close pending bedside tasks.", "risks": "Escalate fever, oxygen desaturation, or unstable pain control promptly.", "pending_tasks": "Repeat vitals, dressing review, medication administration, and discharge preparation.", "created_at": "2026-03-27T19:34:39.059Z"}}, {"model": "hospital.shifthandover", "pk": 2, "fields": {"hospital": 3, "staff": 4, "shift_date": "2026-03-26", "summary": "Seeded handover for Brenda Muthoni: monitor admissions, repeat vitals, and close pending bedside tasks.", "risks": "Escalate fever, oxygen desaturation, or unstable pain control promptly.", "pending_tasks": "Repeat vitals, dressing review, medication administration, and discharge preparation.", "created_at": "2026-03-27T19:34:39.170Z"}}, {"model": "hospital.supplyrequest", "pk": 1, "fields": {"hospital": 3, "requested_by": 27, "department": "Reception", "item_name": "Registration forms and wristbands", "quantity": 80, "priority": "routine", "status": "open", "notes": "Seeded operational supply request for dashboard testing.", "fulfilled_at": null, "created_at": "2026-03-27T19:34:39.295Z"}}, {"model": "hospital.supplyrequest", "pk": 2, "fields": {"hospital": 3, "requested_by": 35, "department": "Emergency", "item_name": "IV fluids and trauma sets", "quantity": 24, "priority": "critical", "status": "in_review", "notes": "Seeded operational supply request for dashboard testing.", "fulfilled_at": null, "created_at": "2026-03-27T19:34:39.462Z"}}, {"model": "hospital.supplyrequest", "pk": 3, "fields": {"hospital": 3, "requested_by": 29, "department": "Laboratory", "item_name": "CBC reagent packs", "quantity": 12, "priority": "urgent", "status": "open", "notes": "Seeded operational supply request for dashboard testing.", "fulfilled_at": null, "created_at": "2026-03-27T19:34:39.585Z"}}, {"model": "hospital.supplyrequest", "pk": 4, "fields": {"hospital": 3, "requested_by": 31, "department": "Pharmacy", "item_name": "Controlled-drug lock box seals", "quantity": 40, "priority": "routine", "status": "in_review", "notes": "Seeded operational supply request for dashboard testing.", "fulfilled_at": "2026-03-29T08:49:17.029Z", "created_at": "2026-03-27T19:34:39.709Z"}}, {"model": "hospital.labqualitycontrollog", "pk": 1, "fields": {"hospital": 3, "recorded_by": 7, "analyzer_name": "Analyzer-1", "reagent_lot": "HKS-QC-001", "qc_status": "review", "notes": "Seeded QC log for analyzer readiness and reagent verification.", "recorded_at": "2026-03-27T19:34:39.842Z"}}, {"model": "hospital.labqualitycontrollog", "pk": 2, "fields": {"hospital": 3, "recorded_by": 8, "analyzer_name": "Analyzer-2", "reagent_lot": "HKS-QC-002", "qc_status": "pass", "notes": "Seeded QC log for analyzer readiness and reagent verification.", "recorded_at": "2026-03-27T19:34:39.978Z"}}, {"model": "hospital.emergencyincident", "pk": 1, "fields": {"hospital": 3, "created_by": 35, "linked_request": 16, "title": "Emergency dispatch 1", "category": "Emergency call triage", "severity": "critical", "status": "active", "location": "Hooks zone 1", "notes": "Seeded emergency incident linked to ambulance dispatch flow.", "resolved_at": null, "created_at": "2026-03-27T19:34:43.168Z"}}, {"model": "hospital.emergencyincident", "pk": 2, "fields": {"hospital": 3, "created_by": 36, "linked_request": 17, "title": "Emergency dispatch 2", "category": "Emergency call triage", "severity": "high", "status": "dispatched", "location": "Hooks zone 2", "notes": "Seeded emergency incident linked to ambulance dispatch flow.", "resolved_at": null, "created_at": "2026-03-27T19:34:45.773Z"}}, {"model": "hospital.emergencyincident", "pk": 3, "fields": {"hospital": 3, "created_by": 35, "linked_request": 18, "title": "Emergency dispatch 3", "category": "Emergency call triage", "severity": "moderate", "status": "resolved", "location": "Hooks zone 3", "notes": "Seeded emergency incident linked to ambulance dispatch flow.", "resolved_at": "2026-03-27T17:33:21.941Z", "created_at": "2026-03-27T19:34:48.986Z"}}, {"model": "hospital.vitalsign", "pk": 1, "fields": {"patient": 5, "hospital": 3, "recorded_by": 25, "temperature_c": "36.8", "pulse_rate": 76, "respiratory_rate": 18, "systolic_bp": 120, "diastolic_bp": 78, "oxygen_saturation": 98, "notes": "Seeded observation set.", "recorded_at": "2026-03-27T16:44:32.093Z"}}, {"model": "hospital.vitalsign", "pk": 2, "fields": {"patient": 6, "hospital": 3, "recorded_by": 26, "temperature_c": "36.8", "pulse_rate": 77, "respiratory_rate": 18, "systolic_bp": 121, "diastolic_bp": 78, "oxygen_saturation": 98, "notes": "Seeded observation set.", "recorded_at": "2026-03-27T16:44:37.360Z"}}, {"model": "hospital.vitalsign", "pk": 3, "fields": {"patient": 7, "hospital": 3, "recorded_by": 25, "temperature_c": "36.8", "pulse_rate": 78, "respiratory_rate": 18, "systolic_bp": 122, "diastolic_bp": 78, "oxygen_saturation": 98, "notes": "Seeded observation set.", "recorded_at": "2026-03-27T16:44:41.317Z"}}, {"model": "hospital.vitalsign", "pk": 4, "fields": {"patient": 8, "hospital": 3, "recorded_by": 26, "temperature_c": "36.8", "pulse_rate": 79, "respiratory_rate": 18, "systolic_bp": 123, "diastolic_bp": 78, "oxygen_saturation": 98, "notes": "Seeded observation set.", "recorded_at": "2026-03-27T16:44:45.085Z"}}, {"model": "hospital.vitalsign", "pk": 5, "fields": {"patient": 9, "hospital": 3, "recorded_by": 25, "temperature_c": "36.8", "pulse_rate": 80, "respiratory_rate": 18, "systolic_bp": 124, "diastolic_bp": 78, "oxygen_saturation": 98, "notes": "Seeded observation set.", "recorded_at": "2026-03-27T16:44:49.916Z"}}, {"model": "hospital.vitalsign", "pk": 6, "fields": {"patient": 10, "hospital": 3, "recorded_by": 26, "temperature_c": "36.8", "pulse_rate": 81, "respiratory_rate": 18, "systolic_bp": 125, "diastolic_bp": 78, "oxygen_saturation": 98, "notes": "Seeded observation set.", "recorded_at": "2026-03-27T16:44:53.110Z"}}, {"model": "hospital.vitalsign", "pk": 7, "fields": {"patient": 11, "hospital": 3, "recorded_by": 25, "temperature_c": "36.8", "pulse_rate": 82, "respiratory_rate": 18, "systolic_bp": 126, "diastolic_bp": 78, "oxygen_saturation": 98, "notes": "Seeded observation set.", "recorded_at": "2026-03-27T16:44:56.075Z"}}, {"model": "hospital.vitalsign", "pk": 8, "fields": {"patient": 12, "hospital": 3, "recorded_by": 26, "temperature_c": "36.8", "pulse_rate": 83, "respiratory_rate": 18, "systolic_bp": 127, "diastolic_bp": 78, "oxygen_saturation": 98, "notes": "Seeded observation set.", "recorded_at": "2026-03-27T16:44:58.242Z"}}, {"model": "hospital.vitalsign", "pk": 9, "fields": {"patient": 13, "hospital": 3, "recorded_by": 25, "temperature_c": "36.8", "pulse_rate": 84, "respiratory_rate": 18, "systolic_bp": 128, "diastolic_bp": 78, "oxygen_saturation": 98, "notes": "Seeded observation set.", "recorded_at": "2026-03-27T16:45:01.749Z"}}, {"model": "hospital.vitalsign", "pk": 10, "fields": {"patient": 14, "hospital": 3, "recorded_by": 26, "temperature_c": "36.8", "pulse_rate": 85, "respiratory_rate": 18, "systolic_bp": 129, "diastolic_bp": 78, "oxygen_saturation": 98, "notes": "Seeded observation set.", "recorded_at": "2026-03-27T16:45:03.633Z"}}, {"model": "hospital.vitalsign", "pk": 11, "fields": {"patient": 15, "hospital": 3, "recorded_by": 25, "temperature_c": "36.8", "pulse_rate": 86, "respiratory_rate": 18, "systolic_bp": 130, "diastolic_bp": 78, "oxygen_saturation": 98, "notes": "Seeded observation set.", "recorded_at": "2026-03-27T16:45:05.680Z"}}, {"model": "hospital.vitalsign", "pk": 12, "fields": {"patient": 16, "hospital": 3, "recorded_by": 26, "temperature_c": "36.8", "pulse_rate": 87, "respiratory_rate": 18, "systolic_bp": 131, "diastolic_bp": 78, "oxygen_saturation": 98, "notes": "Seeded observation set.", "recorded_at": "2026-03-27T16:45:07.628Z"}}, {"model": "hospital.vitalsign", "pk": 13, "fields": {"patient": 5, "hospital": 3, "recorded_by": 25, "temperature_c": "36.8", "pulse_rate": 76, "respiratory_rate": 18, "systolic_bp": 120, "diastolic_bp": 78, "oxygen_saturation": 98, "notes": "Seeded observation set.", "recorded_at": "2026-03-27T18:27:44.493Z"}}, {"model": "hospital.vitalsign", "pk": 14, "fields": {"patient": 6, "hospital": 3, "recorded_by": 26, "temperature_c": "36.8", "pulse_rate": 77, "respiratory_rate": 18, "systolic_bp": 121, "diastolic_bp": 78, "oxygen_saturation": 98, "notes": "Seeded observation set.", "recorded_at": "2026-03-27T18:27:47.065Z"}}, {"model": "hospital.vitalsign", "pk": 15, "fields": {"patient": 7, "hospital": 3, "recorded_by": 25, "temperature_c": "36.8", "pulse_rate": 78, "respiratory_rate": 18, "systolic_bp": 122, "diastolic_bp": 78, "oxygen_saturation": 98, "notes": "Seeded observation set.", "recorded_at": "2026-03-27T18:27:49.844Z"}}, {"model": "hospital.vitalsign", "pk": 16, "fields": {"patient": 8, "hospital": 3, "recorded_by": 26, "temperature_c": "36.8", "pulse_rate": 79, "respiratory_rate": 18, "systolic_bp": 123, "diastolic_bp": 78, "oxygen_saturation": 98, "notes": "Seeded observation set.", "recorded_at": "2026-03-27T18:27:53.421Z"}}, {"model": "hospital.vitalsign", "pk": 17, "fields": {"patient": 9, "hospital": 3, "recorded_by": 25, "temperature_c": "36.8", "pulse_rate": 80, "respiratory_rate": 18, "systolic_bp": 124, "diastolic_bp": 78, "oxygen_saturation": 98, "notes": "Seeded observation set.", "recorded_at": "2026-03-27T18:27:57.268Z"}}, {"model": "hospital.vitalsign", "pk": 18, "fields": {"patient": 10, "hospital": 3, "recorded_by": 26, "temperature_c": "36.8", "pulse_rate": 81, "respiratory_rate": 18, "systolic_bp": 125, "diastolic_bp": 78, "oxygen_saturation": 98, "notes": "Seeded observation set.", "recorded_at": "2026-03-27T18:27:59.744Z"}}, {"model": "hospital.vitalsign", "pk": 19, "fields": {"patient": 11, "hospital": 3, "recorded_by": 25, "temperature_c": "36.8", "pulse_rate": 82, "respiratory_rate": 18, "systolic_bp": 126, "diastolic_bp": 78, "oxygen_saturation": 98, "notes": "Seeded observation set.", "recorded_at": "2026-03-27T18:28:01.786Z"}}, {"model": "hospital.vitalsign", "pk": 20, "fields": {"patient": 12, "hospital": 3, "recorded_by": 26, "temperature_c": "36.8", "pulse_rate": 83, "respiratory_rate": 18, "systolic_bp": 127, "diastolic_bp": 78, "oxygen_saturation": 98, "notes": "Seeded observation set.", "recorded_at": "2026-03-27T18:28:03.173Z"}}, {"model": "hospital.vitalsign", "pk": 21, "fields": {"patient": 13, "hospital": 3, "recorded_by": 25, "temperature_c": "36.8", "pulse_rate": 84, "respiratory_rate": 18, "systolic_bp": 128, "diastolic_bp": 78, "oxygen_saturation": 98, "notes": "Seeded observation set.", "recorded_at": "2026-03-27T18:28:04.477Z"}}, {"model": "hospital.vitalsign", "pk": 22, "fields": {"patient": 14, "hospital": 3, "recorded_by": 26, "temperature_c": "36.8", "pulse_rate": 85, "respiratory_rate": 18, "systolic_bp": 129, "diastolic_bp": 78, "oxygen_saturation": 98, "notes": "Seeded observation set.", "recorded_at": "2026-03-27T18:28:05.569Z"}}, {"model": "hospital.vitalsign", "pk": 23, "fields": {"patient": 15, "hospital": 3, "recorded_by": 25, "temperature_c": "36.8", "pulse_rate": 86, "respiratory_rate": 18, "systolic_bp": 130, "diastolic_bp": 78, "oxygen_saturation": 98, "notes": "Seeded observation set.", "recorded_at": "2026-03-27T18:28:06.715Z"}}, {"model": "hospital.vitalsign", "pk": 24, "fields": {"patient": 16, "hospital": 3, "recorded_by": 26, "temperature_c": "36.8", "pulse_rate": 87, "respiratory_rate": 18, "systolic_bp": 131, "diastolic_bp": 78, "oxygen_saturation": 98, "notes": "Seeded observation set.", "recorded_at": "2026-03-27T18:28:08.231Z"}}, {"model": "hospital.vitalsign", "pk": 25, "fields": {"patient": 5, "hospital": 3, "recorded_by": 25, "temperature_c": "36.8", "pulse_rate": 76, "respiratory_rate": 18, "systolic_bp": 120, "diastolic_bp": 78, "oxygen_saturation": 98, "notes": "Seeded observation set.", "recorded_at": "2026-03-27T18:31:12.631Z"}}, {"model": "hospital.vitalsign", "pk": 26, "fields": {"patient": 6, "hospital": 3, "recorded_by": 26, "temperature_c": "36.8", "pulse_rate": 77, "respiratory_rate": 18, "systolic_bp": 121, "diastolic_bp": 78, "oxygen_saturation": 98, "notes": "Seeded observation set.", "recorded_at": "2026-03-27T18:31:14.914Z"}}, {"model": "hospital.vitalsign", "pk": 27, "fields": {"patient": 7, "hospital": 3, "recorded_by": 25, "temperature_c": "36.8", "pulse_rate": 78, "respiratory_rate": 18, "systolic_bp": 122, "diastolic_bp": 78, "oxygen_saturation": 98, "notes": "Seeded observation set.", "recorded_at": "2026-03-27T18:31:17.280Z"}}, {"model": "hospital.vitalsign", "pk": 28, "fields": {"patient": 8, "hospital": 3, "recorded_by": 26, "temperature_c": "36.8", "pulse_rate": 79, "respiratory_rate": 18, "systolic_bp": 123, "diastolic_bp": 78, "oxygen_saturation": 98, "notes": "Seeded observation set.", "recorded_at": "2026-03-27T18:31:19.547Z"}}, {"model": "hospital.vitalsign", "pk": 29, "fields": {"patient": 9, "hospital": 3, "recorded_by": 25, "temperature_c": "36.8", "pulse_rate": 80, "respiratory_rate": 18, "systolic_bp": 124, "diastolic_bp": 78, "oxygen_saturation": 98, "notes": "Seeded observation set.", "recorded_at": "2026-03-27T18:31:22.136Z"}}, {"model": "hospital.vitalsign", "pk": 30, "fields": {"patient": 10, "hospital": 3, "recorded_by": 26, "temperature_c": "36.8", "pulse_rate": 81, "respiratory_rate": 18, "systolic_bp": 125, "diastolic_bp": 78, "oxygen_saturation": 98, "notes": "Seeded observation set.", "recorded_at": "2026-03-27T18:31:25.054Z"}}, {"model": "hospital.vitalsign", "pk": 31, "fields": {"patient": 11, "hospital": 3, "recorded_by": 25, "temperature_c": "36.8", "pulse_rate": 82, "respiratory_rate": 18, "systolic_bp": 126, "diastolic_bp": 78, "oxygen_saturation": 98, "notes": "Seeded observation set.", "recorded_at": "2026-03-27T18:31:26.596Z"}}, {"model": "hospital.vitalsign", "pk": 32, "fields": {"patient": 12, "hospital": 3, "recorded_by": 26, "temperature_c": "36.8", "pulse_rate": 83, "respiratory_rate": 18, "systolic_bp": 127, "diastolic_bp": 78, "oxygen_saturation": 98, "notes": "Seeded observation set.", "recorded_at": "2026-03-27T18:31:27.429Z"}}, {"model": "hospital.vitalsign", "pk": 33, "fields": {"patient": 13, "hospital": 3, "recorded_by": 25, "temperature_c": "36.8", "pulse_rate": 84, "respiratory_rate": 18, "systolic_bp": 128, "diastolic_bp": 78, "oxygen_saturation": 98, "notes": "Seeded observation set.", "recorded_at": "2026-03-27T18:31:28.385Z"}}, {"model": "hospital.vitalsign", "pk": 34, "fields": {"patient": 14, "hospital": 3, "recorded_by": 26, "temperature_c": "36.8", "pulse_rate": 85, "respiratory_rate": 18, "systolic_bp": 129, "diastolic_bp": 78, "oxygen_saturation": 98, "notes": "Seeded observation set.", "recorded_at": "2026-03-27T18:31:29.407Z"}}, {"model": "hospital.vitalsign", "pk": 35, "fields": {"patient": 15, "hospital": 3, "recorded_by": 25, "temperature_c": "36.8", "pulse_rate": 86, "respiratory_rate": 18, "systolic_bp": 130, "diastolic_bp": 78, "oxygen_saturation": 98, "notes": "Seeded observation set.", "recorded_at": "2026-03-27T18:31:30.224Z"}}, {"model": "hospital.vitalsign", "pk": 36, "fields": {"patient": 16, "hospital": 3, "recorded_by": 26, "temperature_c": "36.8", "pulse_rate": 87, "respiratory_rate": 18, "systolic_bp": 131, "diastolic_bp": 78, "oxygen_saturation": 98, "notes": "Seeded observation set.", "recorded_at": "2026-03-27T18:31:31.187Z"}}, {"model": "hospital.vitalsign", "pk": 37, "fields": {"patient": 5, "hospital": 3, "recorded_by": 25, "temperature_c": "36.8", "pulse_rate": 76, "respiratory_rate": 18, "systolic_bp": 120, "diastolic_bp": 78, "oxygen_saturation": 98, "notes": "Seeded observation set.", "recorded_at": "2026-03-27T18:34:27.916Z"}}, {"model": "hospital.vitalsign", "pk": 38, "fields": {"patient": 6, "hospital": 3, "recorded_by": 26, "temperature_c": "36.8", "pulse_rate": 77, "respiratory_rate": 18, "systolic_bp": 121, "diastolic_bp": 78, "oxygen_saturation": 98, "notes": "Seeded observation set.", "recorded_at": "2026-03-27T18:34:30.256Z"}}, {"model": "hospital.vitalsign", "pk": 39, "fields": {"patient": 7, "hospital": 3, "recorded_by": 25, "temperature_c": "36.8", "pulse_rate": 78, "respiratory_rate": 18, "systolic_bp": 122, "diastolic_bp": 78, "oxygen_saturation": 98, "notes": "Seeded observation set.", "recorded_at": "2026-03-27T18:34:32.977Z"}}, {"model": "hospital.vitalsign", "pk": 40, "fields": {"patient": 8, "hospital": 3, "recorded_by": 26, "temperature_c": "36.8", "pulse_rate": 79, "respiratory_rate": 18, "systolic_bp": 123, "diastolic_bp": 78, "oxygen_saturation": 98, "notes": "Seeded observation set.", "recorded_at": "2026-03-27T18:34:35.854Z"}}, {"model": "hospital.vitalsign", "pk": 41, "fields": {"patient": 9, "hospital": 3, "recorded_by": 25, "temperature_c": "36.8", "pulse_rate": 80, "respiratory_rate": 18, "systolic_bp": 124, "diastolic_bp": 78, "oxygen_saturation": 98, "notes": "Seeded observation set.", "recorded_at": "2026-03-27T18:34:38.584Z"}}, {"model": "hospital.vitalsign", "pk": 42, "fields": {"patient": 10, "hospital": 3, "recorded_by": 26, "temperature_c": "36.8", "pulse_rate": 81, "respiratory_rate": 18, "systolic_bp": 125, "diastolic_bp": 78, "oxygen_saturation": 98, "notes": "Seeded observation set.", "recorded_at": "2026-03-27T18:34:41.115Z"}}, {"model": "hospital.vitalsign", "pk": 43, "fields": {"patient": 11, "hospital": 3, "recorded_by": 25, "temperature_c": "36.8", "pulse_rate": 82, "respiratory_rate": 18, "systolic_bp": 126, "diastolic_bp": 78, "oxygen_saturation": 98, "notes": "Seeded observation set.", "recorded_at": "2026-03-27T18:34:42.897Z"}}, {"model": "hospital.vitalsign", "pk": 44, "fields": {"patient": 12, "hospital": 3, "recorded_by": 26, "temperature_c": "36.8", "pulse_rate": 83, "respiratory_rate": 18, "systolic_bp": 127, "diastolic_bp": 78, "oxygen_saturation": 98, "notes": "Seeded observation set.", "recorded_at": "2026-03-27T18:34:43.678Z"}}, {"model": "hospital.vitalsign", "pk": 45, "fields": {"patient": 13, "hospital": 3, "recorded_by": 25, "temperature_c": "36.8", "pulse_rate": 84, "respiratory_rate": 18, "systolic_bp": 128, "diastolic_bp": 78, "oxygen_saturation": 98, "notes": "Seeded observation set.", "recorded_at": "2026-03-27T18:34:44.655Z"}}, {"model": "hospital.vitalsign", "pk": 46, "fields": {"patient": 14, "hospital": 3, "recorded_by": 26, "temperature_c": "36.8", "pulse_rate": 85, "respiratory_rate": 18, "systolic_bp": 129, "diastolic_bp": 78, "oxygen_saturation": 98, "notes": "Seeded observation set.", "recorded_at": "2026-03-27T18:34:45.591Z"}}, {"model": "hospital.vitalsign", "pk": 47, "fields": {"patient": 15, "hospital": 3, "recorded_by": 25, "temperature_c": "36.8", "pulse_rate": 86, "respiratory_rate": 18, "systolic_bp": 130, "diastolic_bp": 78, "oxygen_saturation": 98, "notes": "Seeded observation set.", "recorded_at": "2026-03-27T18:34:46.555Z"}}, {"model": "hospital.vitalsign", "pk": 48, "fields": {"patient": 16, "hospital": 3, "recorded_by": 26, "temperature_c": "36.8", "pulse_rate": 87, "respiratory_rate": 18, "systolic_bp": 131, "diastolic_bp": 78, "oxygen_saturation": 98, "notes": "Seeded observation set.", "recorded_at": "2026-03-27T18:34:47.908Z"}}, {"model": "hospital.vitalsign", "pk": 49, "fields": {"patient": 5, "hospital": 3, "recorded_by": 25, "temperature_c": "36.8", "pulse_rate": 76, "respiratory_rate": 18, "systolic_bp": 120, "diastolic_bp": 78, "oxygen_saturation": 98, "notes": "Seeded observation set.", "recorded_at": "2026-03-27T19:04:13.428Z"}}, {"model": "hospital.vitalsign", "pk": 50, "fields": {"patient": 6, "hospital": 3, "recorded_by": 26, "temperature_c": "36.8", "pulse_rate": 77, "respiratory_rate": 18, "systolic_bp": 121, "diastolic_bp": 78, "oxygen_saturation": 98, "notes": "Seeded observation set.", "recorded_at": "2026-03-27T19:04:16.429Z"}}, {"model": "hospital.vitalsign", "pk": 51, "fields": {"patient": 7, "hospital": 3, "recorded_by": 25, "temperature_c": "36.8", "pulse_rate": 78, "respiratory_rate": 18, "systolic_bp": 122, "diastolic_bp": 78, "oxygen_saturation": 98, "notes": "Seeded observation set.", "recorded_at": "2026-03-27T19:04:19.891Z"}}, {"model": "hospital.vitalsign", "pk": 52, "fields": {"patient": 8, "hospital": 3, "recorded_by": 26, "temperature_c": "36.8", "pulse_rate": 79, "respiratory_rate": 18, "systolic_bp": 123, "diastolic_bp": 78, "oxygen_saturation": 98, "notes": "Seeded observation set.", "recorded_at": "2026-03-27T19:04:23.346Z"}}, {"model": "hospital.vitalsign", "pk": 53, "fields": {"patient": 9, "hospital": 3, "recorded_by": 25, "temperature_c": "36.8", "pulse_rate": 80, "respiratory_rate": 18, "systolic_bp": 124, "diastolic_bp": 78, "oxygen_saturation": 98, "notes": "Seeded observation set.", "recorded_at": "2026-03-27T19:04:27.412Z"}}, {"model": "hospital.vitalsign", "pk": 54, "fields": {"patient": 10, "hospital": 3, "recorded_by": 26, "temperature_c": "36.8", "pulse_rate": 81, "respiratory_rate": 18, "systolic_bp": 125, "diastolic_bp": 78, "oxygen_saturation": 98, "notes": "Seeded observation set.", "recorded_at": "2026-03-27T19:04:29.717Z"}}, {"model": "hospital.vitalsign", "pk": 55, "fields": {"patient": 11, "hospital": 3, "recorded_by": 25, "temperature_c": "36.8", "pulse_rate": 82, "respiratory_rate": 18, "systolic_bp": 126, "diastolic_bp": 78, "oxygen_saturation": 98, "notes": "Seeded observation set.", "recorded_at": "2026-03-27T19:04:32.411Z"}}, {"model": "hospital.vitalsign", "pk": 56, "fields": {"patient": 12, "hospital": 3, "recorded_by": 26, "temperature_c": "36.8", "pulse_rate": 83, "respiratory_rate": 18, "systolic_bp": 127, "diastolic_bp": 78, "oxygen_saturation": 98, "notes": "Seeded observation set.", "recorded_at": "2026-03-27T19:04:33.592Z"}}, {"model": "hospital.vitalsign", "pk": 57, "fields": {"patient": 13, "hospital": 3, "recorded_by": 25, "temperature_c": "36.8", "pulse_rate": 84, "respiratory_rate": 18, "systolic_bp": 128, "diastolic_bp": 78, "oxygen_saturation": 98, "notes": "Seeded observation set.", "recorded_at": "2026-03-27T19:04:34.763Z"}}, {"model": "hospital.vitalsign", "pk": 58, "fields": {"patient": 14, "hospital": 3, "recorded_by": 26, "temperature_c": "36.8", "pulse_rate": 85, "respiratory_rate": 18, "systolic_bp": 129, "diastolic_bp": 78, "oxygen_saturation": 98, "notes": "Seeded observation set.", "recorded_at": "2026-03-27T19:04:35.827Z"}}, {"model": "hospital.vitalsign", "pk": 59, "fields": {"patient": 15, "hospital": 3, "recorded_by": 25, "temperature_c": "36.8", "pulse_rate": 86, "respiratory_rate": 18, "systolic_bp": 130, "diastolic_bp": 78, "oxygen_saturation": 98, "notes": "Seeded observation set.", "recorded_at": "2026-03-27T19:04:36.923Z"}}, {"model": "hospital.vitalsign", "pk": 60, "fields": {"patient": 16, "hospital": 3, "recorded_by": 26, "temperature_c": "36.8", "pulse_rate": 87, "respiratory_rate": 18, "systolic_bp": 131, "diastolic_bp": 78, "oxygen_saturation": 98, "notes": "Seeded observation set.", "recorded_at": "2026-03-27T19:04:38.383Z"}}, {"model": "hospital.vitalsign", "pk": 61, "fields": {"patient": 5, "hospital": 3, "recorded_by": 25, "temperature_c": "36.8", "pulse_rate": 76, "respiratory_rate": 18, "systolic_bp": 120, "diastolic_bp": 78, "oxygen_saturation": 98, "notes": "Seeded observation set.", "recorded_at": "2026-03-27T19:34:41.303Z"}}, {"model": "hospital.vitalsign", "pk": 62, "fields": {"patient": 6, "hospital": 3, "recorded_by": 26, "temperature_c": "36.8", "pulse_rate": 77, "respiratory_rate": 18, "systolic_bp": 121, "diastolic_bp": 78, "oxygen_saturation": 98, "notes": "Seeded observation set.", "recorded_at": "2026-03-27T19:34:43.998Z"}}, {"model": "hospital.vitalsign", "pk": 63, "fields": {"patient": 7, "hospital": 3, "recorded_by": 25, "temperature_c": "36.8", "pulse_rate": 78, "respiratory_rate": 18, "systolic_bp": 122, "diastolic_bp": 78, "oxygen_saturation": 98, "notes": "Seeded observation set.", "recorded_at": "2026-03-27T19:34:46.868Z"}}, {"model": "hospital.vitalsign", "pk": 64, "fields": {"patient": 8, "hospital": 3, "recorded_by": 26, "temperature_c": "36.8", "pulse_rate": 79, "respiratory_rate": 18, "systolic_bp": 123, "diastolic_bp": 78, "oxygen_saturation": 98, "notes": "Seeded observation set.", "recorded_at": "2026-03-27T19:34:50.321Z"}}, {"model": "hospital.vitalsign", "pk": 65, "fields": {"patient": 9, "hospital": 3, "recorded_by": 25, "temperature_c": "36.8", "pulse_rate": 80, "respiratory_rate": 18, "systolic_bp": 124, "diastolic_bp": 78, "oxygen_saturation": 98, "notes": "Seeded observation set.", "recorded_at": "2026-03-27T19:34:53.277Z"}}, {"model": "hospital.vitalsign", "pk": 66, "fields": {"patient": 10, "hospital": 3, "recorded_by": 26, "temperature_c": "36.8", "pulse_rate": 81, "respiratory_rate": 18, "systolic_bp": 125, "diastolic_bp": 78, "oxygen_saturation": 98, "notes": "Seeded observation set.", "recorded_at": "2026-03-27T19:34:55.317Z"}}, {"model": "hospital.vitalsign", "pk": 67, "fields": {"patient": 11, "hospital": 3, "recorded_by": 25, "temperature_c": "36.8", "pulse_rate": 82, "respiratory_rate": 18, "systolic_bp": 126, "diastolic_bp": 78, "oxygen_saturation": 98, "notes": "Seeded observation set.", "recorded_at": "2026-03-27T19:34:57.371Z"}}, {"model": "hospital.vitalsign", "pk": 68, "fields": {"patient": 12, "hospital": 3, "recorded_by": 26, "temperature_c": "36.8", "pulse_rate": 83, "respiratory_rate": 18, "systolic_bp": 127, "diastolic_bp": 78, "oxygen_saturation": 98, "notes": "Seeded observation set.", "recorded_at": "2026-03-27T19:34:58.236Z"}}, {"model": "hospital.vitalsign", "pk": 69, "fields": {"patient": 13, "hospital": 3, "recorded_by": 25, "temperature_c": "36.8", "pulse_rate": 84, "respiratory_rate": 18, "systolic_bp": 128, "diastolic_bp": 78, "oxygen_saturation": 98, "notes": "Seeded observation set.", "recorded_at": "2026-03-27T19:34:59.341Z"}}, {"model": "hospital.vitalsign", "pk": 70, "fields": {"patient": 14, "hospital": 3, "recorded_by": 26, "temperature_c": "36.8", "pulse_rate": 85, "respiratory_rate": 18, "systolic_bp": 129, "diastolic_bp": 78, "oxygen_saturation": 98, "notes": "Seeded observation set.", "recorded_at": "2026-03-27T19:35:00.512Z"}}, {"model": "hospital.vitalsign", "pk": 71, "fields": {"patient": 15, "hospital": 3, "recorded_by": 25, "temperature_c": "36.8", "pulse_rate": 86, "respiratory_rate": 18, "systolic_bp": 130, "diastolic_bp": 78, "oxygen_saturation": 98, "notes": "Seeded observation set.", "recorded_at": "2026-03-27T19:35:01.723Z"}}, {"model": "hospital.vitalsign", "pk": 72, "fields": {"patient": 16, "hospital": 3, "recorded_by": 26, "temperature_c": "36.8", "pulse_rate": 87, "respiratory_rate": 18, "systolic_bp": 131, "diastolic_bp": 78, "oxygen_saturation": 98, "notes": "Seeded observation set.", "recorded_at": "2026-03-27T19:35:02.994Z"}}, {"model": "hospital.vitalsign", "pk": 73, "fields": {"patient": 2, "hospital": 1, "recorded_by": 25, "temperature_c": "39.4", "pulse_rate": 89, "respiratory_rate": 77, "systolic_bp": 121, "diastolic_bp": 78, "oxygen_saturation": 70, "notes": "Patient need immediate medical attention and should be handled with quick response and care", "recorded_at": "2026-03-29T09:35:21.506Z"}}, {"model": "hospital.labtestrequest", "pk": 1, "fields": {"patient": 7, "hospital": 3, "walk_in_encounter": 3, "requested_by": 1, "test_name": "CBC", "priority": "urgent", "notes": "Seeded doctor-ordered lab.", "status": "requested", "requested_at": "2026-03-27T16:45:14.126Z"}}, {"model": "hospital.labtestrequest", "pk": 2, "fields": {"patient": 15, "hospital": 3, "walk_in_encounter": 5, "requested_by": 1, "test_name": "CBC", "priority": "urgent", "notes": "Seeded doctor-ordered lab.", "status": "completed", "requested_at": "2026-03-27T16:45:19.561Z"}}, {"model": "hospital.labtestrequest", "pk": 3, "fields": {"patient": 7, "hospital": 3, "walk_in_encounter": 8, "requested_by": 1, "test_name": "CBC", "priority": "urgent", "notes": "Seeded doctor-ordered lab.", "status": "requested", "requested_at": "2026-03-27T18:31:39.812Z"}}, {"model": "hospital.labtestrequest", "pk": 4, "fields": {"patient": 15, "hospital": 3, "walk_in_encounter": 10, "requested_by": 1, "test_name": "CBC", "priority": "urgent", "notes": "Seeded doctor-ordered lab.", "status": "completed", "requested_at": "2026-03-27T18:31:44.940Z"}}, {"model": "hospital.labtestrequest", "pk": 5, "fields": {"patient": 7, "hospital": 3, "walk_in_encounter": 8, "requested_by": 1, "test_name": "CBC", "priority": "urgent", "notes": "Seeded doctor-ordered lab.", "status": "requested", "requested_at": "2026-03-27T18:34:53.819Z"}}, {"model": "hospital.labtestrequest", "pk": 6, "fields": {"patient": 15, "hospital": 3, "walk_in_encounter": 10, "requested_by": 1, "test_name": "CBC", "priority": "urgent", "notes": "Seeded doctor-ordered lab.", "status": "completed", "requested_at": "2026-03-27T18:34:57.661Z"}}, {"model": "hospital.labtestrequest", "pk": 7, "fields": {"patient": 7, "hospital": 3, "walk_in_encounter": 8, "requested_by": 1, "test_name": "CBC", "priority": "urgent", "notes": "Seeded doctor-ordered lab.", "status": "requested", "requested_at": "2026-03-27T19:04:43.915Z"}}, {"model": "hospital.labtestrequest", "pk": 8, "fields": {"patient": 15, "hospital": 3, "walk_in_encounter": 10, "requested_by": 1, "test_name": "CBC", "priority": "urgent", "notes": "Seeded doctor-ordered lab.", "status": "completed", "requested_at": "2026-03-27T19:04:48.218Z"}}, {"model": "hospital.labtestrequest", "pk": 9, "fields": {"patient": 7, "hospital": 3, "walk_in_encounter": 8, "requested_by": 1, "test_name": "CBC", "priority": "urgent", "notes": "Seeded doctor-ordered lab.", "status": "requested", "requested_at": "2026-03-27T19:35:09.210Z"}}, {"model": "hospital.labtestrequest", "pk": 10, "fields": {"patient": 15, "hospital": 3, "walk_in_encounter": 10, "requested_by": 1, "test_name": "CBC", "priority": "urgent", "notes": "Seeded doctor-ordered lab.", "status": "completed", "requested_at": "2026-03-27T19:35:13.909Z"}}, {"model": "hospital.labtestrequest", "pk": 11, "fields": {"patient": 2, "hospital": 1, "walk_in_encounter": 11, "requested_by": 1, "test_name": "PCM test", "priority": "urgent", "notes": "Please check for malaria", "status": "requested", "requested_at": "2026-03-29T09:58:39.931Z"}}, {"model": "hospital.labtestresult", "pk": 1, "fields": {"request": 2, "recorded_by": 7, "reviewed_by": 1, "result_summary": "Seeded abnormal result requiring escalation.", "attachment": "", "completed_at": "2026-03-27T15:42:29.050Z"}}, {"model": "hospital.labtestresult", "pk": 2, "fields": {"request": 4, "recorded_by": 7, "reviewed_by": 1, "result_summary": "Seeded abnormal result requiring escalation.", "attachment": "", "completed_at": "2026-03-27T17:29:53.531Z"}}, {"model": "hospital.labtestresult", "pk": 3, "fields": {"request": 6, "recorded_by": 7, "reviewed_by": 1, "result_summary": "Seeded abnormal result requiring escalation.", "attachment": "", "completed_at": "2026-03-27T17:33:14.371Z"}}, {"model": "hospital.labtestresult", "pk": 4, "fields": {"request": 8, "recorded_by": 7, "reviewed_by": 1, "result_summary": "Seeded abnormal result requiring escalation.", "attachment": "", "completed_at": "2026-03-27T18:02:24.779Z"}}, {"model": "hospital.labtestresult", "pk": 5, "fields": {"request": 10, "recorded_by": 7, "reviewed_by": 1, "result_summary": "Seeded abnormal result requiring escalation.", "attachment": "", "completed_at": "2026-03-27T18:33:21.941Z"}}, {"model": "hospital.appointment", "pk": 1, "fields": {"patient": 1, "doctor": 1, "hospital": null, "appointment_date": "2026-03-26", "appointment_time": "15:55:00", "status": "cancelled", "reason": "I am having mild headaches and they just don't seam to go away.", "created_at": "2026-03-25T11:50:58.260Z"}}, {"model": "hospital.appointment", "pk": 2, "fields": {"patient": 5, "doctor": 1, "hospital": 3, "appointment_date": "2026-03-28", "appointment_time": "09:00:00", "status": "past", "reason": "Specialist follow-up for migraine and dehydration", "created_at": "2026-03-25T19:33:21.941Z"}}, {"model": "hospital.appointment", "pk": 3, "fields": {"patient": 6, "doctor": 2, "hospital": 3, "appointment_date": "2026-03-29", "appointment_time": "10:00:00", "status": "past", "reason": "Specialist follow-up for type 2 diabetes mellitus", "created_at": "2026-03-24T19:33:21.941Z"}}, {"model": "hospital.appointment", "pk": 4, "fields": {"patient": 7, "doctor": 1, "hospital": 3, "appointment_date": "2026-03-30", "appointment_time": "11:00:00", "status": "completed", "reason": "Specialist follow-up for iron deficiency anemia", "created_at": "2026-03-23T19:33:21.941Z"}}, {"model": "hospital.appointment", "pk": 5, "fields": {"patient": 8, "doctor": 2, "hospital": 3, "appointment_date": "2026-03-31", "appointment_time": "12:00:00", "status": "cancelled", "reason": "Specialist follow-up for hypertension and chronic kidney disease", "created_at": "2026-03-22T19:33:21.941Z"}}, {"model": "hospital.appointment", "pk": 6, "fields": {"patient": 9, "doctor": 1, "hospital": 3, "appointment_date": "2026-03-28", "appointment_time": "13:00:00", "status": "past", "reason": "Specialist follow-up for bronchial asthma", "created_at": "2026-03-21T19:33:21.941Z"}}, {"model": "hospital.appointment", "pk": 7, "fields": {"patient": 10, "doctor": 2, "hospital": 3, "appointment_date": "2026-03-29", "appointment_time": "14:00:00", "status": "past", "reason": "Specialist follow-up for lumbar disc disease", "created_at": "2026-03-20T19:33:21.941Z"}}, {"model": "hospital.appointment", "pk": 8, "fields": {"patient": 11, "doctor": 1, "hospital": 3, "appointment_date": "2026-03-30", "appointment_time": "09:00:00", "status": "completed", "reason": "Specialist follow-up for osteoarthritis", "created_at": "2026-03-19T19:33:21.941Z"}}, {"model": "hospital.appointment", "pk": 9, "fields": {"patient": 12, "doctor": 2, "hospital": 3, "appointment_date": "2026-03-31", "appointment_time": "10:00:00", "status": "confirmed", "reason": "Specialist follow-up for peptic ulcer disease", "created_at": "2026-03-18T19:33:21.941Z"}}, {"model": "hospital.appointment", "pk": 10, "fields": {"patient": 13, "doctor": 1, "hospital": 3, "appointment_date": "2026-03-28", "appointment_time": "11:00:00", "status": "past", "reason": "Specialist follow-up for gallstones", "created_at": "2026-03-17T19:33:21.941Z"}}, {"model": "hospital.appointment", "pk": 11, "fields": {"patient": 14, "doctor": 2, "hospital": 3, "appointment_date": "2026-03-29", "appointment_time": "12:00:00", "status": "past", "reason": "Specialist follow-up for neonatal jaundice", "created_at": "2026-03-16T19:33:21.941Z"}}, {"model": "hospital.appointment", "pk": 12, "fields": {"patient": 15, "doctor": 1, "hospital": 3, "appointment_date": "2026-03-30", "appointment_time": "13:00:00", "status": "completed", "reason": "Specialist follow-up for pneumonia", "created_at": "2026-03-15T19:33:21.941Z"}}, {"model": "hospital.appointment", "pk": 13, "fields": {"patient": 16, "doctor": 2, "hospital": 3, "appointment_date": "2026-03-31", "appointment_time": "14:00:00", "status": "cancelled", "reason": "Specialist follow-up for heart failure review", "created_at": "2026-03-14T19:33:21.941Z"}}, {"model": "hospital.appointment", "pk": 14, "fields": {"patient": 2, "doctor": 1, "hospital": 1, "appointment_date": "2026-03-29", "appointment_time": "10:00:00", "status": "past", "reason": "Cross-hospital review.", "created_at": "2026-03-27T16:45:28.350Z"}}, {"model": "hospital.medicalrecord", "pk": 1, "fields": {"patient": 2, "hospital": 1, "doctor": 1, "subjective": "", "objective": "", "assessment": "", "plan": "", "diagnosis": "Type 2 diabetes mellitus; hypertension", "prescription": "Metformin and lifestyle management", "notes": "Routine chronic disease follow-up.", "created_at": "2026-03-25T15:19:15.654Z"}}, {"model": "hospital.medicalrecord", "pk": 2, "fields": {"patient": 2, "hospital": 2, "doctor": 1, "subjective": "", "objective": "", "assessment": "", "plan": "", "diagnosis": "Asthma; seasonal allergy", "prescription": "Inhaled bronchodilator", "notes": "Cross-facility shared history entry.", "created_at": "2026-03-25T15:19:15.914Z"}}, {"model": "hospital.medicalrecord", "pk": 3, "fields": {"patient": 3, "hospital": 1, "doctor": 1, "subjective": "", "objective": "", "assessment": "", "plan": "", "diagnosis": "Bronchial asthma", "prescription": "Salbutamol inhaler", "notes": "Pediatric review.", "created_at": "2026-03-25T15:19:16.088Z"}}, {"model": "hospital.medicalrecord", "pk": 4, "fields": {"patient": 4, "hospital": 2, "doctor": 1, "subjective": "", "objective": "", "assessment": "", "plan": "", "diagnosis": "Osteoarthritis and hypertension", "prescription": "Pain control and pressure monitoring", "notes": "Senior outpatient review.", "created_at": "2026-03-25T15:19:16.318Z"}}, {"model": "hospital.medicalrecord", "pk": 5, "fields": {"patient": 5, "hospital": 3, "doctor": 1, "subjective": "", "objective": "", "assessment": "", "plan": "", "diagnosis": "Migraine and dehydration", "prescription": "Continue specialist review and documented treatment plan.", "notes": "Acute headache review with nausea after three days of poor intake.", "created_at": "2026-03-26T07:56:13.404Z"}}, {"model": "hospital.medicalrecord", "pk": 6, "fields": {"patient": 6, "hospital": 3, "doctor": 1, "subjective": "", "objective": "", "assessment": "", "plan": "", "diagnosis": "Type 2 diabetes mellitus", "prescription": "Continue specialist review and documented treatment plan.", "notes": "Quarterly glycemic review with peripheral neuropathy symptoms.", "created_at": "2026-03-26T07:56:16.116Z"}}, {"model": "hospital.medicalrecord", "pk": 7, "fields": {"patient": 7, "hospital": 3, "doctor": 1, "subjective": "", "objective": "", "assessment": "", "plan": "", "diagnosis": "Iron deficiency anemia", "prescription": "Continue specialist review and documented treatment plan.", "notes": "Fatigue, dizziness, and low ferritin in specialist follow-up.", "created_at": "2026-03-26T07:56:19.428Z"}}, {"model": "hospital.medicalrecord", "pk": 8, "fields": {"patient": 8, "hospital": 3, "doctor": 1, "subjective": "", "objective": "", "assessment": "", "plan": "", "diagnosis": "Hypertension and chronic kidney disease", "prescription": "Continue specialist review and documented treatment plan.", "notes": "Renal clinic follow-up with blood pressure optimization.", "created_at": "2026-03-26T07:56:22.917Z"}}, {"model": "hospital.medicalrecord", "pk": 9, "fields": {"patient": 9, "hospital": 3, "doctor": 1, "subjective": "", "objective": "", "assessment": "", "plan": "", "diagnosis": "Bronchial asthma", "prescription": "Continue specialist review and documented treatment plan.", "notes": "Pediatric respiratory review after recurrent wheeze episodes.", "created_at": "2026-03-26T07:56:27.832Z"}}, {"model": "hospital.medicalrecord", "pk": 10, "fields": {"patient": 10, "hospital": 3, "doctor": 1, "subjective": "", "objective": "", "assessment": "", "plan": "", "diagnosis": "Lumbar disc disease", "prescription": "Continue specialist review and documented treatment plan.", "notes": "Persistent lower-back pain with reduced mobility and imaging review.", "created_at": "2026-03-26T07:56:32.851Z"}}, {"model": "hospital.medicalrecord", "pk": 11, "fields": {"patient": 11, "hospital": 3, "doctor": 1, "subjective": "", "objective": "", "assessment": "", "plan": "", "diagnosis": "Osteoarthritis", "prescription": "Continue specialist review and documented treatment plan.", "notes": "Joint stiffness and reduced range of motion in orthopedic follow-up.", "created_at": "2026-03-26T07:56:36.582Z"}}, {"model": "hospital.medicalrecord", "pk": 12, "fields": {"patient": 12, "hospital": 3, "doctor": 1, "subjective": "", "objective": "", "assessment": "", "plan": "", "diagnosis": "Peptic ulcer disease", "prescription": "Continue specialist review and documented treatment plan.", "notes": "Epigastric pain, nausea, and appetite loss under gastro review.", "created_at": "2026-03-26T07:56:40.131Z"}}, {"model": "hospital.medicalrecord", "pk": 13, "fields": {"patient": 13, "hospital": 3, "doctor": 1, "subjective": "", "objective": "", "assessment": "", "plan": "", "diagnosis": "Gallstones", "prescription": "Continue specialist review and documented treatment plan.", "notes": "Pre-operative review with biliary colic history and ultrasound findings.", "created_at": "2026-03-26T07:56:43.421Z"}}, {"model": "hospital.medicalrecord", "pk": 14, "fields": {"patient": 14, "hospital": 3, "doctor": 1, "subjective": "", "objective": "", "assessment": "", "plan": "", "diagnosis": "Neonatal jaundice", "prescription": "Continue specialist review and documented treatment plan.", "notes": "Newborn follow-up for bilirubin monitoring and feeding support.", "created_at": "2026-03-26T07:56:46.149Z"}}, {"model": "hospital.medicalrecord", "pk": 15, "fields": {"patient": 5, "hospital": 3, "doctor": 1, "subjective": "", "objective": "", "assessment": "", "plan": "", "diagnosis": "Migraine and dehydration", "prescription": "Continue current treatment plan and return for review.", "notes": "Backdated seeded specialist follow-up.", "created_at": "2026-03-17T16:39:08.508Z"}}, {"model": "hospital.medicalrecord", "pk": 16, "fields": {"patient": 5, "hospital": 3, "doctor": 1, "subjective": "", "objective": "", "assessment": "", "plan": "", "diagnosis": "Migraine and dehydration", "prescription": "Continue current treatment plan and return for review.", "notes": "Backdated seeded specialist follow-up.", "created_at": "2026-03-17T16:42:29.050Z"}}, {"model": "hospital.medicalrecord", "pk": 17, "fields": {"patient": 6, "hospital": 3, "doctor": 2, "subjective": "", "objective": "", "assessment": "", "plan": "", "diagnosis": "Type 2 diabetes mellitus", "prescription": "Continue current treatment plan and return for review.", "notes": "Backdated seeded specialist follow-up.", "created_at": "2026-03-16T16:42:29.050Z"}}, {"model": "hospital.medicalrecord", "pk": 18, "fields": {"patient": 7, "hospital": 3, "doctor": 1, "subjective": "", "objective": "", "assessment": "", "plan": "", "diagnosis": "Iron deficiency anemia", "prescription": "Continue current treatment plan and return for review.", "notes": "Backdated seeded specialist follow-up.", "created_at": "2026-03-15T16:42:29.050Z"}}, {"model": "hospital.medicalrecord", "pk": 19, "fields": {"patient": 8, "hospital": 3, "doctor": 2, "subjective": "", "objective": "", "assessment": "", "plan": "", "diagnosis": "Hypertension and chronic kidney disease", "prescription": "Continue current treatment plan and return for review.", "notes": "Backdated seeded specialist follow-up.", "created_at": "2026-03-14T16:42:29.050Z"}}, {"model": "hospital.medicalrecord", "pk": 20, "fields": {"patient": 9, "hospital": 3, "doctor": 1, "subjective": "", "objective": "", "assessment": "", "plan": "", "diagnosis": "Bronchial asthma", "prescription": "Continue current treatment plan and return for review.", "notes": "Backdated seeded specialist follow-up.", "created_at": "2026-03-13T16:42:29.050Z"}}, {"model": "hospital.medicalrecord", "pk": 21, "fields": {"patient": 10, "hospital": 3, "doctor": 2, "subjective": "", "objective": "", "assessment": "", "plan": "", "diagnosis": "Lumbar disc disease", "prescription": "Continue current treatment plan and return for review.", "notes": "Backdated seeded specialist follow-up.", "created_at": "2026-03-12T16:42:29.050Z"}}, {"model": "hospital.medicalrecord", "pk": 22, "fields": {"patient": 11, "hospital": 3, "doctor": 1, "subjective": "", "objective": "", "assessment": "", "plan": "", "diagnosis": "Osteoarthritis", "prescription": "Continue current treatment plan and return for review.", "notes": "Backdated seeded specialist follow-up.", "created_at": "2026-03-11T16:42:29.050Z"}}, {"model": "hospital.medicalrecord", "pk": 23, "fields": {"patient": 12, "hospital": 3, "doctor": 2, "subjective": "", "objective": "", "assessment": "", "plan": "", "diagnosis": "Peptic ulcer disease", "prescription": "Continue current treatment plan and return for review.", "notes": "Backdated seeded specialist follow-up.", "created_at": "2026-03-10T16:42:29.050Z"}}, {"model": "hospital.medicalrecord", "pk": 24, "fields": {"patient": 13, "hospital": 3, "doctor": 1, "subjective": "", "objective": "", "assessment": "", "plan": "", "diagnosis": "Gallstones", "prescription": "Continue current treatment plan and return for review.", "notes": "Backdated seeded specialist follow-up.", "created_at": "2026-03-09T16:42:29.050Z"}}, {"model": "hospital.medicalrecord", "pk": 25, "fields": {"patient": 14, "hospital": 3, "doctor": 2, "subjective": "", "objective": "", "assessment": "", "plan": "", "diagnosis": "Neonatal jaundice", "prescription": "Continue current treatment plan and return for review.", "notes": "Backdated seeded specialist follow-up.", "created_at": "2026-03-08T16:42:29.050Z"}}, {"model": "hospital.medicalrecord", "pk": 26, "fields": {"patient": 15, "hospital": 3, "doctor": 1, "subjective": "", "objective": "", "assessment": "", "plan": "", "diagnosis": "Pneumonia", "prescription": "Continue current treatment plan and return for review.", "notes": "Backdated seeded specialist follow-up.", "created_at": "2026-03-07T16:42:29.050Z"}}, {"model": "hospital.medicalrecord", "pk": 27, "fields": {"patient": 16, "hospital": 3, "doctor": 2, "subjective": "", "objective": "", "assessment": "", "plan": "", "diagnosis": "Heart failure review", "prescription": "Continue current treatment plan and return for review.", "notes": "Backdated seeded specialist follow-up.", "created_at": "2026-03-06T16:42:29.050Z"}}, {"model": "hospital.medicalrecord", "pk": 28, "fields": {"patient": 5, "hospital": 3, "doctor": 1, "subjective": "", "objective": "", "assessment": "", "plan": "", "diagnosis": "Migraine and dehydration", "prescription": "Seeded walk-in prescription.", "notes": "Seeded walk-in consultation note.", "created_at": "2026-03-27T16:45:08.828Z"}}, {"model": "hospital.medicalrecord", "pk": 29, "fields": {"patient": 6, "hospital": 3, "doctor": 2, "subjective": "", "objective": "", "assessment": "", "plan": "", "diagnosis": "Type 2 diabetes mellitus", "prescription": "Seeded walk-in prescription.", "notes": "Seeded walk-in consultation note.", "created_at": "2026-03-27T16:45:11.145Z"}}, {"model": "hospital.medicalrecord", "pk": 30, "fields": {"patient": 7, "hospital": 3, "doctor": 1, "subjective": "", "objective": "", "assessment": "", "plan": "", "diagnosis": "Iron deficiency anemia", "prescription": "Seeded walk-in prescription.", "notes": "Seeded walk-in consultation note.", "created_at": "2026-03-27T16:45:12.991Z"}}, {"model": "hospital.medicalrecord", "pk": 31, "fields": {"patient": 13, "hospital": 3, "doctor": 2, "subjective": "", "objective": "", "assessment": "", "plan": "", "diagnosis": "Gallstones", "prescription": "Seeded walk-in prescription.", "notes": "Seeded walk-in consultation note.", "created_at": "2026-03-27T16:45:15.711Z"}}, {"model": "hospital.medicalrecord", "pk": 32, "fields": {"patient": 15, "hospital": 3, "doctor": 1, "subjective": "", "objective": "", "assessment": "", "plan": "", "diagnosis": "Pneumonia", "prescription": "Seeded walk-in prescription.", "notes": "Seeded walk-in consultation note.", "created_at": "2026-03-27T16:45:18.529Z"}}, {"model": "hospital.medicalrecord", "pk": 33, "fields": {"patient": 15, "hospital": 3, "doctor": 1, "subjective": "", "objective": "", "assessment": "", "plan": "", "diagnosis": "Patient suffering from acute bacterial infection.", "prescription": "Amoxcylin Full dosage", "notes": "Make sure to give patient full amoxcylin dosage please", "created_at": "2026-03-27T17:50:00.698Z"}}, {"model": "hospital.medicalrecord", "pk": 34, "fields": {"patient": 5, "hospital": 3, "doctor": 1, "subjective": "", "objective": "", "assessment": "", "plan": "", "diagnosis": "Migraine and dehydration", "prescription": "Continue current treatment plan and return for review.", "notes": "Backdated seeded specialist follow-up.", "created_at": "2026-03-17T18:23:23.528Z"}}, {"model": "hospital.medicalrecord", "pk": 35, "fields": {"patient": 5, "hospital": 3, "doctor": 1, "subjective": "", "objective": "", "assessment": "", "plan": "", "diagnosis": "Migraine and dehydration", "prescription": "Continue current treatment plan and return for review.", "notes": "Backdated seeded specialist follow-up.", "created_at": "2026-03-17T18:26:25.570Z"}}, {"model": "hospital.medicalrecord", "pk": 36, "fields": {"patient": 6, "hospital": 3, "doctor": 2, "subjective": "", "objective": "", "assessment": "", "plan": "", "diagnosis": "Type 2 diabetes mellitus", "prescription": "Continue current treatment plan and return for review.", "notes": "Backdated seeded specialist follow-up.", "created_at": "2026-03-16T18:26:25.570Z"}}, {"model": "hospital.medicalrecord", "pk": 37, "fields": {"patient": 7, "hospital": 3, "doctor": 1, "subjective": "", "objective": "", "assessment": "", "plan": "", "diagnosis": "Iron deficiency anemia", "prescription": "Continue current treatment plan and return for review.", "notes": "Backdated seeded specialist follow-up.", "created_at": "2026-03-15T18:26:25.570Z"}}, {"model": "hospital.medicalrecord", "pk": 38, "fields": {"patient": 8, "hospital": 3, "doctor": 2, "subjective": "", "objective": "", "assessment": "", "plan": "", "diagnosis": "Hypertension and chronic kidney disease", "prescription": "Continue current treatment plan and return for review.", "notes": "Backdated seeded specialist follow-up.", "created_at": "2026-03-14T18:26:25.570Z"}}, {"model": "hospital.medicalrecord", "pk": 39, "fields": {"patient": 9, "hospital": 3, "doctor": 1, "subjective": "", "objective": "", "assessment": "", "plan": "", "diagnosis": "Bronchial asthma", "prescription": "Continue current treatment plan and return for review.", "notes": "Backdated seeded specialist follow-up.", "created_at": "2026-03-13T18:26:25.570Z"}}, {"model": "hospital.medicalrecord", "pk": 40, "fields": {"patient": 10, "hospital": 3, "doctor": 2, "subjective": "", "objective": "", "assessment": "", "plan": "", "diagnosis": "Lumbar disc disease", "prescription": "Continue current treatment plan and return for review.", "notes": "Backdated seeded specialist follow-up.", "created_at": "2026-03-12T18:26:25.570Z"}}, {"model": "hospital.medicalrecord", "pk": 41, "fields": {"patient": 11, "hospital": 3, "doctor": 1, "subjective": "", "objective": "", "assessment": "", "plan": "", "diagnosis": "Osteoarthritis", "prescription": "Continue current treatment plan and return for review.", "notes": "Backdated seeded specialist follow-up.", "created_at": "2026-03-11T18:26:25.570Z"}}, {"model": "hospital.medicalrecord", "pk": 42, "fields": {"patient": 12, "hospital": 3, "doctor": 2, "subjective": "", "objective": "", "assessment": "", "plan": "", "diagnosis": "Peptic ulcer disease", "prescription": "Continue current treatment plan and return for review.", "notes": "Backdated seeded specialist follow-up.", "created_at": "2026-03-10T18:26:25.570Z"}}, {"model": "hospital.medicalrecord", "pk": 43, "fields": {"patient": 13, "hospital": 3, "doctor": 1, "subjective": "", "objective": "", "assessment": "", "plan": "", "diagnosis": "Gallstones", "prescription": "Continue current treatment plan and return for review.", "notes": "Backdated seeded specialist follow-up.", "created_at": "2026-03-09T18:26:25.570Z"}}, {"model": "hospital.medicalrecord", "pk": 44, "fields": {"patient": 14, "hospital": 3, "doctor": 2, "subjective": "", "objective": "", "assessment": "", "plan": "", "diagnosis": "Neonatal jaundice", "prescription": "Continue current treatment plan and return for review.", "notes": "Backdated seeded specialist follow-up.", "created_at": "2026-03-08T18:26:25.570Z"}}, {"model": "hospital.medicalrecord", "pk": 45, "fields": {"patient": 15, "hospital": 3, "doctor": 1, "subjective": "", "objective": "", "assessment": "", "plan": "", "diagnosis": "Pneumonia", "prescription": "Continue current treatment plan and return for review.", "notes": "Backdated seeded specialist follow-up.", "created_at": "2026-03-07T18:26:25.570Z"}}, {"model": "hospital.medicalrecord", "pk": 46, "fields": {"patient": 16, "hospital": 3, "doctor": 2, "subjective": "", "objective": "", "assessment": "", "plan": "", "diagnosis": "Heart failure review", "prescription": "Continue current treatment plan and return for review.", "notes": "Backdated seeded specialist follow-up.", "created_at": "2026-03-06T18:26:25.570Z"}}, {"model": "hospital.medicalrecord", "pk": 47, "fields": {"patient": 5, "hospital": 3, "doctor": 1, "subjective": "", "objective": "", "assessment": "", "plan": "", "diagnosis": "Migraine and dehydration", "prescription": "Continue current treatment plan and return for review.", "notes": "Backdated seeded specialist follow-up.", "created_at": "2026-03-17T18:29:53.531Z"}}, {"model": "hospital.medicalrecord", "pk": 48, "fields": {"patient": 6, "hospital": 3, "doctor": 2, "subjective": "", "objective": "", "assessment": "", "plan": "", "diagnosis": "Type 2 diabetes mellitus", "prescription": "Continue current treatment plan and return for review.", "notes": "Backdated seeded specialist follow-up.", "created_at": "2026-03-16T18:29:53.531Z"}}, {"model": "hospital.medicalrecord", "pk": 49, "fields": {"patient": 7, "hospital": 3, "doctor": 1, "subjective": "", "objective": "", "assessment": "", "plan": "", "diagnosis": "Iron deficiency anemia", "prescription": "Continue current treatment plan and return for review.", "notes": "Backdated seeded specialist follow-up.", "created_at": "2026-03-15T18:29:53.531Z"}}, {"model": "hospital.medicalrecord", "pk": 50, "fields": {"patient": 8, "hospital": 3, "doctor": 2, "subjective": "", "objective": "", "assessment": "", "plan": "", "diagnosis": "Hypertension and chronic kidney disease", "prescription": "Continue current treatment plan and return for review.", "notes": "Backdated seeded specialist follow-up.", "created_at": "2026-03-14T18:29:53.531Z"}}, {"model": "hospital.medicalrecord", "pk": 51, "fields": {"patient": 9, "hospital": 3, "doctor": 1, "subjective": "", "objective": "", "assessment": "", "plan": "", "diagnosis": "Bronchial asthma", "prescription": "Continue current treatment plan and return for review.", "notes": "Backdated seeded specialist follow-up.", "created_at": "2026-03-13T18:29:53.531Z"}}, {"model": "hospital.medicalrecord", "pk": 52, "fields": {"patient": 10, "hospital": 3, "doctor": 2, "subjective": "", "objective": "", "assessment": "", "plan": "", "diagnosis": "Lumbar disc disease", "prescription": "Continue current treatment plan and return for review.", "notes": "Backdated seeded specialist follow-up.", "created_at": "2026-03-12T18:29:53.531Z"}}, {"model": "hospital.medicalrecord", "pk": 53, "fields": {"patient": 11, "hospital": 3, "doctor": 1, "subjective": "", "objective": "", "assessment": "", "plan": "", "diagnosis": "Osteoarthritis", "prescription": "Continue current treatment plan and return for review.", "notes": "Backdated seeded specialist follow-up.", "created_at": "2026-03-11T18:29:53.531Z"}}, {"model": "hospital.medicalrecord", "pk": 54, "fields": {"patient": 12, "hospital": 3, "doctor": 2, "subjective": "", "objective": "", "assessment": "", "plan": "", "diagnosis": "Peptic ulcer disease", "prescription": "Continue current treatment plan and return for review.", "notes": "Backdated seeded specialist follow-up.", "created_at": "2026-03-10T18:29:53.531Z"}}, {"model": "hospital.medicalrecord", "pk": 55, "fields": {"patient": 13, "hospital": 3, "doctor": 1, "subjective": "", "objective": "", "assessment": "", "plan": "", "diagnosis": "Gallstones", "prescription": "Continue current treatment plan and return for review.", "notes": "Backdated seeded specialist follow-up.", "created_at": "2026-03-09T18:29:53.531Z"}}, {"model": "hospital.medicalrecord", "pk": 56, "fields": {"patient": 14, "hospital": 3, "doctor": 2, "subjective": "", "objective": "", "assessment": "", "plan": "", "diagnosis": "Neonatal jaundice", "prescription": "Continue current treatment plan and return for review.", "notes": "Backdated seeded specialist follow-up.", "created_at": "2026-03-08T18:29:53.531Z"}}, {"model": "hospital.medicalrecord", "pk": 57, "fields": {"patient": 15, "hospital": 3, "doctor": 1, "subjective": "", "objective": "", "assessment": "", "plan": "", "diagnosis": "Pneumonia", "prescription": "Continue current treatment plan and return for review.", "notes": "Backdated seeded specialist follow-up.", "created_at": "2026-03-07T18:29:53.531Z"}}, {"model": "hospital.medicalrecord", "pk": 58, "fields": {"patient": 16, "hospital": 3, "doctor": 2, "subjective": "", "objective": "", "assessment": "", "plan": "", "diagnosis": "Heart failure review", "prescription": "Continue current treatment plan and return for review.", "notes": "Backdated seeded specialist follow-up.", "created_at": "2026-03-06T18:29:53.531Z"}}, {"model": "hospital.medicalrecord", "pk": 59, "fields": {"patient": 5, "hospital": 3, "doctor": 1, "subjective": "", "objective": "", "assessment": "", "plan": "", "diagnosis": "Migraine and dehydration", "prescription": "Seeded walk-in prescription.", "notes": "Seeded walk-in consultation note.", "created_at": "2026-03-27T18:31:32.704Z"}}, {"model": "hospital.medicalrecord", "pk": 60, "fields": {"patient": 6, "hospital": 3, "doctor": 2, "subjective": "", "objective": "", "assessment": "", "plan": "", "diagnosis": "Type 2 diabetes mellitus", "prescription": "Seeded walk-in prescription.", "notes": "Seeded walk-in consultation note.", "created_at": "2026-03-27T18:31:36.052Z"}}, {"model": "hospital.medicalrecord", "pk": 61, "fields": {"patient": 7, "hospital": 3, "doctor": 1, "subjective": "", "objective": "", "assessment": "", "plan": "", "diagnosis": "Iron deficiency anemia", "prescription": "Seeded walk-in prescription.", "notes": "Seeded walk-in consultation note.", "created_at": "2026-03-27T18:31:38.905Z"}}, {"model": "hospital.medicalrecord", "pk": 62, "fields": {"patient": 13, "hospital": 3, "doctor": 2, "subjective": "", "objective": "", "assessment": "", "plan": "", "diagnosis": "Gallstones", "prescription": "Seeded walk-in prescription.", "notes": "Seeded walk-in consultation note.", "created_at": "2026-03-27T18:31:41.996Z"}}, {"model": "hospital.medicalrecord", "pk": 63, "fields": {"patient": 15, "hospital": 3, "doctor": 1, "subjective": "", "objective": "", "assessment": "", "plan": "", "diagnosis": "Pneumonia", "prescription": "Seeded walk-in prescription.", "notes": "Seeded walk-in consultation note.", "created_at": "2026-03-27T18:31:44.164Z"}}, {"model": "hospital.medicalrecord", "pk": 64, "fields": {"patient": 5, "hospital": 3, "doctor": 1, "subjective": "", "objective": "", "assessment": "", "plan": "", "diagnosis": "Migraine and dehydration", "prescription": "Continue current treatment plan and return for review.", "notes": "Backdated seeded specialist follow-up.", "created_at": "2026-03-17T18:33:14.371Z"}}, {"model": "hospital.medicalrecord", "pk": 65, "fields": {"patient": 6, "hospital": 3, "doctor": 2, "subjective": "", "objective": "", "assessment": "", "plan": "", "diagnosis": "Type 2 diabetes mellitus", "prescription": "Continue current treatment plan and return for review.", "notes": "Backdated seeded specialist follow-up.", "created_at": "2026-03-16T18:33:14.371Z"}}, {"model": "hospital.medicalrecord", "pk": 66, "fields": {"patient": 7, "hospital": 3, "doctor": 1, "subjective": "", "objective": "", "assessment": "", "plan": "", "diagnosis": "Iron deficiency anemia", "prescription": "Continue current treatment plan and return for review.", "notes": "Backdated seeded specialist follow-up.", "created_at": "2026-03-15T18:33:14.371Z"}}, {"model": "hospital.medicalrecord", "pk": 67, "fields": {"patient": 8, "hospital": 3, "doctor": 2, "subjective": "", "objective": "", "assessment": "", "plan": "", "diagnosis": "Hypertension and chronic kidney disease", "prescription": "Continue current treatment plan and return for review.", "notes": "Backdated seeded specialist follow-up.", "created_at": "2026-03-14T18:33:14.371Z"}}, {"model": "hospital.medicalrecord", "pk": 68, "fields": {"patient": 9, "hospital": 3, "doctor": 1, "subjective": "", "objective": "", "assessment": "", "plan": "", "diagnosis": "Bronchial asthma", "prescription": "Continue current treatment plan and return for review.", "notes": "Backdated seeded specialist follow-up.", "created_at": "2026-03-13T18:33:14.371Z"}}, {"model": "hospital.medicalrecord", "pk": 69, "fields": {"patient": 10, "hospital": 3, "doctor": 2, "subjective": "", "objective": "", "assessment": "", "plan": "", "diagnosis": "Lumbar disc disease", "prescription": "Continue current treatment plan and return for review.", "notes": "Backdated seeded specialist follow-up.", "created_at": "2026-03-12T18:33:14.371Z"}}, {"model": "hospital.medicalrecord", "pk": 70, "fields": {"patient": 11, "hospital": 3, "doctor": 1, "subjective": "", "objective": "", "assessment": "", "plan": "", "diagnosis": "Osteoarthritis", "prescription": "Continue current treatment plan and return for review.", "notes": "Backdated seeded specialist follow-up.", "created_at": "2026-03-11T18:33:14.371Z"}}, {"model": "hospital.medicalrecord", "pk": 71, "fields": {"patient": 12, "hospital": 3, "doctor": 2, "subjective": "", "objective": "", "assessment": "", "plan": "", "diagnosis": "Peptic ulcer disease", "prescription": "Continue current treatment plan and return for review.", "notes": "Backdated seeded specialist follow-up.", "created_at": "2026-03-10T18:33:14.371Z"}}, {"model": "hospital.medicalrecord", "pk": 72, "fields": {"patient": 13, "hospital": 3, "doctor": 1, "subjective": "", "objective": "", "assessment": "", "plan": "", "diagnosis": "Gallstones", "prescription": "Continue current treatment plan and return for review.", "notes": "Backdated seeded specialist follow-up.", "created_at": "2026-03-09T18:33:14.371Z"}}, {"model": "hospital.medicalrecord", "pk": 73, "fields": {"patient": 14, "hospital": 3, "doctor": 2, "subjective": "", "objective": "", "assessment": "", "plan": "", "diagnosis": "Neonatal jaundice", "prescription": "Continue current treatment plan and return for review.", "notes": "Backdated seeded specialist follow-up.", "created_at": "2026-03-08T18:33:14.371Z"}}, {"model": "hospital.medicalrecord", "pk": 74, "fields": {"patient": 15, "hospital": 3, "doctor": 1, "subjective": "", "objective": "", "assessment": "", "plan": "", "diagnosis": "Pneumonia", "prescription": "Continue current treatment plan and return for review.", "notes": "Backdated seeded specialist follow-up.", "created_at": "2026-03-07T18:33:14.371Z"}}, {"model": "hospital.medicalrecord", "pk": 75, "fields": {"patient": 16, "hospital": 3, "doctor": 2, "subjective": "", "objective": "", "assessment": "", "plan": "", "diagnosis": "Heart failure review", "prescription": "Continue current treatment plan and return for review.", "notes": "Backdated seeded specialist follow-up.", "created_at": "2026-03-06T18:33:14.371Z"}}, {"model": "hospital.medicalrecord", "pk": 76, "fields": {"patient": 5, "hospital": 3, "doctor": 1, "subjective": "", "objective": "", "assessment": "", "plan": "", "diagnosis": "Migraine and dehydration", "prescription": "Seeded walk-in prescription.", "notes": "Seeded walk-in consultation note.", "created_at": "2026-03-27T18:34:49.136Z"}}, {"model": "hospital.medicalrecord", "pk": 77, "fields": {"patient": 6, "hospital": 3, "doctor": 2, "subjective": "", "objective": "", "assessment": "", "plan": "", "diagnosis": "Type 2 diabetes mellitus", "prescription": "Seeded walk-in prescription.", "notes": "Seeded walk-in consultation note.", "created_at": "2026-03-27T18:34:51.180Z"}}, {"model": "hospital.medicalrecord", "pk": 78, "fields": {"patient": 7, "hospital": 3, "doctor": 1, "subjective": "", "objective": "", "assessment": "", "plan": "", "diagnosis": "Iron deficiency anemia", "prescription": "Seeded walk-in prescription.", "notes": "Seeded walk-in consultation note.", "created_at": "2026-03-27T18:34:52.834Z"}}, {"model": "hospital.medicalrecord", "pk": 79, "fields": {"patient": 13, "hospital": 3, "doctor": 2, "subjective": "", "objective": "", "assessment": "", "plan": "", "diagnosis": "Gallstones", "prescription": "Seeded walk-in prescription.", "notes": "Seeded walk-in consultation note.", "created_at": "2026-03-27T18:34:55.328Z"}}, {"model": "hospital.medicalrecord", "pk": 80, "fields": {"patient": 15, "hospital": 3, "doctor": 1, "subjective": "", "objective": "", "assessment": "", "plan": "", "diagnosis": "Pneumonia", "prescription": "Seeded walk-in prescription.", "notes": "Seeded walk-in consultation note.", "created_at": "2026-03-27T18:34:57.058Z"}}, {"model": "hospital.medicalrecord", "pk": 81, "fields": {"patient": 5, "hospital": 3, "doctor": 1, "subjective": "", "objective": "", "assessment": "", "plan": "", "diagnosis": "Migraine and dehydration", "prescription": "Continue current treatment plan and return for review.", "notes": "Backdated seeded specialist follow-up.", "created_at": "2026-03-17T19:02:24.779Z"}}, {"model": "hospital.medicalrecord", "pk": 82, "fields": {"patient": 6, "hospital": 3, "doctor": 2, "subjective": "", "objective": "", "assessment": "", "plan": "", "diagnosis": "Type 2 diabetes mellitus", "prescription": "Continue current treatment plan and return for review.", "notes": "Backdated seeded specialist follow-up.", "created_at": "2026-03-16T19:02:24.779Z"}}, {"model": "hospital.medicalrecord", "pk": 83, "fields": {"patient": 7, "hospital": 3, "doctor": 1, "subjective": "", "objective": "", "assessment": "", "plan": "", "diagnosis": "Iron deficiency anemia", "prescription": "Continue current treatment plan and return for review.", "notes": "Backdated seeded specialist follow-up.", "created_at": "2026-03-15T19:02:24.779Z"}}, {"model": "hospital.medicalrecord", "pk": 84, "fields": {"patient": 8, "hospital": 3, "doctor": 2, "subjective": "", "objective": "", "assessment": "", "plan": "", "diagnosis": "Hypertension and chronic kidney disease", "prescription": "Continue current treatment plan and return for review.", "notes": "Backdated seeded specialist follow-up.", "created_at": "2026-03-14T19:02:24.779Z"}}, {"model": "hospital.medicalrecord", "pk": 85, "fields": {"patient": 9, "hospital": 3, "doctor": 1, "subjective": "", "objective": "", "assessment": "", "plan": "", "diagnosis": "Bronchial asthma", "prescription": "Continue current treatment plan and return for review.", "notes": "Backdated seeded specialist follow-up.", "created_at": "2026-03-13T19:02:24.779Z"}}, {"model": "hospital.medicalrecord", "pk": 86, "fields": {"patient": 10, "hospital": 3, "doctor": 2, "subjective": "", "objective": "", "assessment": "", "plan": "", "diagnosis": "Lumbar disc disease", "prescription": "Continue current treatment plan and return for review.", "notes": "Backdated seeded specialist follow-up.", "created_at": "2026-03-12T19:02:24.779Z"}}, {"model": "hospital.medicalrecord", "pk": 87, "fields": {"patient": 11, "hospital": 3, "doctor": 1, "subjective": "", "objective": "", "assessment": "", "plan": "", "diagnosis": "Osteoarthritis", "prescription": "Continue current treatment plan and return for review.", "notes": "Backdated seeded specialist follow-up.", "created_at": "2026-03-11T19:02:24.779Z"}}, {"model": "hospital.medicalrecord", "pk": 88, "fields": {"patient": 12, "hospital": 3, "doctor": 2, "subjective": "", "objective": "", "assessment": "", "plan": "", "diagnosis": "Peptic ulcer disease", "prescription": "Continue current treatment plan and return for review.", "notes": "Backdated seeded specialist follow-up.", "created_at": "2026-03-10T19:02:24.779Z"}}, {"model": "hospital.medicalrecord", "pk": 89, "fields": {"patient": 13, "hospital": 3, "doctor": 1, "subjective": "", "objective": "", "assessment": "", "plan": "", "diagnosis": "Gallstones", "prescription": "Continue current treatment plan and return for review.", "notes": "Backdated seeded specialist follow-up.", "created_at": "2026-03-09T19:02:24.779Z"}}, {"model": "hospital.medicalrecord", "pk": 90, "fields": {"patient": 14, "hospital": 3, "doctor": 2, "subjective": "", "objective": "", "assessment": "", "plan": "", "diagnosis": "Neonatal jaundice", "prescription": "Continue current treatment plan and return for review.", "notes": "Backdated seeded specialist follow-up.", "created_at": "2026-03-08T19:02:24.779Z"}}, {"model": "hospital.medicalrecord", "pk": 91, "fields": {"patient": 15, "hospital": 3, "doctor": 1, "subjective": "", "objective": "", "assessment": "", "plan": "", "diagnosis": "Pneumonia", "prescription": "Continue current treatment plan and return for review.", "notes": "Backdated seeded specialist follow-up.", "created_at": "2026-03-07T19:02:24.779Z"}}, {"model": "hospital.medicalrecord", "pk": 92, "fields": {"patient": 16, "hospital": 3, "doctor": 2, "subjective": "", "objective": "", "assessment": "", "plan": "", "diagnosis": "Heart failure review", "prescription": "Continue current treatment plan and return for review.", "notes": "Backdated seeded specialist follow-up.", "created_at": "2026-03-06T19:02:24.779Z"}}, {"model": "hospital.medicalrecord", "pk": 93, "fields": {"patient": 5, "hospital": 3, "doctor": 1, "subjective": "", "objective": "", "assessment": "", "plan": "", "diagnosis": "Migraine and dehydration", "prescription": "Seeded walk-in prescription.", "notes": "Seeded walk-in consultation note.", "created_at": "2026-03-27T19:04:39.604Z"}}, {"model": "hospital.medicalrecord", "pk": 94, "fields": {"patient": 6, "hospital": 3, "doctor": 2, "subjective": "", "objective": "", "assessment": "", "plan": "", "diagnosis": "Type 2 diabetes mellitus", "prescription": "Seeded walk-in prescription.", "notes": "Seeded walk-in consultation note.", "created_at": "2026-03-27T19:04:41.787Z"}}, {"model": "hospital.medicalrecord", "pk": 95, "fields": {"patient": 7, "hospital": 3, "doctor": 1, "subjective": "", "objective": "", "assessment": "", "plan": "", "diagnosis": "Iron deficiency anemia", "prescription": "Seeded walk-in prescription.", "notes": "Seeded walk-in consultation note.", "created_at": "2026-03-27T19:04:43.263Z"}}, {"model": "hospital.medicalrecord", "pk": 96, "fields": {"patient": 13, "hospital": 3, "doctor": 2, "subjective": "", "objective": "", "assessment": "", "plan": "", "diagnosis": "Gallstones", "prescription": "Seeded walk-in prescription.", "notes": "Seeded walk-in consultation note.", "created_at": "2026-03-27T19:04:45.143Z"}}, {"model": "hospital.medicalrecord", "pk": 97, "fields": {"patient": 15, "hospital": 3, "doctor": 1, "subjective": "", "objective": "", "assessment": "", "plan": "", "diagnosis": "Pneumonia", "prescription": "Seeded walk-in prescription.", "notes": "Seeded walk-in consultation note.", "created_at": "2026-03-27T19:04:47.365Z"}}, {"model": "hospital.medicalrecord", "pk": 98, "fields": {"patient": 5, "hospital": 3, "doctor": 1, "subjective": "", "objective": "", "assessment": "", "plan": "", "diagnosis": "Migraine and dehydration", "prescription": "Continue current treatment plan and return for review.", "notes": "Backdated seeded specialist follow-up.", "created_at": "2026-03-17T19:33:21.941Z"}}, {"model": "hospital.medicalrecord", "pk": 99, "fields": {"patient": 6, "hospital": 3, "doctor": 2, "subjective": "", "objective": "", "assessment": "", "plan": "", "diagnosis": "Type 2 diabetes mellitus", "prescription": "Continue current treatment plan and return for review.", "notes": "Backdated seeded specialist follow-up.", "created_at": "2026-03-16T19:33:21.941Z"}}, {"model": "hospital.medicalrecord", "pk": 100, "fields": {"patient": 7, "hospital": 3, "doctor": 1, "subjective": "", "objective": "", "assessment": "", "plan": "", "diagnosis": "Iron deficiency anemia", "prescription": "Continue current treatment plan and return for review.", "notes": "Backdated seeded specialist follow-up.", "created_at": "2026-03-15T19:33:21.941Z"}}, {"model": "hospital.medicalrecord", "pk": 101, "fields": {"patient": 8, "hospital": 3, "doctor": 2, "subjective": "", "objective": "", "assessment": "", "plan": "", "diagnosis": "Hypertension and chronic kidney disease", "prescription": "Continue current treatment plan and return for review.", "notes": "Backdated seeded specialist follow-up.", "created_at": "2026-03-14T19:33:21.941Z"}}, {"model": "hospital.medicalrecord", "pk": 102, "fields": {"patient": 9, "hospital": 3, "doctor": 1, "subjective": "", "objective": "", "assessment": "", "plan": "", "diagnosis": "Bronchial asthma", "prescription": "Continue current treatment plan and return for review.", "notes": "Backdated seeded specialist follow-up.", "created_at": "2026-03-13T19:33:21.941Z"}}, {"model": "hospital.medicalrecord", "pk": 103, "fields": {"patient": 10, "hospital": 3, "doctor": 2, "subjective": "", "objective": "", "assessment": "", "plan": "", "diagnosis": "Lumbar disc disease", "prescription": "Continue current treatment plan and return for review.", "notes": "Backdated seeded specialist follow-up.", "created_at": "2026-03-12T19:33:21.941Z"}}, {"model": "hospital.medicalrecord", "pk": 104, "fields": {"patient": 11, "hospital": 3, "doctor": 1, "subjective": "", "objective": "", "assessment": "", "plan": "", "diagnosis": "Osteoarthritis", "prescription": "Continue current treatment plan and return for review.", "notes": "Backdated seeded specialist follow-up.", "created_at": "2026-03-11T19:33:21.941Z"}}, {"model": "hospital.medicalrecord", "pk": 105, "fields": {"patient": 12, "hospital": 3, "doctor": 2, "subjective": "", "objective": "", "assessment": "", "plan": "", "diagnosis": "Peptic ulcer disease", "prescription": "Continue current treatment plan and return for review.", "notes": "Backdated seeded specialist follow-up.", "created_at": "2026-03-10T19:33:21.941Z"}}, {"model": "hospital.medicalrecord", "pk": 106, "fields": {"patient": 13, "hospital": 3, "doctor": 1, "subjective": "", "objective": "", "assessment": "", "plan": "", "diagnosis": "Gallstones", "prescription": "Continue current treatment plan and return for review.", "notes": "Backdated seeded specialist follow-up.", "created_at": "2026-03-09T19:33:21.941Z"}}, {"model": "hospital.medicalrecord", "pk": 107, "fields": {"patient": 14, "hospital": 3, "doctor": 2, "subjective": "", "objective": "", "assessment": "", "plan": "", "diagnosis": "Neonatal jaundice", "prescription": "Continue current treatment plan and return for review.", "notes": "Backdated seeded specialist follow-up.", "created_at": "2026-03-08T19:33:21.941Z"}}, {"model": "hospital.medicalrecord", "pk": 108, "fields": {"patient": 15, "hospital": 3, "doctor": 1, "subjective": "", "objective": "", "assessment": "", "plan": "", "diagnosis": "Pneumonia", "prescription": "Continue current treatment plan and return for review.", "notes": "Backdated seeded specialist follow-up.", "created_at": "2026-03-07T19:33:21.941Z"}}, {"model": "hospital.medicalrecord", "pk": 109, "fields": {"patient": 16, "hospital": 3, "doctor": 2, "subjective": "", "objective": "", "assessment": "", "plan": "", "diagnosis": "Heart failure review", "prescription": "Continue current treatment plan and return for review.", "notes": "Backdated seeded specialist follow-up.", "created_at": "2026-03-06T19:33:21.941Z"}}, {"model": "hospital.medicalrecord", "pk": 110, "fields": {"patient": 5, "hospital": 3, "doctor": 1, "subjective": "", "objective": "", "assessment": "", "plan": "", "diagnosis": "Migraine and dehydration", "prescription": "Seeded walk-in prescription.", "notes": "Seeded walk-in consultation note.", "created_at": "2026-03-27T19:35:04.222Z"}}, {"model": "hospital.medicalrecord", "pk": 111, "fields": {"patient": 6, "hospital": 3, "doctor": 2, "subjective": "", "objective": "", "assessment": "", "plan": "", "diagnosis": "Type 2 diabetes mellitus", "prescription": "Seeded walk-in prescription.", "notes": "Seeded walk-in consultation note.", "created_at": "2026-03-27T19:35:06.991Z"}}, {"model": "hospital.medicalrecord", "pk": 112, "fields": {"patient": 7, "hospital": 3, "doctor": 1, "subjective": "", "objective": "", "assessment": "", "plan": "", "diagnosis": "Iron deficiency anemia", "prescription": "Seeded walk-in prescription.", "notes": "Seeded walk-in consultation note.", "created_at": "2026-03-27T19:35:08.534Z"}}, {"model": "hospital.medicalrecord", "pk": 113, "fields": {"patient": 13, "hospital": 3, "doctor": 2, "subjective": "", "objective": "", "assessment": "", "plan": "", "diagnosis": "Gallstones", "prescription": "Seeded walk-in prescription.", "notes": "Seeded walk-in consultation note.", "created_at": "2026-03-27T19:35:10.689Z"}}, {"model": "hospital.medicalrecord", "pk": 114, "fields": {"patient": 15, "hospital": 3, "doctor": 1, "subjective": "", "objective": "", "assessment": "", "plan": "", "diagnosis": "Pneumonia", "prescription": "Seeded walk-in prescription.", "notes": "Seeded walk-in consultation note.", "created_at": "2026-03-27T19:35:13.185Z"}}, {"model": "hospital.medicalrecord", "pk": 115, "fields": {"patient": 7, "hospital": 3, "doctor": 2, "subjective": "", "objective": "", "assessment": "", "plan": "Assigned to Hooks ICU · Bed ICU-1.", "diagnosis": "Admission initiated", "prescription": "", "notes": "jnjkfnjsnafi", "created_at": "2026-03-29T11:00:53.277Z"}}, {"model": "hospital.medicalrecord", "pk": 116, "fields": {"patient": 7, "hospital": 3, "doctor": 2, "subjective": "", "objective": "", "assessment": "", "plan": "Moved from Hooks ICU · Bed ICU-1 to Hooks Medical Ward · Bed GEN-3.", "diagnosis": "Bed transfer completed", "prescription": "", "notes": "Patient appearing to be getting stable.", "created_at": "2026-03-29T11:09:44.064Z"}}, {"model": "hospital.medicalrecord", "pk": 117, "fields": {"patient": 2, "hospital": 1, "doctor": 1, "subjective": "", "objective": "", "assessment": "", "plan": "", "diagnosis": "Acute Malaria", "prescription": "Patient needs a dosage of anti malarial drugs", "notes": "Please make sure patient is given proper regimen to handle the current malaria outbreak.", "created_at": "2026-03-29T09:58:39.901Z"}}, {"model": "hospital.careplan", "pk": 1, "fields": {"patient": 5, "hospital": 3, "doctor": 1, "title": "Specialist care plan 1", "goals": "Stabilize and monitor migraine and dehydration while improving functional recovery.", "milestones": "Review symptoms, repeat vitals, update medication plan, and confirm follow-up completion.", "timeline": "2-6 weeks", "care_team": "Nurse follow-up, lab review, pharmacist counseling", "status": "active", "next_review_on": null, "created_at": "2026-03-27T18:27:45.537Z", "updated_at": "2026-03-27T18:27:45.537Z"}}, {"model": "hospital.careplan", "pk": 2, "fields": {"patient": 6, "hospital": 3, "doctor": 2, "title": "Specialist care plan 2", "goals": "Stabilize and monitor type 2 diabetes mellitus while improving functional recovery.", "milestones": "Review symptoms, repeat vitals, update medication plan, and confirm follow-up completion.", "timeline": "2-6 weeks", "care_team": "Nurse follow-up, lab review, pharmacist counseling", "status": "active", "next_review_on": null, "created_at": "2026-03-27T18:27:47.734Z", "updated_at": "2026-03-27T18:27:47.734Z"}}, {"model": "hospital.careplan", "pk": 3, "fields": {"patient": 7, "hospital": 3, "doctor": 1, "title": "Specialist care plan 3", "goals": "Stabilize and monitor iron deficiency anemia while improving functional recovery.", "milestones": "Review symptoms, repeat vitals, update medication plan, and confirm follow-up completion.", "timeline": "2-6 weeks", "care_team": "Nurse follow-up, lab review, pharmacist counseling", "status": "active", "next_review_on": null, "created_at": "2026-03-27T18:27:51.133Z", "updated_at": "2026-03-27T18:27:51.133Z"}}, {"model": "hospital.careplan", "pk": 4, "fields": {"patient": 8, "hospital": 3, "doctor": 2, "title": "Specialist care plan 4", "goals": "Stabilize and monitor hypertension and chronic kidney disease while improving functional recovery.", "milestones": "Review symptoms, repeat vitals, update medication plan, and confirm follow-up completion.", "timeline": "2-6 weeks", "care_team": "Nurse follow-up, lab review, pharmacist counseling", "status": "active", "next_review_on": null, "created_at": "2026-03-27T18:27:54.330Z", "updated_at": "2026-03-27T18:27:54.330Z"}}, {"model": "hospital.careplan", "pk": 5, "fields": {"patient": 9, "hospital": 3, "doctor": 1, "title": "Specialist care plan 5", "goals": "Stabilize and monitor bronchial asthma while improving functional recovery.", "milestones": "Review symptoms, repeat vitals, update medication plan, and confirm follow-up completion.", "timeline": "2-6 weeks", "care_team": "Nurse follow-up, lab review, pharmacist counseling", "status": "active", "next_review_on": null, "created_at": "2026-03-27T18:27:58.187Z", "updated_at": "2026-03-27T18:27:58.187Z"}}, {"model": "hospital.careplan", "pk": 6, "fields": {"patient": 10, "hospital": 3, "doctor": 2, "title": "Specialist care plan 6", "goals": "Stabilize and monitor lumbar disc disease while improving functional recovery.", "milestones": "Review symptoms, repeat vitals, update medication plan, and confirm follow-up completion.", "timeline": "2-6 weeks", "care_team": "Nurse follow-up, lab review, pharmacist counseling", "status": "active", "next_review_on": null, "created_at": "2026-03-27T18:28:00.389Z", "updated_at": "2026-03-27T18:28:00.389Z"}}, {"model": "hospital.doctortask", "pk": 1, "fields": {"hospital": 3, "patient": 5, "created_by": 2, "assigned_to": 25, "title": "Follow up vitals for Miriam", "details": "Repeat vitals, confirm symptom response, and escalate abnormal findings to the doctor.", "priority": "high", "status": "done", "due_at": "2026-03-28T00:26:25.570Z", "completed_at": "2026-03-28T09:22:54.112Z", "created_at": "2026-03-27T18:27:45.700Z"}}, {"model": "hospital.doctortask", "pk": 2, "fields": {"hospital": 3, "patient": 6, "created_by": 24, "assigned_to": 26, "title": "Follow up vitals for David", "details": "Repeat vitals, confirm symptom response, and escalate abnormal findings to the doctor.", "priority": "medium", "status": "done", "due_at": "2026-03-28T01:26:25.570Z", "completed_at": "2026-03-28T06:10:10.623Z", "created_at": "2026-03-27T18:27:47.842Z"}}, {"model": "hospital.doctortask", "pk": 3, "fields": {"hospital": 3, "patient": 7, "created_by": 2, "assigned_to": 25, "title": "Follow up vitals for Aisha", "details": "Repeat vitals, confirm symptom response, and escalate abnormal findings to the doctor.", "priority": "medium", "status": "done", "due_at": "2026-03-28T02:26:25.570Z", "completed_at": "2026-03-28T09:23:00.208Z", "created_at": "2026-03-27T18:27:51.552Z"}}, {"model": "hospital.doctortask", "pk": 4, "fields": {"hospital": 3, "patient": 8, "created_by": 24, "assigned_to": 26, "title": "Follow up vitals for Peter", "details": "Repeat vitals, confirm symptom response, and escalate abnormal findings to the doctor.", "priority": "high", "status": "done", "due_at": "2026-03-28T03:26:25.570Z", "completed_at": "2026-03-28T06:10:18.383Z", "created_at": "2026-03-27T18:27:54.454Z"}}, {"model": "hospital.doctortask", "pk": 5, "fields": {"hospital": 3, "patient": 9, "created_by": 2, "assigned_to": 25, "title": "Follow up vitals for Lydia", "details": "Repeat vitals, confirm symptom response, and escalate abnormal findings to the doctor.", "priority": "medium", "status": "done", "due_at": "2026-03-28T04:26:25.570Z", "completed_at": "2026-03-28T09:23:16.869Z", "created_at": "2026-03-27T18:27:58.296Z"}}, {"model": "hospital.doctortask", "pk": 6, "fields": {"hospital": 3, "patient": 10, "created_by": 24, "assigned_to": 26, "title": "Follow up vitals for Joseph", "details": "Repeat vitals, confirm symptom response, and escalate abnormal findings to the doctor.", "priority": "medium", "status": "done", "due_at": "2026-03-28T05:26:25.570Z", "completed_at": "2026-03-28T06:10:20.700Z", "created_at": "2026-03-27T18:28:00.489Z"}}, {"model": "hospital.doctortask", "pk": 7, "fields": {"hospital": 3, "patient": 11, "created_by": 2, "assigned_to": 25, "title": "Follow up vitals for Hilda", "details": "Repeat vitals, confirm symptom response, and escalate abnormal findings to the doctor.", "priority": "high", "status": "done", "due_at": "2026-03-28T06:26:25.570Z", "completed_at": "2026-03-28T09:23:09.815Z", "created_at": "2026-03-27T18:28:01.920Z"}}, {"model": "hospital.doctortask", "pk": 8, "fields": {"hospital": 3, "patient": 12, "created_by": 24, "assigned_to": 26, "title": "Follow up vitals for Brian", "details": "Repeat vitals, confirm symptom response, and escalate abnormal findings to the doctor.", "priority": "medium", "status": "done", "due_at": "2026-03-28T07:26:25.570Z", "completed_at": "2026-03-28T04:43:35.561Z", "created_at": "2026-03-27T18:28:03.380Z"}}, {"model": "hospital.internalreferral", "pk": 1, "fields": {"patient": 5, "source_hospital": 3, "target_hospital": 3, "referring_doctor": 1, "target_doctor": 2, "specialty": "Second opinion", "reason": "Review complex walk-in presentation and confirm management plan.", "priority": "routine", "status": "pending", "due_at": "2026-03-27T22:29:53.531Z", "response_notes": "", "responded_at": null, "created_at": "2026-03-27T18:31:34.564Z"}}, {"model": "hospital.internalreferral", "pk": 2, "fields": {"patient": 6, "source_hospital": 3, "target_hospital": 3, "referring_doctor": 2, "target_doctor": 1, "specialty": "Second opinion", "reason": "Review complex walk-in presentation and confirm management plan.", "priority": "routine", "status": "accepted", "due_at": "2026-03-27T23:29:53.531Z", "response_notes": "", "responded_at": null, "created_at": "2026-03-27T18:31:37.200Z"}}, {"model": "hospital.internalreferral", "pk": 3, "fields": {"patient": 7, "source_hospital": 3, "target_hospital": 3, "referring_doctor": 1, "target_doctor": 2, "specialty": "Second opinion", "reason": "Review complex walk-in presentation and confirm management plan.", "priority": "routine", "status": "pending", "due_at": "2026-03-28T00:29:53.531Z", "response_notes": "", "responded_at": null, "created_at": "2026-03-27T18:31:40.349Z"}}, {"model": "hospital.billing", "pk": 1, "fields": {"patient": 5, "hospital": 3, "appointment": 2, "walk_in_encounter": null, "admission": null, "lab_request": null, "pharmacy_task": null, "medical_record": null, "video_consultation": null, "billing_type": "consultation", "description": "Doctor consultation charge.", "amount": "95.00", "paid": false, "invoice_pdf": "", "created_at": "2026-03-27T16:44:31.651Z"}}, {"model": "hospital.billing", "pk": 2, "fields": {"patient": 7, "hospital": 3, "appointment": 4, "walk_in_encounter": null, "admission": null, "lab_request": null, "pharmacy_task": null, "medical_record": null, "video_consultation": null, "billing_type": "consultation", "description": "Doctor consultation charge.", "amount": "95.00", "paid": false, "invoice_pdf": "", "created_at": "2026-03-27T16:44:41.048Z"}}, {"model": "hospital.billing", "pk": 3, "fields": {"patient": 9, "hospital": 3, "appointment": 6, "walk_in_encounter": null, "admission": null, "lab_request": null, "pharmacy_task": null, "medical_record": null, "video_consultation": null, "billing_type": "consultation", "description": "Doctor consultation charge.", "amount": "95.00", "paid": false, "invoice_pdf": "", "created_at": "2026-03-27T16:44:49.510Z"}}, {"model": "hospital.billing", "pk": 4, "fields": {"patient": 11, "hospital": 3, "appointment": 8, "walk_in_encounter": null, "admission": null, "lab_request": null, "pharmacy_task": null, "medical_record": null, "video_consultation": null, "billing_type": "consultation", "description": "Doctor consultation charge.", "amount": "95.00", "paid": false, "invoice_pdf": "", "created_at": "2026-03-27T16:44:55.705Z"}}, {"model": "hospital.billing", "pk": 5, "fields": {"patient": 13, "hospital": 3, "appointment": 10, "walk_in_encounter": null, "admission": null, "lab_request": null, "pharmacy_task": null, "medical_record": null, "video_consultation": null, "billing_type": "consultation", "description": "Doctor consultation charge.", "amount": "95.00", "paid": false, "invoice_pdf": "", "created_at": "2026-03-27T16:45:00.426Z"}}, {"model": "hospital.billing", "pk": 6, "fields": {"patient": 15, "hospital": 3, "appointment": 12, "walk_in_encounter": null, "admission": null, "lab_request": null, "pharmacy_task": null, "medical_record": null, "video_consultation": null, "billing_type": "consultation", "description": "Doctor consultation charge.", "amount": "95.00", "paid": false, "invoice_pdf": "", "created_at": "2026-03-27T16:45:05.272Z"}}, {"model": "hospital.billing", "pk": 7, "fields": {"patient": 5, "hospital": 3, "appointment": null, "walk_in_encounter": 1, "admission": null, "lab_request": null, "pharmacy_task": null, "medical_record": null, "video_consultation": null, "billing_type": "walk_in_registration", "description": "Walk-in reception and records charge.", "amount": "15.00", "paid": false, "invoice_pdf": "", "created_at": "2026-03-27T16:45:08.285Z"}}, {"model": "hospital.billing", "pk": 8, "fields": {"patient": 5, "hospital": 3, "appointment": null, "walk_in_encounter": 1, "admission": null, "lab_request": null, "pharmacy_task": null, "medical_record": null, "video_consultation": null, "billing_type": "walk_in_triage", "description": "Nurse triage and vital-sign review charge.", "amount": "12.00", "paid": false, "invoice_pdf": "", "created_at": "2026-03-27T16:45:08.574Z"}}, {"model": "hospital.billing", "pk": 9, "fields": {"patient": 5, "hospital": 3, "appointment": null, "walk_in_encounter": 1, "admission": null, "lab_request": null, "pharmacy_task": null, "medical_record": 28, "video_consultation": null, "billing_type": "consultation", "description": "Doctor consultation charge.", "amount": "95.00", "paid": false, "invoice_pdf": "", "created_at": "2026-03-27T16:45:09.234Z"}}, {"model": "hospital.billing", "pk": 10, "fields": {"patient": 5, "hospital": 3, "appointment": null, "walk_in_encounter": 1, "admission": null, "lab_request": null, "pharmacy_task": 1, "medical_record": 28, "video_consultation": null, "billing_type": "pharmacy", "description": "Pharmacy dispensing and medication charge.", "amount": "36.50", "paid": false, "invoice_pdf": "", "created_at": "2026-03-27T16:45:09.662Z"}}, {"model": "hospital.billing", "pk": 11, "fields": {"patient": 6, "hospital": 3, "appointment": null, "walk_in_encounter": 2, "admission": null, "lab_request": null, "pharmacy_task": null, "medical_record": null, "video_consultation": null, "billing_type": "walk_in_registration", "description": "Walk-in reception and records charge.", "amount": "15.00", "paid": false, "invoice_pdf": "", "created_at": "2026-03-27T16:45:10.594Z"}}, {"model": "hospital.billing", "pk": 12, "fields": {"patient": 6, "hospital": 3, "appointment": null, "walk_in_encounter": 2, "admission": null, "lab_request": null, "pharmacy_task": null, "medical_record": null, "video_consultation": null, "billing_type": "walk_in_triage", "description": "Nurse triage and vital-sign review charge.", "amount": "12.00", "paid": false, "invoice_pdf": "", "created_at": "2026-03-27T16:45:10.836Z"}}, {"model": "hospital.billing", "pk": 13, "fields": {"patient": 6, "hospital": 3, "appointment": null, "walk_in_encounter": 2, "admission": null, "lab_request": null, "pharmacy_task": null, "medical_record": 29, "video_consultation": null, "billing_type": "consultation", "description": "Doctor consultation charge.", "amount": "130.00", "paid": false, "invoice_pdf": "", "created_at": "2026-03-27T16:45:11.512Z"}}, {"model": "hospital.billing", "pk": 14, "fields": {"patient": 7, "hospital": 3, "appointment": null, "walk_in_encounter": 3, "admission": null, "lab_request": null, "pharmacy_task": null, "medical_record": null, "video_consultation": null, "billing_type": "walk_in_registration", "description": "Walk-in reception and records charge.", "amount": "15.00", "paid": false, "invoice_pdf": "", "created_at": "2026-03-27T16:45:12.335Z"}}, {"model": "hospital.billing", "pk": 15, "fields": {"patient": 7, "hospital": 3, "appointment": null, "walk_in_encounter": 3, "admission": null, "lab_request": null, "pharmacy_task": null, "medical_record": null, "video_consultation": null, "billing_type": "walk_in_triage", "description": "Nurse triage and vital-sign review charge.", "amount": "12.00", "paid": false, "invoice_pdf": "", "created_at": "2026-03-27T16:45:12.656Z"}}, {"model": "hospital.billing", "pk": 16, "fields": {"patient": 7, "hospital": 3, "appointment": null, "walk_in_encounter": 3, "admission": null, "lab_request": null, "pharmacy_task": null, "medical_record": 30, "video_consultation": null, "billing_type": "consultation", "description": "Doctor consultation charge.", "amount": "95.00", "paid": false, "invoice_pdf": "", "created_at": "2026-03-27T16:45:13.520Z"}}, {"model": "hospital.billing", "pk": 17, "fields": {"patient": 7, "hospital": 3, "appointment": null, "walk_in_encounter": 3, "admission": null, "lab_request": 1, "pharmacy_task": null, "medical_record": null, "video_consultation": null, "billing_type": "lab", "description": "Laboratory charge for CBC.", "amount": "22.00", "paid": false, "invoice_pdf": "", "created_at": "2026-03-27T16:45:14.222Z"}}, {"model": "hospital.billing", "pk": 18, "fields": {"patient": 13, "hospital": 3, "appointment": null, "walk_in_encounter": 4, "admission": null, "lab_request": null, "pharmacy_task": null, "medical_record": null, "video_consultation": null, "billing_type": "walk_in_registration", "description": "Walk-in reception and records charge.", "amount": "15.00", "paid": false, "invoice_pdf": "", "created_at": "2026-03-27T16:45:15.074Z"}}, {"model": "hospital.billing", "pk": 19, "fields": {"patient": 13, "hospital": 3, "appointment": null, "walk_in_encounter": 4, "admission": null, "lab_request": null, "pharmacy_task": null, "medical_record": null, "video_consultation": null, "billing_type": "walk_in_triage", "description": "Nurse triage and vital-sign review charge.", "amount": "12.00", "paid": false, "invoice_pdf": "", "created_at": "2026-03-27T16:45:15.403Z"}}, {"model": "hospital.billing", "pk": 20, "fields": {"patient": 13, "hospital": 3, "appointment": null, "walk_in_encounter": 4, "admission": null, "lab_request": null, "pharmacy_task": null, "medical_record": 31, "video_consultation": null, "billing_type": "consultation", "description": "Doctor consultation charge.", "amount": "130.00", "paid": false, "invoice_pdf": "", "created_at": "2026-03-27T16:45:16.193Z"}}, {"model": "hospital.billing", "pk": 21, "fields": {"patient": 13, "hospital": 3, "appointment": null, "walk_in_encounter": 4, "admission": null, "lab_request": null, "pharmacy_task": 2, "medical_record": 31, "video_consultation": null, "billing_type": "pharmacy", "description": "Pharmacy dispensing and medication charge.", "amount": "36.50", "paid": false, "invoice_pdf": "", "created_at": "2026-03-27T16:45:16.683Z"}}, {"model": "hospital.billing", "pk": 22, "fields": {"patient": 15, "hospital": 3, "appointment": null, "walk_in_encounter": 5, "admission": null, "lab_request": null, "pharmacy_task": null, "medical_record": null, "video_consultation": null, "billing_type": "walk_in_registration", "description": "Walk-in reception and records charge.", "amount": "15.00", "paid": false, "invoice_pdf": "", "created_at": "2026-03-27T16:45:17.717Z"}}, {"model": "hospital.billing", "pk": 23, "fields": {"patient": 15, "hospital": 3, "appointment": null, "walk_in_encounter": 5, "admission": null, "lab_request": null, "pharmacy_task": null, "medical_record": null, "video_consultation": null, "billing_type": "walk_in_triage", "description": "Nurse triage and vital-sign review charge.", "amount": "12.00", "paid": false, "invoice_pdf": "", "created_at": "2026-03-27T16:45:18.155Z"}}, {"model": "hospital.billing", "pk": 24, "fields": {"patient": 15, "hospital": 3, "appointment": null, "walk_in_encounter": 5, "admission": null, "lab_request": null, "pharmacy_task": null, "medical_record": 32, "video_consultation": null, "billing_type": "consultation", "description": "Doctor consultation charge.", "amount": "95.00", "paid": false, "invoice_pdf": "", "created_at": "2026-03-27T16:45:19.089Z"}}, {"model": "hospital.billing", "pk": 25, "fields": {"patient": 15, "hospital": 3, "appointment": null, "walk_in_encounter": 5, "admission": null, "lab_request": 2, "pharmacy_task": null, "medical_record": null, "video_consultation": null, "billing_type": "lab", "description": "Laboratory charge for CBC.", "amount": "22.00", "paid": false, "invoice_pdf": "", "created_at": "2026-03-27T16:45:19.778Z"}}, {"model": "hospital.billing", "pk": 26, "fields": {"patient": 8, "hospital": 3, "appointment": null, "walk_in_encounter": null, "admission": 1, "lab_request": null, "pharmacy_task": null, "medical_record": null, "video_consultation": null, "billing_type": "admission", "description": "Admission intake and initial bed allocation charge.", "amount": "150.00", "paid": false, "invoice_pdf": "", "created_at": "2026-03-27T16:45:22.561Z"}}, {"model": "hospital.billing", "pk": 27, "fields": {"patient": 15, "hospital": 3, "appointment": null, "walk_in_encounter": null, "admission": 2, "lab_request": null, "pharmacy_task": null, "medical_record": null, "video_consultation": null, "billing_type": "admission", "description": "Admission intake and initial bed allocation charge.", "amount": "150.00", "paid": false, "invoice_pdf": "", "created_at": "2026-03-27T16:45:23.566Z"}}, {"model": "hospital.billing", "pk": 28, "fields": {"patient": 15, "hospital": 3, "appointment": null, "walk_in_encounter": null, "admission": 2, "lab_request": null, "pharmacy_task": null, "medical_record": null, "video_consultation": null, "billing_type": "bed_transfer", "description": "Bed transfer and ward movement charge.", "amount": "35.00", "paid": false, "invoice_pdf": "", "created_at": "2026-03-27T16:45:24.189Z"}}, {"model": "hospital.billing", "pk": 29, "fields": {"patient": 15, "hospital": 3, "appointment": null, "walk_in_encounter": null, "admission": 2, "lab_request": null, "pharmacy_task": null, "medical_record": null, "video_consultation": null, "billing_type": "discharge", "description": "Discharge summary and release processing charge.", "amount": "25.00", "paid": false, "invoice_pdf": "", "created_at": "2026-03-27T16:45:24.705Z"}}, {"model": "hospital.billing", "pk": 30, "fields": {"patient": 2, "hospital": 1, "appointment": 14, "walk_in_encounter": null, "admission": null, "lab_request": null, "pharmacy_task": null, "medical_record": null, "video_consultation": null, "billing_type": "consultation", "description": "Doctor consultation charge.", "amount": "95.00", "paid": false, "invoice_pdf": "", "created_at": "2026-03-27T16:45:28.864Z"}}, {"model": "hospital.billing", "pk": 31, "fields": {"patient": 5, "hospital": 3, "appointment": null, "walk_in_encounter": null, "admission": 3, "lab_request": null, "pharmacy_task": null, "medical_record": null, "video_consultation": null, "billing_type": "admission", "description": "Admission intake and initial bed allocation charge.", "amount": "150.00", "paid": false, "invoice_pdf": "", "created_at": "2026-03-27T16:46:15.070Z"}}, {"model": "hospital.billing", "pk": 32, "fields": {"patient": 15, "hospital": 3, "appointment": null, "walk_in_encounter": 5, "admission": null, "lab_request": null, "pharmacy_task": null, "medical_record": 33, "video_consultation": null, "billing_type": "consultation", "description": "Doctor consultation charge.", "amount": "95.00", "paid": false, "invoice_pdf": "", "created_at": "2026-03-27T17:50:00.736Z"}}, {"model": "hospital.billing", "pk": 33, "fields": {"patient": 5, "hospital": 3, "appointment": null, "walk_in_encounter": 6, "admission": null, "lab_request": null, "pharmacy_task": null, "medical_record": null, "video_consultation": null, "billing_type": "walk_in_registration", "description": "Walk-in reception and records charge.", "amount": "15.00", "paid": false, "invoice_pdf": "", "created_at": "2026-03-27T18:31:32.044Z"}}, {"model": "hospital.billing", "pk": 34, "fields": {"patient": 5, "hospital": 3, "appointment": null, "walk_in_encounter": 6, "admission": null, "lab_request": null, "pharmacy_task": null, "medical_record": null, "video_consultation": null, "billing_type": "walk_in_triage", "description": "Nurse triage and vital-sign review charge.", "amount": "12.00", "paid": false, "invoice_pdf": "", "created_at": "2026-03-27T18:31:32.360Z"}}, {"model": "hospital.billing", "pk": 35, "fields": {"patient": 5, "hospital": 3, "appointment": null, "walk_in_encounter": 6, "admission": null, "lab_request": null, "pharmacy_task": null, "medical_record": 59, "video_consultation": null, "billing_type": "consultation", "description": "Doctor consultation charge.", "amount": "95.00", "paid": false, "invoice_pdf": "", "created_at": "2026-03-27T18:31:33.203Z"}}, {"model": "hospital.billing", "pk": 36, "fields": {"patient": 5, "hospital": 3, "appointment": null, "walk_in_encounter": 6, "admission": null, "lab_request": null, "pharmacy_task": 4, "medical_record": 59, "video_consultation": null, "billing_type": "pharmacy", "description": "Pharmacy dispensing and medication charge.", "amount": "36.50", "paid": false, "invoice_pdf": "", "created_at": "2026-03-27T18:31:33.952Z"}}, {"model": "hospital.billing", "pk": 37, "fields": {"patient": 6, "hospital": 3, "appointment": null, "walk_in_encounter": 7, "admission": null, "lab_request": null, "pharmacy_task": null, "medical_record": null, "video_consultation": null, "billing_type": "walk_in_registration", "description": "Walk-in reception and records charge.", "amount": "15.00", "paid": false, "invoice_pdf": "", "created_at": "2026-03-27T18:31:35.364Z"}}, {"model": "hospital.billing", "pk": 38, "fields": {"patient": 6, "hospital": 3, "appointment": null, "walk_in_encounter": 7, "admission": null, "lab_request": null, "pharmacy_task": null, "medical_record": null, "video_consultation": null, "billing_type": "walk_in_triage", "description": "Nurse triage and vital-sign review charge.", "amount": "12.00", "paid": false, "invoice_pdf": "", "created_at": "2026-03-27T18:31:35.749Z"}}, {"model": "hospital.billing", "pk": 39, "fields": {"patient": 6, "hospital": 3, "appointment": null, "walk_in_encounter": 7, "admission": null, "lab_request": null, "pharmacy_task": null, "medical_record": 60, "video_consultation": null, "billing_type": "consultation", "description": "Doctor consultation charge.", "amount": "130.00", "paid": false, "invoice_pdf": "", "created_at": "2026-03-27T18:31:36.664Z"}}, {"model": "hospital.billing", "pk": 40, "fields": {"patient": 7, "hospital": 3, "appointment": null, "walk_in_encounter": 8, "admission": null, "lab_request": null, "pharmacy_task": null, "medical_record": null, "video_consultation": null, "billing_type": "walk_in_registration", "description": "Walk-in reception and records charge.", "amount": "15.00", "paid": false, "invoice_pdf": "", "created_at": "2026-03-27T18:31:38.218Z"}}, {"model": "hospital.billing", "pk": 41, "fields": {"patient": 7, "hospital": 3, "appointment": null, "walk_in_encounter": 8, "admission": null, "lab_request": null, "pharmacy_task": null, "medical_record": null, "video_consultation": null, "billing_type": "walk_in_triage", "description": "Nurse triage and vital-sign review charge.", "amount": "12.00", "paid": false, "invoice_pdf": "", "created_at": "2026-03-27T18:31:38.614Z"}}, {"model": "hospital.billing", "pk": 42, "fields": {"patient": 7, "hospital": 3, "appointment": null, "walk_in_encounter": 8, "admission": null, "lab_request": null, "pharmacy_task": null, "medical_record": 61, "video_consultation": null, "billing_type": "consultation", "description": "Doctor consultation charge.", "amount": "95.00", "paid": false, "invoice_pdf": "", "created_at": "2026-03-27T18:31:39.422Z"}}, {"model": "hospital.billing", "pk": 43, "fields": {"patient": 7, "hospital": 3, "appointment": null, "walk_in_encounter": 8, "admission": null, "lab_request": 3, "pharmacy_task": null, "medical_record": null, "video_consultation": null, "billing_type": "lab", "description": "Laboratory charge for CBC.", "amount": "22.00", "paid": false, "invoice_pdf": "", "created_at": "2026-03-27T18:31:40.004Z"}}, {"model": "hospital.billing", "pk": 44, "fields": {"patient": 13, "hospital": 3, "appointment": null, "walk_in_encounter": 9, "admission": null, "lab_request": null, "pharmacy_task": null, "medical_record": null, "video_consultation": null, "billing_type": "walk_in_registration", "description": "Walk-in reception and records charge.", "amount": "15.00", "paid": false, "invoice_pdf": "", "created_at": "2026-03-27T18:31:41.367Z"}}, {"model": "hospital.billing", "pk": 45, "fields": {"patient": 13, "hospital": 3, "appointment": null, "walk_in_encounter": 9, "admission": null, "lab_request": null, "pharmacy_task": null, "medical_record": null, "video_consultation": null, "billing_type": "walk_in_triage", "description": "Nurse triage and vital-sign review charge.", "amount": "12.00", "paid": false, "invoice_pdf": "", "created_at": "2026-03-27T18:31:41.709Z"}}, {"model": "hospital.billing", "pk": 46, "fields": {"patient": 13, "hospital": 3, "appointment": null, "walk_in_encounter": 9, "admission": null, "lab_request": null, "pharmacy_task": null, "medical_record": 62, "video_consultation": null, "billing_type": "consultation", "description": "Doctor consultation charge.", "amount": "130.00", "paid": false, "invoice_pdf": "", "created_at": "2026-03-27T18:31:42.328Z"}}, {"model": "hospital.billing", "pk": 47, "fields": {"patient": 13, "hospital": 3, "appointment": null, "walk_in_encounter": 9, "admission": null, "lab_request": null, "pharmacy_task": 5, "medical_record": 62, "video_consultation": null, "billing_type": "pharmacy", "description": "Pharmacy dispensing and medication charge.", "amount": "36.50", "paid": false, "invoice_pdf": "", "created_at": "2026-03-27T18:31:42.748Z"}}, {"model": "hospital.billing", "pk": 48, "fields": {"patient": 15, "hospital": 3, "appointment": null, "walk_in_encounter": 10, "admission": null, "lab_request": null, "pharmacy_task": null, "medical_record": null, "video_consultation": null, "billing_type": "walk_in_registration", "description": "Walk-in reception and records charge.", "amount": "15.00", "paid": false, "invoice_pdf": "", "created_at": "2026-03-27T18:31:43.622Z"}}, {"model": "hospital.billing", "pk": 49, "fields": {"patient": 15, "hospital": 3, "appointment": null, "walk_in_encounter": 10, "admission": null, "lab_request": null, "pharmacy_task": null, "medical_record": null, "video_consultation": null, "billing_type": "walk_in_triage", "description": "Nurse triage and vital-sign review charge.", "amount": "12.00", "paid": false, "invoice_pdf": "", "created_at": "2026-03-27T18:31:43.869Z"}}, {"model": "hospital.billing", "pk": 50, "fields": {"patient": 15, "hospital": 3, "appointment": null, "walk_in_encounter": 10, "admission": null, "lab_request": null, "pharmacy_task": null, "medical_record": 63, "video_consultation": null, "billing_type": "consultation", "description": "Doctor consultation charge.", "amount": "95.00", "paid": false, "invoice_pdf": "", "created_at": "2026-03-27T18:31:44.572Z"}}, {"model": "hospital.billing", "pk": 51, "fields": {"patient": 15, "hospital": 3, "appointment": null, "walk_in_encounter": 10, "admission": null, "lab_request": 4, "pharmacy_task": null, "medical_record": null, "video_consultation": null, "billing_type": "lab", "description": "Laboratory charge for CBC.", "amount": "22.00", "paid": false, "invoice_pdf": "", "created_at": "2026-03-27T18:31:45.065Z"}}, {"model": "hospital.billing", "pk": 52, "fields": {"patient": 8, "hospital": 3, "appointment": null, "walk_in_encounter": null, "admission": 4, "lab_request": null, "pharmacy_task": null, "medical_record": null, "video_consultation": null, "billing_type": "admission", "description": "Admission intake and initial bed allocation charge.", "amount": "150.00", "paid": false, "invoice_pdf": "", "created_at": "2026-03-27T18:31:46.541Z"}}, {"model": "hospital.billing", "pk": 53, "fields": {"patient": 15, "hospital": 3, "appointment": null, "walk_in_encounter": null, "admission": 5, "lab_request": null, "pharmacy_task": null, "medical_record": null, "video_consultation": null, "billing_type": "admission", "description": "Admission intake and initial bed allocation charge.", "amount": "150.00", "paid": false, "invoice_pdf": "", "created_at": "2026-03-27T18:31:47.274Z"}}, {"model": "hospital.billing", "pk": 54, "fields": {"patient": 15, "hospital": 3, "appointment": null, "walk_in_encounter": null, "admission": 5, "lab_request": null, "pharmacy_task": null, "medical_record": null, "video_consultation": null, "billing_type": "bed_transfer", "description": "Bed transfer and ward movement charge.", "amount": "35.00", "paid": false, "invoice_pdf": "", "created_at": "2026-03-27T18:31:47.797Z"}}, {"model": "hospital.billing", "pk": 55, "fields": {"patient": 15, "hospital": 3, "appointment": null, "walk_in_encounter": null, "admission": 5, "lab_request": null, "pharmacy_task": null, "medical_record": null, "video_consultation": null, "billing_type": "discharge", "description": "Discharge summary and release processing charge.", "amount": "25.00", "paid": false, "invoice_pdf": "", "created_at": "2026-03-27T18:31:48.189Z"}}, {"model": "hospital.billing", "pk": 56, "fields": {"patient": 5, "hospital": 3, "appointment": null, "walk_in_encounter": 6, "admission": null, "lab_request": null, "pharmacy_task": null, "medical_record": 76, "video_consultation": null, "billing_type": "consultation", "description": "Doctor consultation charge.", "amount": "95.00", "paid": false, "invoice_pdf": "", "created_at": "2026-03-27T18:34:49.625Z"}}, {"model": "hospital.billing", "pk": 57, "fields": {"patient": 5, "hospital": 3, "appointment": null, "walk_in_encounter": 6, "admission": null, "lab_request": null, "pharmacy_task": 6, "medical_record": 76, "video_consultation": null, "billing_type": "pharmacy", "description": "Pharmacy dispensing and medication charge.", "amount": "36.50", "paid": false, "invoice_pdf": "", "created_at": "2026-03-27T18:34:50.152Z"}}, {"model": "hospital.billing", "pk": 58, "fields": {"patient": 6, "hospital": 3, "appointment": null, "walk_in_encounter": 7, "admission": null, "lab_request": null, "pharmacy_task": null, "medical_record": 77, "video_consultation": null, "billing_type": "consultation", "description": "Doctor consultation charge.", "amount": "130.00", "paid": false, "invoice_pdf": "", "created_at": "2026-03-27T18:34:51.545Z"}}, {"model": "hospital.billing", "pk": 59, "fields": {"patient": 7, "hospital": 3, "appointment": null, "walk_in_encounter": 8, "admission": null, "lab_request": null, "pharmacy_task": null, "medical_record": 78, "video_consultation": null, "billing_type": "consultation", "description": "Doctor consultation charge.", "amount": "95.00", "paid": false, "invoice_pdf": "", "created_at": "2026-03-27T18:34:53.466Z"}}, {"model": "hospital.billing", "pk": 60, "fields": {"patient": 7, "hospital": 3, "appointment": null, "walk_in_encounter": 8, "admission": null, "lab_request": 5, "pharmacy_task": null, "medical_record": null, "video_consultation": null, "billing_type": "lab", "description": "Laboratory charge for CBC.", "amount": "22.00", "paid": false, "invoice_pdf": "", "created_at": "2026-03-27T18:34:53.994Z"}}, {"model": "hospital.billing", "pk": 61, "fields": {"patient": 13, "hospital": 3, "appointment": null, "walk_in_encounter": 9, "admission": null, "lab_request": null, "pharmacy_task": null, "medical_record": 79, "video_consultation": null, "billing_type": "consultation", "description": "Doctor consultation charge.", "amount": "130.00", "paid": false, "invoice_pdf": "", "created_at": "2026-03-27T18:34:55.653Z"}}, {"model": "hospital.billing", "pk": 62, "fields": {"patient": 13, "hospital": 3, "appointment": null, "walk_in_encounter": 9, "admission": null, "lab_request": null, "pharmacy_task": 7, "medical_record": 79, "video_consultation": null, "billing_type": "pharmacy", "description": "Pharmacy dispensing and medication charge.", "amount": "36.50", "paid": false, "invoice_pdf": "", "created_at": "2026-03-27T18:34:56.096Z"}}, {"model": "hospital.billing", "pk": 63, "fields": {"patient": 15, "hospital": 3, "appointment": null, "walk_in_encounter": 10, "admission": null, "lab_request": null, "pharmacy_task": null, "medical_record": 80, "video_consultation": null, "billing_type": "consultation", "description": "Doctor consultation charge.", "amount": "95.00", "paid": false, "invoice_pdf": "", "created_at": "2026-03-27T18:34:57.399Z"}}, {"model": "hospital.billing", "pk": 64, "fields": {"patient": 15, "hospital": 3, "appointment": null, "walk_in_encounter": 10, "admission": null, "lab_request": 6, "pharmacy_task": null, "medical_record": null, "video_consultation": null, "billing_type": "lab", "description": "Laboratory charge for CBC.", "amount": "22.00", "paid": false, "invoice_pdf": "", "created_at": "2026-03-27T18:34:57.803Z"}}, {"model": "hospital.billing", "pk": 65, "fields": {"patient": 8, "hospital": 3, "appointment": null, "walk_in_encounter": null, "admission": 6, "lab_request": null, "pharmacy_task": null, "medical_record": null, "video_consultation": null, "billing_type": "admission", "description": "Admission intake and initial bed allocation charge.", "amount": "150.00", "paid": false, "invoice_pdf": "", "created_at": "2026-03-27T18:35:00.392Z"}}, {"model": "hospital.billing", "pk": 66, "fields": {"patient": 15, "hospital": 3, "appointment": null, "walk_in_encounter": null, "admission": 7, "lab_request": null, "pharmacy_task": null, "medical_record": null, "video_consultation": null, "billing_type": "admission", "description": "Admission intake and initial bed allocation charge.", "amount": "150.00", "paid": false, "invoice_pdf": "", "created_at": "2026-03-27T18:35:01.182Z"}}, {"model": "hospital.billing", "pk": 67, "fields": {"patient": 15, "hospital": 3, "appointment": null, "walk_in_encounter": null, "admission": 7, "lab_request": null, "pharmacy_task": null, "medical_record": null, "video_consultation": null, "billing_type": "bed_transfer", "description": "Bed transfer and ward movement charge.", "amount": "35.00", "paid": false, "invoice_pdf": "", "created_at": "2026-03-27T18:35:01.859Z"}}, {"model": "hospital.billing", "pk": 68, "fields": {"patient": 15, "hospital": 3, "appointment": null, "walk_in_encounter": null, "admission": 7, "lab_request": null, "pharmacy_task": null, "medical_record": null, "video_consultation": null, "billing_type": "discharge", "description": "Discharge summary and release processing charge.", "amount": "25.00", "paid": false, "invoice_pdf": "", "created_at": "2026-03-27T18:35:02.839Z"}}, {"model": "hospital.billing", "pk": 69, "fields": {"patient": 5, "hospital": 3, "appointment": null, "walk_in_encounter": 6, "admission": null, "lab_request": null, "pharmacy_task": null, "medical_record": 93, "video_consultation": null, "billing_type": "consultation", "description": "Doctor consultation charge.", "amount": "95.00", "paid": false, "invoice_pdf": "", "created_at": "2026-03-27T19:04:40.186Z"}}, {"model": "hospital.billing", "pk": 70, "fields": {"patient": 5, "hospital": 3, "appointment": null, "walk_in_encounter": 6, "admission": null, "lab_request": null, "pharmacy_task": 8, "medical_record": 93, "video_consultation": null, "billing_type": "pharmacy", "description": "Pharmacy dispensing and medication charge.", "amount": "36.50", "paid": false, "invoice_pdf": "", "created_at": "2026-03-27T19:04:40.683Z"}}, {"model": "hospital.billing", "pk": 71, "fields": {"patient": 6, "hospital": 3, "appointment": null, "walk_in_encounter": 7, "admission": null, "lab_request": null, "pharmacy_task": null, "medical_record": 94, "video_consultation": null, "billing_type": "consultation", "description": "Doctor consultation charge.", "amount": "130.00", "paid": false, "invoice_pdf": "", "created_at": "2026-03-27T19:04:42.243Z"}}, {"model": "hospital.billing", "pk": 72, "fields": {"patient": 7, "hospital": 3, "appointment": null, "walk_in_encounter": 8, "admission": null, "lab_request": null, "pharmacy_task": null, "medical_record": 95, "video_consultation": null, "billing_type": "consultation", "description": "Doctor consultation charge.", "amount": "95.00", "paid": false, "invoice_pdf": "", "created_at": "2026-03-27T19:04:43.627Z"}}, {"model": "hospital.billing", "pk": 73, "fields": {"patient": 7, "hospital": 3, "appointment": null, "walk_in_encounter": 8, "admission": null, "lab_request": 7, "pharmacy_task": null, "medical_record": null, "video_consultation": null, "billing_type": "lab", "description": "Laboratory charge for CBC.", "amount": "22.00", "paid": false, "invoice_pdf": "", "created_at": "2026-03-27T19:04:44.037Z"}}, {"model": "hospital.billing", "pk": 74, "fields": {"patient": 13, "hospital": 3, "appointment": null, "walk_in_encounter": 9, "admission": null, "lab_request": null, "pharmacy_task": null, "medical_record": 96, "video_consultation": null, "billing_type": "consultation", "description": "Doctor consultation charge.", "amount": "130.00", "paid": false, "invoice_pdf": "", "created_at": "2026-03-27T19:04:45.623Z"}}, {"model": "hospital.billing", "pk": 75, "fields": {"patient": 13, "hospital": 3, "appointment": null, "walk_in_encounter": 9, "admission": null, "lab_request": null, "pharmacy_task": 9, "medical_record": 96, "video_consultation": null, "billing_type": "pharmacy", "description": "Pharmacy dispensing and medication charge.", "amount": "36.50", "paid": false, "invoice_pdf": "", "created_at": "2026-03-27T19:04:46.077Z"}}, {"model": "hospital.billing", "pk": 76, "fields": {"patient": 15, "hospital": 3, "appointment": null, "walk_in_encounter": 10, "admission": null, "lab_request": null, "pharmacy_task": null, "medical_record": 97, "video_consultation": null, "billing_type": "consultation", "description": "Doctor consultation charge.", "amount": "95.00", "paid": false, "invoice_pdf": "", "created_at": "2026-03-27T19:04:47.782Z"}}, {"model": "hospital.billing", "pk": 77, "fields": {"patient": 15, "hospital": 3, "appointment": null, "walk_in_encounter": 10, "admission": null, "lab_request": 8, "pharmacy_task": null, "medical_record": null, "video_consultation": null, "billing_type": "lab", "description": "Laboratory charge for CBC.", "amount": "22.00", "paid": false, "invoice_pdf": "", "created_at": "2026-03-27T19:04:48.401Z"}}, {"model": "hospital.billing", "pk": 78, "fields": {"patient": 8, "hospital": 3, "appointment": null, "walk_in_encounter": null, "admission": 8, "lab_request": null, "pharmacy_task": null, "medical_record": null, "video_consultation": null, "billing_type": "admission", "description": "Admission intake and initial bed allocation charge.", "amount": "150.00", "paid": false, "invoice_pdf": "", "created_at": "2026-03-27T19:04:50.652Z"}}, {"model": "hospital.billing", "pk": 79, "fields": {"patient": 15, "hospital": 3, "appointment": null, "walk_in_encounter": null, "admission": 9, "lab_request": null, "pharmacy_task": null, "medical_record": null, "video_consultation": null, "billing_type": "admission", "description": "Admission intake and initial bed allocation charge.", "amount": "150.00", "paid": false, "invoice_pdf": "", "created_at": "2026-03-27T19:04:51.985Z"}}, {"model": "hospital.billing", "pk": 80, "fields": {"patient": 15, "hospital": 3, "appointment": null, "walk_in_encounter": null, "admission": 9, "lab_request": null, "pharmacy_task": null, "medical_record": null, "video_consultation": null, "billing_type": "bed_transfer", "description": "Bed transfer and ward movement charge.", "amount": "35.00", "paid": false, "invoice_pdf": "", "created_at": "2026-03-27T19:04:52.733Z"}}, {"model": "hospital.billing", "pk": 81, "fields": {"patient": 15, "hospital": 3, "appointment": null, "walk_in_encounter": null, "admission": 9, "lab_request": null, "pharmacy_task": null, "medical_record": null, "video_consultation": null, "billing_type": "discharge", "description": "Discharge summary and release processing charge.", "amount": "25.00", "paid": false, "invoice_pdf": "", "created_at": "2026-03-27T19:04:53.506Z"}}, {"model": "hospital.billing", "pk": 82, "fields": {"patient": 5, "hospital": 3, "appointment": null, "walk_in_encounter": 6, "admission": null, "lab_request": null, "pharmacy_task": null, "medical_record": 110, "video_consultation": null, "billing_type": "consultation", "description": "Doctor consultation charge.", "amount": "95.00", "paid": false, "invoice_pdf": "", "created_at": "2026-03-27T19:35:04.871Z"}}, {"model": "hospital.billing", "pk": 83, "fields": {"patient": 5, "hospital": 3, "appointment": null, "walk_in_encounter": 6, "admission": null, "lab_request": null, "pharmacy_task": 10, "medical_record": 110, "video_consultation": null, "billing_type": "pharmacy", "description": "Pharmacy dispensing and medication charge.", "amount": "36.50", "paid": false, "invoice_pdf": "", "created_at": "2026-03-27T19:35:05.468Z"}}, {"model": "hospital.billing", "pk": 84, "fields": {"patient": 6, "hospital": 3, "appointment": null, "walk_in_encounter": 7, "admission": null, "lab_request": null, "pharmacy_task": null, "medical_record": 111, "video_consultation": null, "billing_type": "consultation", "description": "Doctor consultation charge.", "amount": "130.00", "paid": false, "invoice_pdf": "", "created_at": "2026-03-27T19:35:07.527Z"}}, {"model": "hospital.billing", "pk": 85, "fields": {"patient": 7, "hospital": 3, "appointment": null, "walk_in_encounter": 8, "admission": null, "lab_request": null, "pharmacy_task": null, "medical_record": 112, "video_consultation": null, "billing_type": "consultation", "description": "Doctor consultation charge.", "amount": "95.00", "paid": false, "invoice_pdf": "", "created_at": "2026-03-27T19:35:08.923Z"}}, {"model": "hospital.billing", "pk": 86, "fields": {"patient": 7, "hospital": 3, "appointment": null, "walk_in_encounter": 8, "admission": null, "lab_request": 9, "pharmacy_task": null, "medical_record": null, "video_consultation": null, "billing_type": "lab", "description": "Laboratory charge for CBC.", "amount": "22.00", "paid": false, "invoice_pdf": "", "created_at": "2026-03-27T19:35:09.352Z"}}, {"model": "hospital.billing", "pk": 87, "fields": {"patient": 13, "hospital": 3, "appointment": null, "walk_in_encounter": 9, "admission": null, "lab_request": null, "pharmacy_task": null, "medical_record": 113, "video_consultation": null, "billing_type": "consultation", "description": "Doctor consultation charge.", "amount": "130.00", "paid": false, "invoice_pdf": "", "created_at": "2026-03-27T19:35:11.182Z"}}, {"model": "hospital.billing", "pk": 88, "fields": {"patient": 13, "hospital": 3, "appointment": null, "walk_in_encounter": 9, "admission": null, "lab_request": null, "pharmacy_task": 11, "medical_record": 113, "video_consultation": null, "billing_type": "pharmacy", "description": "Pharmacy dispensing and medication charge.", "amount": "36.50", "paid": false, "invoice_pdf": "", "created_at": "2026-03-27T19:35:11.883Z"}}, {"model": "hospital.billing", "pk": 89, "fields": {"patient": 15, "hospital": 3, "appointment": null, "walk_in_encounter": 10, "admission": null, "lab_request": null, "pharmacy_task": null, "medical_record": 114, "video_consultation": null, "billing_type": "consultation", "description": "Doctor consultation charge.", "amount": "95.00", "paid": false, "invoice_pdf": "", "created_at": "2026-03-27T19:35:13.573Z"}}, {"model": "hospital.billing", "pk": 90, "fields": {"patient": 15, "hospital": 3, "appointment": null, "walk_in_encounter": 10, "admission": null, "lab_request": 10, "pharmacy_task": null, "medical_record": null, "video_consultation": null, "billing_type": "lab", "description": "Laboratory charge for CBC.", "amount": "22.00", "paid": false, "invoice_pdf": "", "created_at": "2026-03-27T19:35:14.017Z"}}, {"model": "hospital.billing", "pk": 91, "fields": {"patient": 8, "hospital": 3, "appointment": null, "walk_in_encounter": null, "admission": 10, "lab_request": null, "pharmacy_task": null, "medical_record": null, "video_consultation": null, "billing_type": "admission", "description": "Admission intake and initial bed allocation charge.", "amount": "150.00", "paid": false, "invoice_pdf": "", "created_at": "2026-03-27T19:35:15.707Z"}}, {"model": "hospital.billing", "pk": 92, "fields": {"patient": 15, "hospital": 3, "appointment": null, "walk_in_encounter": null, "admission": 11, "lab_request": null, "pharmacy_task": null, "medical_record": null, "video_consultation": null, "billing_type": "admission", "description": "Admission intake and initial bed allocation charge.", "amount": "150.00", "paid": false, "invoice_pdf": "", "created_at": "2026-03-27T19:35:16.557Z"}}, {"model": "hospital.billing", "pk": 93, "fields": {"patient": 15, "hospital": 3, "appointment": null, "walk_in_encounter": null, "admission": 11, "lab_request": null, "pharmacy_task": null, "medical_record": null, "video_consultation": null, "billing_type": "bed_transfer", "description": "Bed transfer and ward movement charge.", "amount": "35.00", "paid": false, "invoice_pdf": "", "created_at": "2026-03-27T19:35:17.229Z"}}, {"model": "hospital.billing", "pk": 94, "fields": {"patient": 15, "hospital": 3, "appointment": null, "walk_in_encounter": null, "admission": 11, "lab_request": null, "pharmacy_task": null, "medical_record": null, "video_consultation": null, "billing_type": "discharge", "description": "Discharge summary and release processing charge.", "amount": "25.00", "paid": false, "invoice_pdf": "", "created_at": "2026-03-27T19:35:17.793Z"}}, {"model": "hospital.billing", "pk": 95, "fields": {"patient": 16, "hospital": 3, "appointment": null, "walk_in_encounter": null, "admission": 12, "lab_request": null, "pharmacy_task": null, "medical_record": null, "video_consultation": null, "billing_type": "admission", "description": "Admission intake and initial bed allocation charge.", "amount": "150.00", "paid": false, "invoice_pdf": "", "created_at": "2026-03-29T06:38:46.772Z"}}, {"model": "hospital.billing", "pk": 96, "fields": {"patient": 7, "hospital": 3, "appointment": null, "walk_in_encounter": null, "admission": 13, "lab_request": null, "pharmacy_task": null, "medical_record": null, "video_consultation": null, "billing_type": "admission", "description": "Admission intake and initial bed allocation charge.", "amount": "150.00", "paid": false, "invoice_pdf": "", "created_at": "2026-03-29T11:00:44.680Z"}}, {"model": "hospital.billing", "pk": 97, "fields": {"patient": 7, "hospital": 3, "appointment": null, "walk_in_encounter": null, "admission": 13, "lab_request": null, "pharmacy_task": null, "medical_record": null, "video_consultation": null, "billing_type": "bed_transfer", "description": "Bed transfer and ward movement charge.", "amount": "35.00", "paid": false, "invoice_pdf": "", "created_at": "2026-03-29T11:09:43.740Z"}}, {"model": "hospital.billing", "pk": 98, "fields": {"patient": 2, "hospital": 1, "appointment": null, "walk_in_encounter": 11, "admission": null, "lab_request": null, "pharmacy_task": null, "medical_record": null, "video_consultation": null, "billing_type": "walk_in_registration", "description": "Walk-in reception and records charge.", "amount": "15.00", "paid": false, "invoice_pdf": "", "created_at": "2026-03-29T09:29:51.116Z"}}, {"model": "hospital.billing", "pk": 99, "fields": {"patient": 2, "hospital": 1, "appointment": null, "walk_in_encounter": 11, "admission": null, "lab_request": null, "pharmacy_task": null, "medical_record": null, "video_consultation": null, "billing_type": "walk_in_triage", "description": "Nurse triage and vital-sign review charge.", "amount": "12.00", "paid": false, "invoice_pdf": "", "created_at": "2026-03-29T09:35:21.941Z"}}, {"model": "hospital.billing", "pk": 100, "fields": {"patient": 2, "hospital": 1, "appointment": null, "walk_in_encounter": 11, "admission": null, "lab_request": null, "pharmacy_task": null, "medical_record": 117, "video_consultation": null, "billing_type": "consultation", "description": "Doctor consultation charge.", "amount": "95.00", "paid": false, "invoice_pdf": "", "created_at": "2026-03-29T09:58:39.995Z"}}, {"model": "hospital.billing", "pk": 101, "fields": {"patient": 15, "hospital": 3, "appointment": null, "walk_in_encounter": 5, "admission": null, "lab_request": null, "pharmacy_task": 3, "medical_record": 33, "video_consultation": null, "billing_type": "pharmacy", "description": "Pharmacy dispensing and medication charge.", "amount": "20.00", "paid": false, "invoice_pdf": "", "created_at": "2026-03-30T13:05:18.042Z"}}, {"model": "hospital.patientvisit", "pk": 1, "fields": {"patient": 5, "hospital": 3, "appointment": 2, "admission": null, "visit_type": "consultation", "notes": "", "created_at": "2026-03-27T16:44:31.160Z"}}, {"model": "hospital.patientvisit", "pk": 2, "fields": {"patient": 6, "hospital": 3, "appointment": 3, "admission": null, "visit_type": "consultation", "notes": "", "created_at": "2026-03-27T16:44:36.993Z"}}, {"model": "hospital.patientvisit", "pk": 3, "fields": {"patient": 7, "hospital": 3, "appointment": 4, "admission": null, "visit_type": "consultation", "notes": "", "created_at": "2026-03-27T16:44:40.689Z"}}, {"model": "hospital.patientvisit", "pk": 4, "fields": {"patient": 8, "hospital": 3, "appointment": 5, "admission": null, "visit_type": "consultation", "notes": "", "created_at": "2026-03-27T16:44:44.686Z"}}, {"model": "hospital.patientvisit", "pk": 5, "fields": {"patient": 9, "hospital": 3, "appointment": 6, "admission": null, "visit_type": "consultation", "notes": "", "created_at": "2026-03-27T16:44:48.965Z"}}, {"model": "hospital.patientvisit", "pk": 6, "fields": {"patient": 10, "hospital": 3, "appointment": 7, "admission": null, "visit_type": "consultation", "notes": "", "created_at": "2026-03-27T16:44:52.708Z"}}, {"model": "hospital.patientvisit", "pk": 7, "fields": {"patient": 11, "hospital": 3, "appointment": 8, "admission": null, "visit_type": "consultation", "notes": "", "created_at": "2026-03-27T16:44:55.286Z"}}, {"model": "hospital.patientvisit", "pk": 8, "fields": {"patient": 12, "hospital": 3, "appointment": 9, "admission": null, "visit_type": "consultation", "notes": "", "created_at": "2026-03-27T16:44:57.767Z"}}, {"model": "hospital.patientvisit", "pk": 9, "fields": {"patient": 13, "hospital": 3, "appointment": 10, "admission": null, "visit_type": "consultation", "notes": "", "created_at": "2026-03-27T16:44:59.792Z"}}, {"model": "hospital.patientvisit", "pk": 10, "fields": {"patient": 14, "hospital": 3, "appointment": 11, "admission": null, "visit_type": "consultation", "notes": "", "created_at": "2026-03-27T16:45:03.252Z"}}, {"model": "hospital.patientvisit", "pk": 11, "fields": {"patient": 15, "hospital": 3, "appointment": 12, "admission": null, "visit_type": "consultation", "notes": "", "created_at": "2026-03-27T16:45:04.850Z"}}, {"model": "hospital.patientvisit", "pk": 12, "fields": {"patient": 16, "hospital": 3, "appointment": 13, "admission": null, "visit_type": "consultation", "notes": "", "created_at": "2026-03-27T16:45:07.360Z"}}, {"model": "hospital.patientvisit", "pk": 13, "fields": {"patient": 8, "hospital": 3, "appointment": null, "admission": 1, "visit_type": "admission", "notes": "Renal monitoring and pressure stabilization", "created_at": "2026-03-27T16:45:22.118Z"}}, {"model": "hospital.patientvisit", "pk": 14, "fields": {"patient": 15, "hospital": 3, "appointment": null, "admission": 2, "visit_type": "admission", "notes": "Respiratory support and close observation", "created_at": "2026-03-27T16:45:23.034Z"}}, {"model": "hospital.patientvisit", "pk": 15, "fields": {"patient": 2, "hospital": 1, "appointment": 14, "admission": null, "visit_type": "consultation", "notes": "", "created_at": "2026-03-27T16:45:28.732Z"}}, {"model": "hospital.patientvisit", "pk": 16, "fields": {"patient": 5, "hospital": 3, "appointment": null, "admission": 3, "visit_type": "admission", "notes": "Patient was showing signs of increased restlessness after being injected the c24 clinical trial drug", "created_at": "2026-03-27T16:46:14.919Z"}}, {"model": "hospital.patientvisit", "pk": 17, "fields": {"patient": 8, "hospital": 3, "appointment": null, "admission": 4, "visit_type": "admission", "notes": "Renal monitoring and pressure stabilization", "created_at": "2026-03-27T18:31:46.243Z"}}, {"model": "hospital.patientvisit", "pk": 18, "fields": {"patient": 15, "hospital": 3, "appointment": null, "admission": 5, "visit_type": "admission", "notes": "Respiratory support and close observation", "created_at": "2026-03-27T18:31:46.971Z"}}, {"model": "hospital.patientvisit", "pk": 19, "fields": {"patient": 8, "hospital": 3, "appointment": null, "admission": 6, "visit_type": "admission", "notes": "Renal monitoring and pressure stabilization", "created_at": "2026-03-27T18:34:59.980Z"}}, {"model": "hospital.patientvisit", "pk": 20, "fields": {"patient": 15, "hospital": 3, "appointment": null, "admission": 7, "visit_type": "admission", "notes": "Respiratory support and close observation", "created_at": "2026-03-27T18:35:00.877Z"}}, {"model": "hospital.patientvisit", "pk": 21, "fields": {"patient": 8, "hospital": 3, "appointment": null, "admission": 8, "visit_type": "admission", "notes": "Renal monitoring and pressure stabilization", "created_at": "2026-03-27T19:04:50.208Z"}}, {"model": "hospital.patientvisit", "pk": 22, "fields": {"patient": 15, "hospital": 3, "appointment": null, "admission": 9, "visit_type": "admission", "notes": "Respiratory support and close observation", "created_at": "2026-03-27T19:04:51.475Z"}}, {"model": "hospital.patientvisit", "pk": 23, "fields": {"patient": 8, "hospital": 3, "appointment": null, "admission": 10, "visit_type": "admission", "notes": "Renal monitoring and pressure stabilization", "created_at": "2026-03-27T19:35:15.412Z"}}, {"model": "hospital.patientvisit", "pk": 24, "fields": {"patient": 15, "hospital": 3, "appointment": null, "admission": 11, "visit_type": "admission", "notes": "Respiratory support and close observation", "created_at": "2026-03-27T19:35:16.201Z"}}, {"model": "hospital.patientvisit", "pk": 25, "fields": {"patient": 16, "hospital": 3, "appointment": null, "admission": 12, "visit_type": "admission", "notes": "Patient is in critical condition and might need to be prepared immediately.", "created_at": "2026-03-29T06:38:46.628Z"}}, {"model": "hospital.patientvisit", "pk": 26, "fields": {"patient": 7, "hospital": 3, "appointment": null, "admission": 13, "visit_type": "admission", "notes": "jnjkfnjsnafi", "created_at": "2026-03-29T11:00:44.527Z"}}, {"model": "hospital.caregiveraccess", "pk": 1, "fields": {"patient": 5, "hospital": 3, "caregiver_name": "Miriam Family Contact", "caregiver_email": "caregiver1@bayafya.local", "relationship": "Family member", "can_view_updates": true, "can_view_billing": true, "note": "Seeded caregiver visibility for patient-portal testing.", "is_active": true, "created_at": "2026-03-27T19:04:14.467Z"}}, {"model": "hospital.caregiveraccess", "pk": 2, "fields": {"patient": 6, "hospital": 3, "caregiver_name": "David Family Contact", "caregiver_email": "caregiver2@bayafya.local", "relationship": "Family member", "can_view_updates": true, "can_view_billing": false, "note": "Seeded caregiver visibility for patient-portal testing.", "is_active": true, "created_at": "2026-03-27T19:04:17.273Z"}}, {"model": "hospital.caregiveraccess", "pk": 3, "fields": {"patient": 7, "hospital": 3, "caregiver_name": "Aisha Family Contact", "caregiver_email": "caregiver3@bayafya.local", "relationship": "Family member", "can_view_updates": true, "can_view_billing": true, "note": "Seeded caregiver visibility for patient-portal testing.", "is_active": true, "created_at": "2026-03-27T19:04:21.281Z"}}, {"model": "hospital.caregiveraccess", "pk": 4, "fields": {"patient": 8, "hospital": 3, "caregiver_name": "Peter Family Contact", "caregiver_email": "caregiver4@bayafya.local", "relationship": "Family member", "can_view_updates": true, "can_view_billing": false, "note": "Seeded caregiver visibility for patient-portal testing.", "is_active": true, "created_at": "2026-03-27T19:04:24.461Z"}}, {"model": "hospital.advancedirective", "pk": 1, "fields": {"patient": 5, "hospital": 3, "directive_type": "living_will", "summary": "Seeded continuity-of-care directive for emergency and inpatient review.", "document": "", "is_active": true, "created_at": "2026-03-27T19:04:14.617Z"}}, {"model": "hospital.advancedirective", "pk": 2, "fields": {"patient": 6, "hospital": 3, "directive_type": "other", "summary": "Seeded continuity-of-care directive for emergency and inpatient review.", "document": "", "is_active": true, "created_at": "2026-03-27T19:04:17.386Z"}}, {"model": "hospital.advancedirective", "pk": 3, "fields": {"patient": 7, "hospital": 3, "directive_type": "living_will", "summary": "Seeded continuity-of-care directive for emergency and inpatient review.", "document": "", "is_active": true, "created_at": "2026-03-27T19:04:21.428Z"}}, {"model": "hospital.advancedirective", "pk": 4, "fields": {"patient": 8, "hospital": 3, "directive_type": "other", "summary": "Seeded continuity-of-care directive for emergency and inpatient review.", "document": "", "is_active": true, "created_at": "2026-03-27T19:04:24.699Z"}}, {"model": "hospital.patientfeedback", "pk": 1, "fields": {"patient": 5, "hospital": 3, "doctor": 1, "staff_member": null, "rating": 4, "service_area": "Outpatient care", "comments": "Seeded patient feedback entry covering satisfaction, clarity, and wait times.", "status": "open", "created_at": "2026-03-27T19:04:14.766Z"}}, {"model": "hospital.patientfeedback", "pk": 2, "fields": {"patient": 6, "hospital": 3, "doctor": 2, "staff_member": null, "rating": 5, "service_area": "Outpatient care", "comments": "Seeded patient feedback entry covering satisfaction, clarity, and wait times.", "status": "open", "created_at": "2026-03-27T19:04:17.487Z"}}, {"model": "hospital.patientfeedback", "pk": 3, "fields": {"patient": 7, "hospital": 3, "doctor": 1, "staff_member": null, "rating": 4, "service_area": "Outpatient care", "comments": "Seeded patient feedback entry covering satisfaction, clarity, and wait times.", "status": "open", "created_at": "2026-03-27T19:04:21.551Z"}}, {"model": "hospital.patientfeedback", "pk": 4, "fields": {"patient": 8, "hospital": 3, "doctor": 2, "staff_member": null, "rating": 5, "service_area": "Outpatient care", "comments": "Seeded patient feedback entry covering satisfaction, clarity, and wait times.", "status": "open", "created_at": "2026-03-27T19:04:24.947Z"}}, {"model": "hospital.pharmacytask", "pk": 1, "fields": {"patient": 5, "hospital": 3, "walk_in_encounter": 1, "medical_record": 28, "requested_by": 2, "completed_by": 31, "instructions": "Paracetamol 500mg and Amoxicillin 500mg", "status": "completed", "created_at": "2026-03-27T16:45:09.521Z", "completed_at": "2026-03-27T16:12:29.050Z"}}, {"model": "hospital.pharmacytask", "pk": 2, "fields": {"patient": 13, "hospital": 3, "walk_in_encounter": 4, "medical_record": 31, "requested_by": 24, "completed_by": 40, "instructions": "Paracetamol 500mg and Amoxicillin 500mg", "status": "completed", "created_at": "2026-03-27T16:45:16.548Z", "completed_at": "2026-03-30T13:07:10.031Z"}}, {"model": "hospital.pharmacytask", "pk": 3, "fields": {"patient": 15, "hospital": 3, "walk_in_encounter": 5, "medical_record": 33, "requested_by": 2, "completed_by": 40, "instructions": "Amoxcylin Full dosage", "status": "completed", "created_at": "2026-03-27T17:50:00.723Z", "completed_at": "2026-03-30T13:05:17.883Z"}}, {"model": "hospital.pharmacytask", "pk": 4, "fields": {"patient": 5, "hospital": 3, "walk_in_encounter": 6, "medical_record": 59, "requested_by": 2, "completed_by": 31, "instructions": "Paracetamol 500mg and Amoxicillin 500mg", "status": "completed", "created_at": "2026-03-27T18:31:33.716Z", "completed_at": "2026-03-27T17:59:53.531Z"}}, {"model": "hospital.pharmacytask", "pk": 5, "fields": {"patient": 13, "hospital": 3, "walk_in_encounter": 9, "medical_record": 62, "requested_by": 24, "completed_by": 40, "instructions": "Paracetamol 500mg and Amoxicillin 500mg", "status": "completed", "created_at": "2026-03-27T18:31:42.639Z", "completed_at": "2026-03-30T13:07:01.791Z"}}, {"model": "hospital.pharmacytask", "pk": 6, "fields": {"patient": 5, "hospital": 3, "walk_in_encounter": 6, "medical_record": 76, "requested_by": 2, "completed_by": 31, "instructions": "Paracetamol 500mg and Amoxicillin 500mg", "status": "completed", "created_at": "2026-03-27T18:34:49.961Z", "completed_at": "2026-03-27T18:03:14.371Z"}}, {"model": "hospital.pharmacytask", "pk": 7, "fields": {"patient": 13, "hospital": 3, "walk_in_encounter": 9, "medical_record": 79, "requested_by": 24, "completed_by": 40, "instructions": "Paracetamol 500mg and Amoxicillin 500mg", "status": "completed", "created_at": "2026-03-27T18:34:55.979Z", "completed_at": "2026-03-30T13:06:48.065Z"}}, {"model": "hospital.pharmacytask", "pk": 8, "fields": {"patient": 5, "hospital": 3, "walk_in_encounter": 6, "medical_record": 93, "requested_by": 2, "completed_by": 31, "instructions": "Paracetamol 500mg and Amoxicillin 500mg", "status": "completed", "created_at": "2026-03-27T19:04:40.493Z", "completed_at": "2026-03-27T18:32:24.779Z"}}, {"model": "hospital.pharmacytask", "pk": 9, "fields": {"patient": 13, "hospital": 3, "walk_in_encounter": 9, "medical_record": 96, "requested_by": 24, "completed_by": 40, "instructions": "Paracetamol 500mg and Amoxicillin 500mg", "status": "completed", "created_at": "2026-03-27T19:04:45.953Z", "completed_at": "2026-03-30T13:04:54.636Z"}}, {"model": "hospital.pharmacytask", "pk": 10, "fields": {"patient": 5, "hospital": 3, "walk_in_encounter": 6, "medical_record": 110, "requested_by": 2, "completed_by": 31, "instructions": "Paracetamol 500mg and Amoxicillin 500mg", "status": "completed", "created_at": "2026-03-27T19:35:05.269Z", "completed_at": "2026-03-27T19:03:21.941Z"}}, {"model": "hospital.pharmacytask", "pk": 11, "fields": {"patient": 13, "hospital": 3, "walk_in_encounter": 9, "medical_record": 113, "requested_by": 24, "completed_by": 40, "instructions": "Paracetamol 500mg and Amoxicillin 500mg", "status": "completed", "created_at": "2026-03-27T19:35:11.567Z", "completed_at": "2026-03-30T13:03:38.783Z"}}, {"model": "hospital.pharmacytask", "pk": 12, "fields": {"patient": 2, "hospital": 1, "walk_in_encounter": 11, "medical_record": 117, "requested_by": 2, "completed_by": null, "instructions": "Issue proper drugs not generic medication.", "status": "pending", "created_at": "2026-03-29T09:58:39.940Z", "completed_at": null}}, {"model": "hospital.conditioncatalog", "pk": 1, "fields": {"name": "Type 2 Diabetes Mellitus", "icd10_code": null, "category": "", "description": "Routine chronic disease follow-up.", "keywords": "", "is_active": true}}, {"model": "hospital.conditioncatalog", "pk": 2, "fields": {"name": "Hypertension", "icd10_code": null, "category": "", "description": "Routine chronic disease follow-up.", "keywords": "", "is_active": true}}, {"model": "hospital.conditioncatalog", "pk": 3, "fields": {"name": "Asthma", "icd10_code": null, "category": "", "description": "Cross-facility shared history entry.", "keywords": "", "is_active": true}}, {"model": "hospital.conditioncatalog", "pk": 4, "fields": {"name": "Seasonal Allergy", "icd10_code": null, "category": "", "description": "Cross-facility shared history entry.", "keywords": "", "is_active": true}}, {"model": "hospital.conditioncatalog", "pk": 5, "fields": {"name": "Bronchial Asthma", "icd10_code": null, "category": "", "description": "Pediatric review.", "keywords": "", "is_active": true}}, {"model": "hospital.conditioncatalog", "pk": 6, "fields": {"name": "Osteoarthritis And Hypertension", "icd10_code": null, "category": "", "description": "Senior outpatient review.", "keywords": "", "is_active": true}}, {"model": "hospital.conditioncatalog", "pk": 7, "fields": {"name": "Potential Serious Respiratory Infection (E.G., Pneumonia, Bronchitis) Or Other Acute Respiratory Condition", "icd10_code": null, "category": "", "description": "Condition label added from BayCare Assistant-supported analysis.", "keywords": "", "is_active": true}}, {"model": "hospital.conditioncatalog", "pk": 8, "fields": {"name": "Migraine And Dehydration", "icd10_code": null, "category": "", "description": "Acute headache review with nausea after three days of poor intake.", "keywords": "", "is_active": true}}, {"model": "hospital.conditioncatalog", "pk": 9, "fields": {"name": "Iron Deficiency Anemia", "icd10_code": null, "category": "", "description": "Fatigue, dizziness, and low ferritin in specialist follow-up.", "keywords": "", "is_active": true}}, {"model": "hospital.conditioncatalog", "pk": 10, "fields": {"name": "Hypertension And Chronic Kidney Disease", "icd10_code": null, "category": "", "description": "Renal clinic follow-up with blood pressure optimization.", "keywords": "", "is_active": true}}, {"model": "hospital.conditioncatalog", "pk": 11, "fields": {"name": "Lumbar Disc Disease", "icd10_code": null, "category": "", "description": "Persistent lower-back pain with reduced mobility and imaging review.", "keywords": "", "is_active": true}}, {"model": "hospital.conditioncatalog", "pk": 12, "fields": {"name": "Peptic Ulcer Disease", "icd10_code": null, "category": "", "description": "Epigastric pain, nausea, and appetite loss under gastro review.", "keywords": "", "is_active": true}}, {"model": "hospital.conditioncatalog", "pk": 13, "fields": {"name": "Gallstones", "icd10_code": null, "category": "", "description": "Pre-operative review with biliary colic history and ultrasound findings.", "keywords": "", "is_active": true}}, {"model": "hospital.conditioncatalog", "pk": 14, "fields": {"name": "Neonatal Jaundice", "icd10_code": null, "category": "", "description": "Newborn follow-up for bilirubin monitoring and feeding support.", "keywords": "", "is_active": true}}, {"model": "hospital.conditioncatalog", "pk": 15, "fields": {"name": "Migraine", "icd10_code": "G43", "category": "", "description": "Migraine seed reference.", "keywords": "", "is_active": true}}, {"model": "hospital.conditioncatalog", "pk": 16, "fields": {"name": "Pneumonia", "icd10_code": "J18", "category": "", "description": "Pneumonia seed reference.", "keywords": "", "is_active": true}}, {"model": "hospital.conditioncatalog", "pk": 17, "fields": {"name": "Diabetes", "icd10_code": "E11", "category": "", "description": "Diabetes seed reference.", "keywords": "", "is_active": true}}, {"model": "hospital.conditioncatalog", "pk": 18, "fields": {"name": "Heart Failure Review", "icd10_code": null, "category": "", "description": "Backdated seeded specialist follow-up.", "keywords": "", "is_active": true}}, {"model": "hospital.conditioncatalog", "pk": 19, "fields": {"name": "Seeded Abnormal Result Requiring Escalation", "icd10_code": null, "category": "", "description": "Lab result: Seeded abnormal result requiring escalation.", "keywords": "", "is_active": true}}, {"model": "hospital.conditioncatalog", "pk": 20, "fields": {"name": "Patient Suffering From Acute Bacterial Infection", "icd10_code": null, "category": "", "description": "Make sure to give patient full amoxcylin dosage please", "keywords": "", "is_active": true}}, {"model": "hospital.conditioncatalog", "pk": 21, "fields": {"name": "Admission Initiated", "icd10_code": null, "category": "", "description": "jnjkfnjsnafi", "keywords": "", "is_active": true}}, {"model": "hospital.conditioncatalog", "pk": 22, "fields": {"name": "Bed Transfer Completed", "icd10_code": null, "category": "", "description": "Patient appearing to be getting stable.", "keywords": "", "is_active": true}}, {"model": "hospital.conditioncatalog", "pk": 23, "fields": {"name": "Acute Malaria", "icd10_code": null, "category": "", "description": "Please make sure patient is given proper regimen to handle the current malaria outbreak.", "keywords": "", "is_active": true}}, {"model": "hospital.patientcondition", "pk": 1, "fields": {"patient": 2, "hospital": 1, "condition": 1, "medical_record": 1, "recorded_by": 1, "condition_name": "Type 2 Diabetes Mellitus", "severity": "moderate", "diagnosed_at": "2026-03-25", "resolved_at": null, "is_active": true, "notes": "Routine chronic disease follow-up.", "created_at": "2026-03-25T15:19:15.729Z"}}, {"model": "hospital.patientcondition", "pk": 2, "fields": {"patient": 2, "hospital": 1, "condition": 2, "medical_record": 1, "recorded_by": 1, "condition_name": "Hypertension", "severity": "moderate", "diagnosed_at": "2026-03-25", "resolved_at": null, "is_active": true, "notes": "Routine chronic disease follow-up.", "created_at": "2026-03-25T15:19:15.734Z"}}, {"model": "hospital.patientcondition", "pk": 3, "fields": {"patient": 2, "hospital": 2, "condition": 3, "medical_record": 2, "recorded_by": 1, "condition_name": "Asthma", "severity": "moderate", "diagnosed_at": "2026-03-25", "resolved_at": null, "is_active": true, "notes": "Cross-facility shared history entry.", "created_at": "2026-03-25T15:19:15.920Z"}}, {"model": "hospital.patientcondition", "pk": 4, "fields": {"patient": 2, "hospital": 2, "condition": 4, "medical_record": 2, "recorded_by": 1, "condition_name": "Seasonal Allergy", "severity": "moderate", "diagnosed_at": "2026-03-25", "resolved_at": null, "is_active": true, "notes": "Cross-facility shared history entry.", "created_at": "2026-03-25T15:19:15.924Z"}}, {"model": "hospital.patientcondition", "pk": 5, "fields": {"patient": 3, "hospital": 1, "condition": 5, "medical_record": 3, "recorded_by": 1, "condition_name": "Bronchial Asthma", "severity": "moderate", "diagnosed_at": "2026-03-25", "resolved_at": null, "is_active": true, "notes": "Pediatric review.", "created_at": "2026-03-25T15:19:16.111Z"}}, {"model": "hospital.patientcondition", "pk": 6, "fields": {"patient": 4, "hospital": 2, "condition": 6, "medical_record": 4, "recorded_by": 1, "condition_name": "Osteoarthritis And Hypertension", "severity": "moderate", "diagnosed_at": "2026-03-25", "resolved_at": null, "is_active": true, "notes": "Senior outpatient review.", "created_at": "2026-03-25T15:19:16.326Z"}}, {"model": "hospital.patientcondition", "pk": 7, "fields": {"patient": 5, "hospital": 3, "condition": 8, "medical_record": 5, "recorded_by": 1, "condition_name": "Migraine And Dehydration", "severity": "moderate", "diagnosed_at": "2026-03-26", "resolved_at": null, "is_active": true, "notes": "Acute headache review with nausea after three days of poor intake.", "created_at": "2026-03-26T07:56:13.414Z"}}, {"model": "hospital.patientcondition", "pk": 8, "fields": {"patient": 6, "hospital": 3, "condition": 1, "medical_record": 6, "recorded_by": 1, "condition_name": "Type 2 Diabetes Mellitus", "severity": "moderate", "diagnosed_at": "2026-03-26", "resolved_at": null, "is_active": true, "notes": "Quarterly glycemic review with peripheral neuropathy symptoms.", "created_at": "2026-03-26T07:56:16.145Z"}}, {"model": "hospital.patientcondition", "pk": 9, "fields": {"patient": 7, "hospital": 3, "condition": 9, "medical_record": 7, "recorded_by": 1, "condition_name": "Iron Deficiency Anemia", "severity": "moderate", "diagnosed_at": "2026-03-26", "resolved_at": null, "is_active": true, "notes": "Fatigue, dizziness, and low ferritin in specialist follow-up.", "created_at": "2026-03-26T07:56:19.454Z"}}, {"model": "hospital.patientcondition", "pk": 10, "fields": {"patient": 8, "hospital": 3, "condition": 10, "medical_record": 8, "recorded_by": 1, "condition_name": "Hypertension And Chronic Kidney Disease", "severity": "moderate", "diagnosed_at": "2026-03-26", "resolved_at": null, "is_active": true, "notes": "Renal clinic follow-up with blood pressure optimization.", "created_at": "2026-03-26T07:56:22.933Z"}}, {"model": "hospital.patientcondition", "pk": 11, "fields": {"patient": 9, "hospital": 3, "condition": 5, "medical_record": 9, "recorded_by": 1, "condition_name": "Bronchial Asthma", "severity": "moderate", "diagnosed_at": "2026-03-26", "resolved_at": null, "is_active": true, "notes": "Pediatric respiratory review after recurrent wheeze episodes.", "created_at": "2026-03-26T07:56:27.838Z"}}, {"model": "hospital.patientcondition", "pk": 12, "fields": {"patient": 10, "hospital": 3, "condition": 11, "medical_record": 10, "recorded_by": 1, "condition_name": "Lumbar Disc Disease", "severity": "moderate", "diagnosed_at": "2026-03-26", "resolved_at": null, "is_active": true, "notes": "Persistent lower-back pain with reduced mobility and imaging review.", "created_at": "2026-03-26T07:56:32.859Z"}}, {"model": "hospital.patientcondition", "pk": 13, "fields": {"patient": 11, "hospital": 3, "condition": 6, "medical_record": 11, "recorded_by": 1, "condition_name": "Osteoarthritis And Hypertension", "severity": "moderate", "diagnosed_at": "2026-03-26", "resolved_at": null, "is_active": true, "notes": "Joint stiffness and reduced range of motion in orthopedic follow-up.", "created_at": "2026-03-26T07:56:36.592Z"}}, {"model": "hospital.patientcondition", "pk": 14, "fields": {"patient": 12, "hospital": 3, "condition": 12, "medical_record": 12, "recorded_by": 1, "condition_name": "Peptic Ulcer Disease", "severity": "moderate", "diagnosed_at": "2026-03-26", "resolved_at": null, "is_active": true, "notes": "Epigastric pain, nausea, and appetite loss under gastro review.", "created_at": "2026-03-26T07:56:40.155Z"}}, {"model": "hospital.patientcondition", "pk": 15, "fields": {"patient": 13, "hospital": 3, "condition": 13, "medical_record": 13, "recorded_by": 1, "condition_name": "Gallstones", "severity": "moderate", "diagnosed_at": "2026-03-26", "resolved_at": null, "is_active": true, "notes": "Pre-operative review with biliary colic history and ultrasound findings.", "created_at": "2026-03-26T07:56:43.429Z"}}, {"model": "hospital.patientcondition", "pk": 16, "fields": {"patient": 14, "hospital": 3, "condition": 14, "medical_record": 14, "recorded_by": 1, "condition_name": "Neonatal Jaundice", "severity": "moderate", "diagnosed_at": "2026-03-26", "resolved_at": null, "is_active": true, "notes": "Newborn follow-up for bilirubin monitoring and feeding support.", "created_at": "2026-03-26T07:56:46.162Z"}}, {"model": "hospital.patientcondition", "pk": 17, "fields": {"patient": 5, "hospital": 3, "condition": 8, "medical_record": 15, "recorded_by": 1, "condition_name": "Migraine And Dehydration", "severity": "moderate", "diagnosed_at": "2026-03-27", "resolved_at": null, "is_active": true, "notes": "Backdated seeded specialist follow-up.", "created_at": "2026-03-27T16:41:24.093Z"}}, {"model": "hospital.patientcondition", "pk": 18, "fields": {"patient": 5, "hospital": 3, "condition": null, "medical_record": 15, "recorded_by": 1, "condition_name": "Migraine and dehydration", "severity": "moderate", "diagnosed_at": "2026-03-17", "resolved_at": null, "is_active": true, "notes": "Seeded condition linkage.", "created_at": "2026-03-27T16:41:24.362Z"}}, {"model": "hospital.patientcondition", "pk": 19, "fields": {"patient": 5, "hospital": 3, "condition": 8, "medical_record": 16, "recorded_by": 1, "condition_name": "Migraine And Dehydration", "severity": "moderate", "diagnosed_at": "2026-03-27", "resolved_at": null, "is_active": true, "notes": "Backdated seeded specialist follow-up.", "created_at": "2026-03-27T16:44:28.384Z"}}, {"model": "hospital.patientcondition", "pk": 20, "fields": {"patient": 5, "hospital": 3, "condition": null, "medical_record": 16, "recorded_by": 1, "condition_name": "Migraine and dehydration", "severity": "moderate", "diagnosed_at": "2026-03-17", "resolved_at": null, "is_active": true, "notes": "Seeded condition linkage.", "created_at": "2026-03-27T16:44:28.708Z"}}, {"model": "hospital.patientcondition", "pk": 21, "fields": {"patient": 6, "hospital": 3, "condition": 1, "medical_record": 17, "recorded_by": 2, "condition_name": "Type 2 Diabetes Mellitus", "severity": "moderate", "diagnosed_at": "2026-03-27", "resolved_at": null, "is_active": true, "notes": "Backdated seeded specialist follow-up.", "created_at": "2026-03-27T16:44:35.954Z"}}, {"model": "hospital.patientcondition", "pk": 22, "fields": {"patient": 6, "hospital": 3, "condition": null, "medical_record": 17, "recorded_by": 2, "condition_name": "Type 2 diabetes mellitus", "severity": "moderate", "diagnosed_at": "2026-03-16", "resolved_at": null, "is_active": true, "notes": "Seeded condition linkage.", "created_at": "2026-03-27T16:44:36.283Z"}}, {"model": "hospital.patientcondition", "pk": 23, "fields": {"patient": 7, "hospital": 3, "condition": 9, "medical_record": 18, "recorded_by": 1, "condition_name": "Iron Deficiency Anemia", "severity": "moderate", "diagnosed_at": "2026-03-27", "resolved_at": null, "is_active": true, "notes": "Backdated seeded specialist follow-up.", "created_at": "2026-03-27T16:44:39.434Z"}}, {"model": "hospital.patientcondition", "pk": 24, "fields": {"patient": 7, "hospital": 3, "condition": null, "medical_record": 18, "recorded_by": 1, "condition_name": "Iron deficiency anemia", "severity": "moderate", "diagnosed_at": "2026-03-15", "resolved_at": null, "is_active": true, "notes": "Seeded condition linkage.", "created_at": "2026-03-27T16:44:39.722Z"}}, {"model": "hospital.patientcondition", "pk": 25, "fields": {"patient": 8, "hospital": 3, "condition": 10, "medical_record": 19, "recorded_by": 2, "condition_name": "Hypertension And Chronic Kidney Disease", "severity": "moderate", "diagnosed_at": "2026-03-27", "resolved_at": null, "is_active": true, "notes": "Backdated seeded specialist follow-up.", "created_at": "2026-03-27T16:44:43.835Z"}}, {"model": "hospital.patientcondition", "pk": 26, "fields": {"patient": 8, "hospital": 3, "condition": null, "medical_record": 19, "recorded_by": 2, "condition_name": "Hypertension and chronic kidney disease", "severity": "moderate", "diagnosed_at": "2026-03-14", "resolved_at": null, "is_active": true, "notes": "Seeded condition linkage.", "created_at": "2026-03-27T16:44:44.140Z"}}, {"model": "hospital.patientcondition", "pk": 27, "fields": {"patient": 9, "hospital": 3, "condition": 5, "medical_record": 20, "recorded_by": 1, "condition_name": "Bronchial Asthma", "severity": "moderate", "diagnosed_at": "2026-03-27", "resolved_at": null, "is_active": true, "notes": "Backdated seeded specialist follow-up.", "created_at": "2026-03-27T16:44:47.805Z"}}, {"model": "hospital.patientcondition", "pk": 28, "fields": {"patient": 9, "hospital": 3, "condition": null, "medical_record": 20, "recorded_by": 1, "condition_name": "Bronchial asthma", "severity": "moderate", "diagnosed_at": "2026-03-13", "resolved_at": null, "is_active": true, "notes": "Seeded condition linkage.", "created_at": "2026-03-27T16:44:48.185Z"}}, {"model": "hospital.patientcondition", "pk": 29, "fields": {"patient": 10, "hospital": 3, "condition": 11, "medical_record": 21, "recorded_by": 2, "condition_name": "Lumbar Disc Disease", "severity": "moderate", "diagnosed_at": "2026-03-27", "resolved_at": null, "is_active": true, "notes": "Backdated seeded specialist follow-up.", "created_at": "2026-03-27T16:44:51.741Z"}}, {"model": "hospital.patientcondition", "pk": 30, "fields": {"patient": 10, "hospital": 3, "condition": null, "medical_record": 21, "recorded_by": 2, "condition_name": "Lumbar disc disease", "severity": "moderate", "diagnosed_at": "2026-03-12", "resolved_at": null, "is_active": true, "notes": "Seeded condition linkage.", "created_at": "2026-03-27T16:44:52.040Z"}}, {"model": "hospital.patientcondition", "pk": 31, "fields": {"patient": 11, "hospital": 3, "condition": 6, "medical_record": 22, "recorded_by": 1, "condition_name": "Osteoarthritis And Hypertension", "severity": "moderate", "diagnosed_at": "2026-03-27", "resolved_at": null, "is_active": true, "notes": "Backdated seeded specialist follow-up.", "created_at": "2026-03-27T16:44:54.289Z"}}, {"model": "hospital.patientcondition", "pk": 32, "fields": {"patient": 11, "hospital": 3, "condition": null, "medical_record": 22, "recorded_by": 1, "condition_name": "Osteoarthritis", "severity": "moderate", "diagnosed_at": "2026-03-11", "resolved_at": null, "is_active": true, "notes": "Seeded condition linkage.", "created_at": "2026-03-27T16:44:54.593Z"}}, {"model": "hospital.patientcondition", "pk": 33, "fields": {"patient": 12, "hospital": 3, "condition": 12, "medical_record": 23, "recorded_by": 2, "condition_name": "Peptic Ulcer Disease", "severity": "moderate", "diagnosed_at": "2026-03-27", "resolved_at": null, "is_active": true, "notes": "Backdated seeded specialist follow-up.", "created_at": "2026-03-27T16:44:56.636Z"}}, {"model": "hospital.patientcondition", "pk": 34, "fields": {"patient": 12, "hospital": 3, "condition": null, "medical_record": 23, "recorded_by": 2, "condition_name": "Peptic ulcer disease", "severity": "moderate", "diagnosed_at": "2026-03-10", "resolved_at": null, "is_active": true, "notes": "Seeded condition linkage.", "created_at": "2026-03-27T16:44:56.986Z"}}, {"model": "hospital.patientcondition", "pk": 35, "fields": {"patient": 13, "hospital": 3, "condition": 13, "medical_record": 24, "recorded_by": 1, "condition_name": "Gallstones", "severity": "moderate", "diagnosed_at": "2026-03-27", "resolved_at": null, "is_active": true, "notes": "Backdated seeded specialist follow-up.", "created_at": "2026-03-27T16:44:58.636Z"}}, {"model": "hospital.patientcondition", "pk": 36, "fields": {"patient": 14, "hospital": 3, "condition": 14, "medical_record": 25, "recorded_by": 2, "condition_name": "Neonatal Jaundice", "severity": "moderate", "diagnosed_at": "2026-03-27", "resolved_at": null, "is_active": true, "notes": "Backdated seeded specialist follow-up.", "created_at": "2026-03-27T16:45:02.176Z"}}, {"model": "hospital.patientcondition", "pk": 37, "fields": {"patient": 14, "hospital": 3, "condition": null, "medical_record": 25, "recorded_by": 2, "condition_name": "Neonatal jaundice", "severity": "moderate", "diagnosed_at": "2026-03-08", "resolved_at": null, "is_active": true, "notes": "Seeded condition linkage.", "created_at": "2026-03-27T16:45:02.495Z"}}, {"model": "hospital.patientcondition", "pk": 38, "fields": {"patient": 15, "hospital": 3, "condition": 16, "medical_record": 26, "recorded_by": 1, "condition_name": "Pneumonia", "severity": "moderate", "diagnosed_at": "2026-03-27", "resolved_at": null, "is_active": true, "notes": "Backdated seeded specialist follow-up.", "created_at": "2026-03-27T16:45:04.004Z"}}, {"model": "hospital.patientcondition", "pk": 39, "fields": {"patient": 16, "hospital": 3, "condition": 18, "medical_record": 27, "recorded_by": 2, "condition_name": "Heart Failure Review", "severity": "moderate", "diagnosed_at": "2026-03-27", "resolved_at": null, "is_active": true, "notes": "Backdated seeded specialist follow-up.", "created_at": "2026-03-27T16:45:06.190Z"}}, {"model": "hospital.patientcondition", "pk": 40, "fields": {"patient": 16, "hospital": 3, "condition": null, "medical_record": 27, "recorded_by": 2, "condition_name": "Heart failure review", "severity": "moderate", "diagnosed_at": "2026-03-06", "resolved_at": null, "is_active": true, "notes": "Seeded condition linkage.", "created_at": "2026-03-27T16:45:06.652Z"}}, {"model": "hospital.patientcondition", "pk": 41, "fields": {"patient": 5, "hospital": 3, "condition": 8, "medical_record": 28, "recorded_by": 1, "condition_name": "Migraine And Dehydration", "severity": "moderate", "diagnosed_at": "2026-03-27", "resolved_at": null, "is_active": true, "notes": "Seeded walk-in consultation note.", "created_at": "2026-03-27T16:45:08.962Z"}}, {"model": "hospital.patientcondition", "pk": 42, "fields": {"patient": 6, "hospital": 3, "condition": 1, "medical_record": 29, "recorded_by": 2, "condition_name": "Type 2 Diabetes Mellitus", "severity": "moderate", "diagnosed_at": "2026-03-27", "resolved_at": null, "is_active": true, "notes": "Seeded walk-in consultation note.", "created_at": "2026-03-27T16:45:11.254Z"}}, {"model": "hospital.patientcondition", "pk": 43, "fields": {"patient": 7, "hospital": 3, "condition": 9, "medical_record": 30, "recorded_by": 1, "condition_name": "Iron Deficiency Anemia", "severity": "moderate", "diagnosed_at": "2026-03-27", "resolved_at": null, "is_active": true, "notes": "Seeded walk-in consultation note.", "created_at": "2026-03-27T16:45:13.233Z"}}, {"model": "hospital.patientcondition", "pk": 44, "fields": {"patient": 13, "hospital": 3, "condition": 13, "medical_record": 31, "recorded_by": 2, "condition_name": "Gallstones", "severity": "moderate", "diagnosed_at": "2026-03-27", "resolved_at": null, "is_active": true, "notes": "Seeded walk-in consultation note.", "created_at": "2026-03-27T16:45:15.937Z"}}, {"model": "hospital.patientcondition", "pk": 45, "fields": {"patient": 15, "hospital": 3, "condition": 16, "medical_record": 32, "recorded_by": 1, "condition_name": "Pneumonia", "severity": "moderate", "diagnosed_at": "2026-03-27", "resolved_at": null, "is_active": true, "notes": "Seeded walk-in consultation note.", "created_at": "2026-03-27T16:45:18.771Z"}}, {"model": "hospital.patientcondition", "pk": 46, "fields": {"patient": 15, "hospital": 3, "condition": 19, "medical_record": null, "recorded_by": 1, "condition_name": "Seeded Abnormal Result Requiring Escalation", "severity": "moderate", "diagnosed_at": "2026-03-27", "resolved_at": null, "is_active": true, "notes": "Lab result: Seeded abnormal result requiring escalation.", "created_at": "2026-03-27T16:45:21.563Z"}}, {"model": "hospital.patientcondition", "pk": 47, "fields": {"patient": 15, "hospital": 3, "condition": 20, "medical_record": 33, "recorded_by": 1, "condition_name": "Patient Suffering From Acute Bacterial Infection", "severity": "moderate", "diagnosed_at": "2026-03-27", "resolved_at": null, "is_active": true, "notes": "Make sure to give patient full amoxcylin dosage please", "created_at": "2026-03-27T17:50:00.720Z"}}, {"model": "hospital.patientcondition", "pk": 48, "fields": {"patient": 5, "hospital": 3, "condition": 8, "medical_record": 34, "recorded_by": 1, "condition_name": "Migraine And Dehydration", "severity": "moderate", "diagnosed_at": "2026-03-27", "resolved_at": null, "is_active": true, "notes": "Backdated seeded specialist follow-up.", "created_at": "2026-03-27T18:25:06.778Z"}}, {"model": "hospital.patientcondition", "pk": 49, "fields": {"patient": 5, "hospital": 3, "condition": null, "medical_record": 34, "recorded_by": 1, "condition_name": "Migraine and dehydration", "severity": "moderate", "diagnosed_at": "2026-03-17", "resolved_at": null, "is_active": true, "notes": "Seeded condition linkage.", "created_at": "2026-03-27T18:25:07.001Z"}}, {"model": "hospital.patientcondition", "pk": 50, "fields": {"patient": 5, "hospital": 3, "condition": 8, "medical_record": 35, "recorded_by": 1, "condition_name": "Migraine And Dehydration", "severity": "moderate", "diagnosed_at": "2026-03-27", "resolved_at": null, "is_active": true, "notes": "Backdated seeded specialist follow-up.", "created_at": "2026-03-27T18:27:43.510Z"}}, {"model": "hospital.patientcondition", "pk": 51, "fields": {"patient": 5, "hospital": 3, "condition": null, "medical_record": 35, "recorded_by": 1, "condition_name": "Migraine and dehydration", "severity": "moderate", "diagnosed_at": "2026-03-17", "resolved_at": null, "is_active": true, "notes": "Seeded condition linkage.", "created_at": "2026-03-27T18:27:43.730Z"}}, {"model": "hospital.patientcondition", "pk": 52, "fields": {"patient": 6, "hospital": 3, "condition": 1, "medical_record": 36, "recorded_by": 2, "condition_name": "Type 2 Diabetes Mellitus", "severity": "moderate", "diagnosed_at": "2026-03-27", "resolved_at": null, "is_active": true, "notes": "Backdated seeded specialist follow-up.", "created_at": "2026-03-27T18:27:46.541Z"}}, {"model": "hospital.patientcondition", "pk": 53, "fields": {"patient": 6, "hospital": 3, "condition": null, "medical_record": 36, "recorded_by": 2, "condition_name": "Type 2 diabetes mellitus", "severity": "moderate", "diagnosed_at": "2026-03-16", "resolved_at": null, "is_active": true, "notes": "Seeded condition linkage.", "created_at": "2026-03-27T18:27:46.746Z"}}, {"model": "hospital.patientcondition", "pk": 54, "fields": {"patient": 7, "hospital": 3, "condition": 9, "medical_record": 37, "recorded_by": 1, "condition_name": "Iron Deficiency Anemia", "severity": "moderate", "diagnosed_at": "2026-03-27", "resolved_at": null, "is_active": true, "notes": "Backdated seeded specialist follow-up.", "created_at": "2026-03-27T18:27:48.914Z"}}, {"model": "hospital.patientcondition", "pk": 55, "fields": {"patient": 7, "hospital": 3, "condition": null, "medical_record": 37, "recorded_by": 1, "condition_name": "Iron deficiency anemia", "severity": "moderate", "diagnosed_at": "2026-03-15", "resolved_at": null, "is_active": true, "notes": "Seeded condition linkage.", "created_at": "2026-03-27T18:27:49.186Z"}}, {"model": "hospital.patientcondition", "pk": 56, "fields": {"patient": 8, "hospital": 3, "condition": 10, "medical_record": 38, "recorded_by": 2, "condition_name": "Hypertension And Chronic Kidney Disease", "severity": "moderate", "diagnosed_at": "2026-03-27", "resolved_at": null, "is_active": true, "notes": "Backdated seeded specialist follow-up.", "created_at": "2026-03-27T18:27:52.815Z"}}, {"model": "hospital.patientcondition", "pk": 57, "fields": {"patient": 8, "hospital": 3, "condition": null, "medical_record": 38, "recorded_by": 2, "condition_name": "Hypertension and chronic kidney disease", "severity": "moderate", "diagnosed_at": "2026-03-14", "resolved_at": null, "is_active": true, "notes": "Seeded condition linkage.", "created_at": "2026-03-27T18:27:53.030Z"}}, {"model": "hospital.patientcondition", "pk": 58, "fields": {"patient": 9, "hospital": 3, "condition": 5, "medical_record": 39, "recorded_by": 1, "condition_name": "Bronchial Asthma", "severity": "moderate", "diagnosed_at": "2026-03-27", "resolved_at": null, "is_active": true, "notes": "Backdated seeded specialist follow-up.", "created_at": "2026-03-27T18:27:55.839Z"}}, {"model": "hospital.patientcondition", "pk": 59, "fields": {"patient": 9, "hospital": 3, "condition": null, "medical_record": 39, "recorded_by": 1, "condition_name": "Bronchial asthma", "severity": "moderate", "diagnosed_at": "2026-03-13", "resolved_at": null, "is_active": true, "notes": "Seeded condition linkage.", "created_at": "2026-03-27T18:27:56.333Z"}}, {"model": "hospital.patientcondition", "pk": 60, "fields": {"patient": 10, "hospital": 3, "condition": 11, "medical_record": 40, "recorded_by": 2, "condition_name": "Lumbar Disc Disease", "severity": "moderate", "diagnosed_at": "2026-03-27", "resolved_at": null, "is_active": true, "notes": "Backdated seeded specialist follow-up.", "created_at": "2026-03-27T18:27:59.038Z"}}, {"model": "hospital.patientcondition", "pk": 61, "fields": {"patient": 10, "hospital": 3, "condition": null, "medical_record": 40, "recorded_by": 2, "condition_name": "Lumbar disc disease", "severity": "moderate", "diagnosed_at": "2026-03-12", "resolved_at": null, "is_active": true, "notes": "Seeded condition linkage.", "created_at": "2026-03-27T18:27:59.244Z"}}, {"model": "hospital.patientcondition", "pk": 62, "fields": {"patient": 11, "hospital": 3, "condition": 6, "medical_record": 41, "recorded_by": 1, "condition_name": "Osteoarthritis And Hypertension", "severity": "moderate", "diagnosed_at": "2026-03-27", "resolved_at": null, "is_active": true, "notes": "Backdated seeded specialist follow-up.", "created_at": "2026-03-27T18:28:00.870Z"}}, {"model": "hospital.patientcondition", "pk": 63, "fields": {"patient": 11, "hospital": 3, "condition": null, "medical_record": 41, "recorded_by": 1, "condition_name": "Osteoarthritis", "severity": "moderate", "diagnosed_at": "2026-03-11", "resolved_at": null, "is_active": true, "notes": "Seeded condition linkage.", "created_at": "2026-03-27T18:28:01.158Z"}}, {"model": "hospital.patientcondition", "pk": 64, "fields": {"patient": 12, "hospital": 3, "condition": 12, "medical_record": 42, "recorded_by": 2, "condition_name": "Peptic Ulcer Disease", "severity": "moderate", "diagnosed_at": "2026-03-27", "resolved_at": null, "is_active": true, "notes": "Backdated seeded specialist follow-up.", "created_at": "2026-03-27T18:28:02.370Z"}}, {"model": "hospital.patientcondition", "pk": 65, "fields": {"patient": 12, "hospital": 3, "condition": null, "medical_record": 42, "recorded_by": 2, "condition_name": "Peptic ulcer disease", "severity": "moderate", "diagnosed_at": "2026-03-10", "resolved_at": null, "is_active": true, "notes": "Seeded condition linkage.", "created_at": "2026-03-27T18:28:02.715Z"}}, {"model": "hospital.patientcondition", "pk": 66, "fields": {"patient": 13, "hospital": 3, "condition": 13, "medical_record": 43, "recorded_by": 1, "condition_name": "Gallstones", "severity": "moderate", "diagnosed_at": "2026-03-27", "resolved_at": null, "is_active": true, "notes": "Backdated seeded specialist follow-up.", "created_at": "2026-03-27T18:28:03.733Z"}}, {"model": "hospital.patientcondition", "pk": 67, "fields": {"patient": 14, "hospital": 3, "condition": 14, "medical_record": 44, "recorded_by": 2, "condition_name": "Neonatal Jaundice", "severity": "moderate", "diagnosed_at": "2026-03-27", "resolved_at": null, "is_active": true, "notes": "Backdated seeded specialist follow-up.", "created_at": "2026-03-27T18:28:04.768Z"}}, {"model": "hospital.patientcondition", "pk": 68, "fields": {"patient": 14, "hospital": 3, "condition": null, "medical_record": 44, "recorded_by": 2, "condition_name": "Neonatal jaundice", "severity": "moderate", "diagnosed_at": "2026-03-08", "resolved_at": null, "is_active": true, "notes": "Seeded condition linkage.", "created_at": "2026-03-27T18:28:05.113Z"}}, {"model": "hospital.patientcondition", "pk": 69, "fields": {"patient": 15, "hospital": 3, "condition": 16, "medical_record": 45, "recorded_by": 1, "condition_name": "Pneumonia", "severity": "moderate", "diagnosed_at": "2026-03-27", "resolved_at": null, "is_active": true, "notes": "Backdated seeded specialist follow-up.", "created_at": "2026-03-27T18:28:05.907Z"}}, {"model": "hospital.patientcondition", "pk": 70, "fields": {"patient": 16, "hospital": 3, "condition": 18, "medical_record": 46, "recorded_by": 2, "condition_name": "Heart Failure Review", "severity": "moderate", "diagnosed_at": "2026-03-27", "resolved_at": null, "is_active": true, "notes": "Backdated seeded specialist follow-up.", "created_at": "2026-03-27T18:28:07.019Z"}}, {"model": "hospital.patientcondition", "pk": 71, "fields": {"patient": 16, "hospital": 3, "condition": null, "medical_record": 46, "recorded_by": 2, "condition_name": "Heart failure review", "severity": "moderate", "diagnosed_at": "2026-03-06", "resolved_at": null, "is_active": true, "notes": "Seeded condition linkage.", "created_at": "2026-03-27T18:28:07.299Z"}}, {"model": "hospital.patientcondition", "pk": 72, "fields": {"patient": 5, "hospital": 3, "condition": 8, "medical_record": 47, "recorded_by": 1, "condition_name": "Migraine And Dehydration", "severity": "moderate", "diagnosed_at": "2026-03-27", "resolved_at": null, "is_active": true, "notes": "Backdated seeded specialist follow-up.", "created_at": "2026-03-27T18:31:11.579Z"}}, {"model": "hospital.patientcondition", "pk": 73, "fields": {"patient": 5, "hospital": 3, "condition": null, "medical_record": 47, "recorded_by": 1, "condition_name": "Migraine and dehydration", "severity": "moderate", "diagnosed_at": "2026-03-17", "resolved_at": null, "is_active": true, "notes": "Seeded condition linkage.", "created_at": "2026-03-27T18:31:11.793Z"}}, {"model": "hospital.patientcondition", "pk": 74, "fields": {"patient": 6, "hospital": 3, "condition": 1, "medical_record": 48, "recorded_by": 2, "condition_name": "Type 2 Diabetes Mellitus", "severity": "moderate", "diagnosed_at": "2026-03-27", "resolved_at": null, "is_active": true, "notes": "Backdated seeded specialist follow-up.", "created_at": "2026-03-27T18:31:14.382Z"}}, {"model": "hospital.patientcondition", "pk": 75, "fields": {"patient": 6, "hospital": 3, "condition": null, "medical_record": 48, "recorded_by": 2, "condition_name": "Type 2 diabetes mellitus", "severity": "moderate", "diagnosed_at": "2026-03-16", "resolved_at": null, "is_active": true, "notes": "Seeded condition linkage.", "created_at": "2026-03-27T18:31:14.633Z"}}, {"model": "hospital.patientcondition", "pk": 76, "fields": {"patient": 7, "hospital": 3, "condition": 9, "medical_record": 49, "recorded_by": 1, "condition_name": "Iron Deficiency Anemia", "severity": "moderate", "diagnosed_at": "2026-03-27", "resolved_at": null, "is_active": true, "notes": "Backdated seeded specialist follow-up.", "created_at": "2026-03-27T18:31:16.632Z"}}, {"model": "hospital.patientcondition", "pk": 77, "fields": {"patient": 7, "hospital": 3, "condition": null, "medical_record": 49, "recorded_by": 1, "condition_name": "Iron deficiency anemia", "severity": "moderate", "diagnosed_at": "2026-03-15", "resolved_at": null, "is_active": true, "notes": "Seeded condition linkage.", "created_at": "2026-03-27T18:31:16.879Z"}}, {"model": "hospital.patientcondition", "pk": 78, "fields": {"patient": 8, "hospital": 3, "condition": 10, "medical_record": 50, "recorded_by": 2, "condition_name": "Hypertension And Chronic Kidney Disease", "severity": "moderate", "diagnosed_at": "2026-03-27", "resolved_at": null, "is_active": true, "notes": "Backdated seeded specialist follow-up.", "created_at": "2026-03-27T18:31:18.985Z"}}, {"model": "hospital.patientcondition", "pk": 79, "fields": {"patient": 8, "hospital": 3, "condition": null, "medical_record": 50, "recorded_by": 2, "condition_name": "Hypertension and chronic kidney disease", "severity": "moderate", "diagnosed_at": "2026-03-14", "resolved_at": null, "is_active": true, "notes": "Seeded condition linkage.", "created_at": "2026-03-27T18:31:19.211Z"}}, {"model": "hospital.patientcondition", "pk": 80, "fields": {"patient": 9, "hospital": 3, "condition": 5, "medical_record": 51, "recorded_by": 1, "condition_name": "Bronchial Asthma", "severity": "moderate", "diagnosed_at": "2026-03-27", "resolved_at": null, "is_active": true, "notes": "Backdated seeded specialist follow-up.", "created_at": "2026-03-27T18:31:20.943Z"}}, {"model": "hospital.patientcondition", "pk": 81, "fields": {"patient": 9, "hospital": 3, "condition": null, "medical_record": 51, "recorded_by": 1, "condition_name": "Bronchial asthma", "severity": "moderate", "diagnosed_at": "2026-03-13", "resolved_at": null, "is_active": true, "notes": "Seeded condition linkage.", "created_at": "2026-03-27T18:31:21.346Z"}}, {"model": "hospital.patientcondition", "pk": 82, "fields": {"patient": 10, "hospital": 3, "condition": 11, "medical_record": 52, "recorded_by": 2, "condition_name": "Lumbar Disc Disease", "severity": "moderate", "diagnosed_at": "2026-03-27", "resolved_at": null, "is_active": true, "notes": "Backdated seeded specialist follow-up.", "created_at": "2026-03-27T18:31:24.472Z"}}, {"model": "hospital.patientcondition", "pk": 83, "fields": {"patient": 10, "hospital": 3, "condition": null, "medical_record": 52, "recorded_by": 2, "condition_name": "Lumbar disc disease", "severity": "moderate", "diagnosed_at": "2026-03-12", "resolved_at": null, "is_active": true, "notes": "Seeded condition linkage.", "created_at": "2026-03-27T18:31:24.743Z"}}, {"model": "hospital.patientcondition", "pk": 84, "fields": {"patient": 11, "hospital": 3, "condition": 6, "medical_record": 53, "recorded_by": 1, "condition_name": "Osteoarthritis And Hypertension", "severity": "moderate", "diagnosed_at": "2026-03-27", "resolved_at": null, "is_active": true, "notes": "Backdated seeded specialist follow-up.", "created_at": "2026-03-27T18:31:25.940Z"}}, {"model": "hospital.patientcondition", "pk": 85, "fields": {"patient": 11, "hospital": 3, "condition": null, "medical_record": 53, "recorded_by": 1, "condition_name": "Osteoarthritis", "severity": "moderate", "diagnosed_at": "2026-03-11", "resolved_at": null, "is_active": true, "notes": "Seeded condition linkage.", "created_at": "2026-03-27T18:31:26.161Z"}}, {"model": "hospital.patientcondition", "pk": 86, "fields": {"patient": 12, "hospital": 3, "condition": 12, "medical_record": 54, "recorded_by": 2, "condition_name": "Peptic Ulcer Disease", "severity": "moderate", "diagnosed_at": "2026-03-27", "resolved_at": null, "is_active": true, "notes": "Backdated seeded specialist follow-up.", "created_at": "2026-03-27T18:31:26.862Z"}}, {"model": "hospital.patientcondition", "pk": 87, "fields": {"patient": 12, "hospital": 3, "condition": null, "medical_record": 54, "recorded_by": 2, "condition_name": "Peptic ulcer disease", "severity": "moderate", "diagnosed_at": "2026-03-10", "resolved_at": null, "is_active": true, "notes": "Seeded condition linkage.", "created_at": "2026-03-27T18:31:27.067Z"}}, {"model": "hospital.patientcondition", "pk": 88, "fields": {"patient": 13, "hospital": 3, "condition": 13, "medical_record": 55, "recorded_by": 1, "condition_name": "Gallstones", "severity": "moderate", "diagnosed_at": "2026-03-27", "resolved_at": null, "is_active": true, "notes": "Backdated seeded specialist follow-up.", "created_at": "2026-03-27T18:31:27.662Z"}}, {"model": "hospital.patientcondition", "pk": 89, "fields": {"patient": 14, "hospital": 3, "condition": 14, "medical_record": 56, "recorded_by": 2, "condition_name": "Neonatal Jaundice", "severity": "moderate", "diagnosed_at": "2026-03-27", "resolved_at": null, "is_active": true, "notes": "Backdated seeded specialist follow-up.", "created_at": "2026-03-27T18:31:28.644Z"}}, {"model": "hospital.patientcondition", "pk": 90, "fields": {"patient": 14, "hospital": 3, "condition": null, "medical_record": 56, "recorded_by": 2, "condition_name": "Neonatal jaundice", "severity": "moderate", "diagnosed_at": "2026-03-08", "resolved_at": null, "is_active": true, "notes": "Seeded condition linkage.", "created_at": "2026-03-27T18:31:29.032Z"}}, {"model": "hospital.patientcondition", "pk": 91, "fields": {"patient": 15, "hospital": 3, "condition": 16, "medical_record": 57, "recorded_by": 1, "condition_name": "Pneumonia", "severity": "moderate", "diagnosed_at": "2026-03-27", "resolved_at": null, "is_active": true, "notes": "Backdated seeded specialist follow-up.", "created_at": "2026-03-27T18:31:29.625Z"}}, {"model": "hospital.patientcondition", "pk": 92, "fields": {"patient": 16, "hospital": 3, "condition": 18, "medical_record": 58, "recorded_by": 2, "condition_name": "Heart Failure Review", "severity": "moderate", "diagnosed_at": "2026-03-27", "resolved_at": null, "is_active": true, "notes": "Backdated seeded specialist follow-up.", "created_at": "2026-03-27T18:31:30.444Z"}}, {"model": "hospital.patientcondition", "pk": 93, "fields": {"patient": 16, "hospital": 3, "condition": null, "medical_record": 58, "recorded_by": 2, "condition_name": "Heart failure review", "severity": "moderate", "diagnosed_at": "2026-03-06", "resolved_at": null, "is_active": true, "notes": "Seeded condition linkage.", "created_at": "2026-03-27T18:31:30.712Z"}}, {"model": "hospital.patientcondition", "pk": 94, "fields": {"patient": 5, "hospital": 3, "condition": 8, "medical_record": 59, "recorded_by": 1, "condition_name": "Migraine And Dehydration", "severity": "moderate", "diagnosed_at": "2026-03-27", "resolved_at": null, "is_active": true, "notes": "Seeded walk-in consultation note.", "created_at": "2026-03-27T18:31:32.881Z"}}, {"model": "hospital.patientcondition", "pk": 95, "fields": {"patient": 6, "hospital": 3, "condition": 1, "medical_record": 60, "recorded_by": 2, "condition_name": "Type 2 Diabetes Mellitus", "severity": "moderate", "diagnosed_at": "2026-03-27", "resolved_at": null, "is_active": true, "notes": "Seeded walk-in consultation note.", "created_at": "2026-03-27T18:31:36.277Z"}}, {"model": "hospital.patientcondition", "pk": 96, "fields": {"patient": 7, "hospital": 3, "condition": 9, "medical_record": 61, "recorded_by": 1, "condition_name": "Iron Deficiency Anemia", "severity": "moderate", "diagnosed_at": "2026-03-27", "resolved_at": null, "is_active": true, "notes": "Seeded walk-in consultation note.", "created_at": "2026-03-27T18:31:39.080Z"}}, {"model": "hospital.patientcondition", "pk": 97, "fields": {"patient": 13, "hospital": 3, "condition": 13, "medical_record": 62, "recorded_by": 2, "condition_name": "Gallstones", "severity": "moderate", "diagnosed_at": "2026-03-27", "resolved_at": null, "is_active": true, "notes": "Seeded walk-in consultation note.", "created_at": "2026-03-27T18:31:42.106Z"}}, {"model": "hospital.patientcondition", "pk": 98, "fields": {"patient": 15, "hospital": 3, "condition": 16, "medical_record": 63, "recorded_by": 1, "condition_name": "Pneumonia", "severity": "moderate", "diagnosed_at": "2026-03-27", "resolved_at": null, "is_active": true, "notes": "Seeded walk-in consultation note.", "created_at": "2026-03-27T18:31:44.283Z"}}, {"model": "hospital.patientcondition", "pk": 99, "fields": {"patient": 5, "hospital": 3, "condition": 8, "medical_record": 64, "recorded_by": 1, "condition_name": "Migraine And Dehydration", "severity": "moderate", "diagnosed_at": "2026-03-27", "resolved_at": null, "is_active": true, "notes": "Backdated seeded specialist follow-up.", "created_at": "2026-03-27T18:34:26.978Z"}}, {"model": "hospital.patientcondition", "pk": 100, "fields": {"patient": 5, "hospital": 3, "condition": null, "medical_record": 64, "recorded_by": 1, "condition_name": "Migraine and dehydration", "severity": "moderate", "diagnosed_at": "2026-03-17", "resolved_at": null, "is_active": true, "notes": "Seeded condition linkage.", "created_at": "2026-03-27T18:34:27.184Z"}}, {"model": "hospital.patientcondition", "pk": 101, "fields": {"patient": 6, "hospital": 3, "condition": 1, "medical_record": 65, "recorded_by": 2, "condition_name": "Type 2 Diabetes Mellitus", "severity": "moderate", "diagnosed_at": "2026-03-27", "resolved_at": null, "is_active": true, "notes": "Backdated seeded specialist follow-up.", "created_at": "2026-03-27T18:34:29.709Z"}}, {"model": "hospital.patientcondition", "pk": 102, "fields": {"patient": 6, "hospital": 3, "condition": null, "medical_record": 65, "recorded_by": 2, "condition_name": "Type 2 diabetes mellitus", "severity": "moderate", "diagnosed_at": "2026-03-16", "resolved_at": null, "is_active": true, "notes": "Seeded condition linkage.", "created_at": "2026-03-27T18:34:29.912Z"}}, {"model": "hospital.patientcondition", "pk": 103, "fields": {"patient": 7, "hospital": 3, "condition": 9, "medical_record": 66, "recorded_by": 1, "condition_name": "Iron Deficiency Anemia", "severity": "moderate", "diagnosed_at": "2026-03-27", "resolved_at": null, "is_active": true, "notes": "Backdated seeded specialist follow-up.", "created_at": "2026-03-27T18:34:32.213Z"}}, {"model": "hospital.patientcondition", "pk": 104, "fields": {"patient": 7, "hospital": 3, "condition": null, "medical_record": 66, "recorded_by": 1, "condition_name": "Iron deficiency anemia", "severity": "moderate", "diagnosed_at": "2026-03-15", "resolved_at": null, "is_active": true, "notes": "Seeded condition linkage.", "created_at": "2026-03-27T18:34:32.435Z"}}, {"model": "hospital.patientcondition", "pk": 105, "fields": {"patient": 8, "hospital": 3, "condition": 10, "medical_record": 67, "recorded_by": 2, "condition_name": "Hypertension And Chronic Kidney Disease", "severity": "moderate", "diagnosed_at": "2026-03-27", "resolved_at": null, "is_active": true, "notes": "Backdated seeded specialist follow-up.", "created_at": "2026-03-27T18:34:35.091Z"}}, {"model": "hospital.patientcondition", "pk": 106, "fields": {"patient": 8, "hospital": 3, "condition": null, "medical_record": 67, "recorded_by": 2, "condition_name": "Hypertension and chronic kidney disease", "severity": "moderate", "diagnosed_at": "2026-03-14", "resolved_at": null, "is_active": true, "notes": "Seeded condition linkage.", "created_at": "2026-03-27T18:34:35.346Z"}}, {"model": "hospital.patientcondition", "pk": 107, "fields": {"patient": 9, "hospital": 3, "condition": 5, "medical_record": 68, "recorded_by": 1, "condition_name": "Bronchial Asthma", "severity": "moderate", "diagnosed_at": "2026-03-27", "resolved_at": null, "is_active": true, "notes": "Backdated seeded specialist follow-up.", "created_at": "2026-03-27T18:34:37.762Z"}}, {"model": "hospital.patientcondition", "pk": 108, "fields": {"patient": 9, "hospital": 3, "condition": null, "medical_record": 68, "recorded_by": 1, "condition_name": "Bronchial asthma", "severity": "moderate", "diagnosed_at": "2026-03-13", "resolved_at": null, "is_active": true, "notes": "Seeded condition linkage.", "created_at": "2026-03-27T18:34:38.016Z"}}, {"model": "hospital.patientcondition", "pk": 109, "fields": {"patient": 10, "hospital": 3, "condition": 11, "medical_record": 69, "recorded_by": 2, "condition_name": "Lumbar Disc Disease", "severity": "moderate", "diagnosed_at": "2026-03-27", "resolved_at": null, "is_active": true, "notes": "Backdated seeded specialist follow-up.", "created_at": "2026-03-27T18:34:40.416Z"}}, {"model": "hospital.patientcondition", "pk": 110, "fields": {"patient": 10, "hospital": 3, "condition": null, "medical_record": 69, "recorded_by": 2, "condition_name": "Lumbar disc disease", "severity": "moderate", "diagnosed_at": "2026-03-12", "resolved_at": null, "is_active": true, "notes": "Seeded condition linkage.", "created_at": "2026-03-27T18:34:40.753Z"}}, {"model": "hospital.patientcondition", "pk": 111, "fields": {"patient": 11, "hospital": 3, "condition": 6, "medical_record": 70, "recorded_by": 1, "condition_name": "Osteoarthritis And Hypertension", "severity": "moderate", "diagnosed_at": "2026-03-27", "resolved_at": null, "is_active": true, "notes": "Backdated seeded specialist follow-up.", "created_at": "2026-03-27T18:34:42.010Z"}}, {"model": "hospital.patientcondition", "pk": 112, "fields": {"patient": 11, "hospital": 3, "condition": null, "medical_record": 70, "recorded_by": 1, "condition_name": "Osteoarthritis", "severity": "moderate", "diagnosed_at": "2026-03-11", "resolved_at": null, "is_active": true, "notes": "Seeded condition linkage.", "created_at": "2026-03-27T18:34:42.296Z"}}, {"model": "hospital.patientcondition", "pk": 113, "fields": {"patient": 12, "hospital": 3, "condition": 12, "medical_record": 71, "recorded_by": 2, "condition_name": "Peptic Ulcer Disease", "severity": "moderate", "diagnosed_at": "2026-03-27", "resolved_at": null, "is_active": true, "notes": "Backdated seeded specialist follow-up.", "created_at": "2026-03-27T18:34:43.162Z"}}, {"model": "hospital.patientcondition", "pk": 114, "fields": {"patient": 12, "hospital": 3, "condition": null, "medical_record": 71, "recorded_by": 2, "condition_name": "Peptic ulcer disease", "severity": "moderate", "diagnosed_at": "2026-03-10", "resolved_at": null, "is_active": true, "notes": "Seeded condition linkage.", "created_at": "2026-03-27T18:34:43.359Z"}}, {"model": "hospital.patientcondition", "pk": 115, "fields": {"patient": 13, "hospital": 3, "condition": 13, "medical_record": 72, "recorded_by": 1, "condition_name": "Gallstones", "severity": "moderate", "diagnosed_at": "2026-03-27", "resolved_at": null, "is_active": true, "notes": "Backdated seeded specialist follow-up.", "created_at": "2026-03-27T18:34:43.911Z"}}, {"model": "hospital.patientcondition", "pk": 116, "fields": {"patient": 14, "hospital": 3, "condition": 14, "medical_record": 73, "recorded_by": 2, "condition_name": "Neonatal Jaundice", "severity": "moderate", "diagnosed_at": "2026-03-27", "resolved_at": null, "is_active": true, "notes": "Backdated seeded specialist follow-up.", "created_at": "2026-03-27T18:34:44.926Z"}}, {"model": "hospital.patientcondition", "pk": 117, "fields": {"patient": 14, "hospital": 3, "condition": null, "medical_record": 73, "recorded_by": 2, "condition_name": "Neonatal jaundice", "severity": "moderate", "diagnosed_at": "2026-03-08", "resolved_at": null, "is_active": true, "notes": "Seeded condition linkage.", "created_at": "2026-03-27T18:34:45.213Z"}}, {"model": "hospital.patientcondition", "pk": 118, "fields": {"patient": 15, "hospital": 3, "condition": 16, "medical_record": 74, "recorded_by": 1, "condition_name": "Pneumonia", "severity": "moderate", "diagnosed_at": "2026-03-27", "resolved_at": null, "is_active": true, "notes": "Backdated seeded specialist follow-up.", "created_at": "2026-03-27T18:34:45.791Z"}}, {"model": "hospital.patientcondition", "pk": 119, "fields": {"patient": 16, "hospital": 3, "condition": 18, "medical_record": 75, "recorded_by": 2, "condition_name": "Heart Failure Review", "severity": "moderate", "diagnosed_at": "2026-03-27", "resolved_at": null, "is_active": true, "notes": "Backdated seeded specialist follow-up.", "created_at": "2026-03-27T18:34:46.950Z"}}, {"model": "hospital.patientcondition", "pk": 120, "fields": {"patient": 16, "hospital": 3, "condition": null, "medical_record": 75, "recorded_by": 2, "condition_name": "Heart failure review", "severity": "moderate", "diagnosed_at": "2026-03-06", "resolved_at": null, "is_active": true, "notes": "Seeded condition linkage.", "created_at": "2026-03-27T18:34:47.315Z"}}, {"model": "hospital.patientcondition", "pk": 121, "fields": {"patient": 5, "hospital": 3, "condition": 8, "medical_record": 76, "recorded_by": 1, "condition_name": "Migraine And Dehydration", "severity": "moderate", "diagnosed_at": "2026-03-27", "resolved_at": null, "is_active": true, "notes": "Seeded walk-in consultation note.", "created_at": "2026-03-27T18:34:49.262Z"}}, {"model": "hospital.patientcondition", "pk": 122, "fields": {"patient": 6, "hospital": 3, "condition": 1, "medical_record": 77, "recorded_by": 2, "condition_name": "Type 2 Diabetes Mellitus", "severity": "moderate", "diagnosed_at": "2026-03-27", "resolved_at": null, "is_active": true, "notes": "Seeded walk-in consultation note.", "created_at": "2026-03-27T18:34:51.290Z"}}, {"model": "hospital.patientcondition", "pk": 123, "fields": {"patient": 7, "hospital": 3, "condition": 9, "medical_record": 78, "recorded_by": 1, "condition_name": "Iron Deficiency Anemia", "severity": "moderate", "diagnosed_at": "2026-03-27", "resolved_at": null, "is_active": true, "notes": "Seeded walk-in consultation note.", "created_at": "2026-03-27T18:34:53.042Z"}}, {"model": "hospital.patientcondition", "pk": 124, "fields": {"patient": 13, "hospital": 3, "condition": 13, "medical_record": 79, "recorded_by": 2, "condition_name": "Gallstones", "severity": "moderate", "diagnosed_at": "2026-03-27", "resolved_at": null, "is_active": true, "notes": "Seeded walk-in consultation note.", "created_at": "2026-03-27T18:34:55.428Z"}}, {"model": "hospital.patientcondition", "pk": 125, "fields": {"patient": 15, "hospital": 3, "condition": 16, "medical_record": 80, "recorded_by": 1, "condition_name": "Pneumonia", "severity": "moderate", "diagnosed_at": "2026-03-27", "resolved_at": null, "is_active": true, "notes": "Seeded walk-in consultation note.", "created_at": "2026-03-27T18:34:57.169Z"}}, {"model": "hospital.patientcondition", "pk": 126, "fields": {"patient": 5, "hospital": 3, "condition": 8, "medical_record": 81, "recorded_by": 1, "condition_name": "Migraine And Dehydration", "severity": "moderate", "diagnosed_at": "2026-03-27", "resolved_at": null, "is_active": true, "notes": "Backdated seeded specialist follow-up.", "created_at": "2026-03-27T19:04:12.567Z"}}, {"model": "hospital.patientcondition", "pk": 127, "fields": {"patient": 5, "hospital": 3, "condition": null, "medical_record": 81, "recorded_by": 1, "condition_name": "Migraine and dehydration", "severity": "moderate", "diagnosed_at": "2026-03-17", "resolved_at": null, "is_active": true, "notes": "Seeded condition linkage.", "created_at": "2026-03-27T19:04:12.763Z"}}, {"model": "hospital.patientcondition", "pk": 128, "fields": {"patient": 6, "hospital": 3, "condition": 1, "medical_record": 82, "recorded_by": 2, "condition_name": "Type 2 Diabetes Mellitus", "severity": "moderate", "diagnosed_at": "2026-03-27", "resolved_at": null, "is_active": true, "notes": "Backdated seeded specialist follow-up.", "created_at": "2026-03-27T19:04:15.906Z"}}, {"model": "hospital.patientcondition", "pk": 129, "fields": {"patient": 6, "hospital": 3, "condition": null, "medical_record": 82, "recorded_by": 2, "condition_name": "Type 2 diabetes mellitus", "severity": "moderate", "diagnosed_at": "2026-03-16", "resolved_at": null, "is_active": true, "notes": "Seeded condition linkage.", "created_at": "2026-03-27T19:04:16.118Z"}}, {"model": "hospital.patientcondition", "pk": 130, "fields": {"patient": 7, "hospital": 3, "condition": 9, "medical_record": 83, "recorded_by": 1, "condition_name": "Iron Deficiency Anemia", "severity": "moderate", "diagnosed_at": "2026-03-27", "resolved_at": null, "is_active": true, "notes": "Backdated seeded specialist follow-up.", "created_at": "2026-03-27T19:04:18.731Z"}}, {"model": "hospital.patientcondition", "pk": 131, "fields": {"patient": 7, "hospital": 3, "condition": null, "medical_record": 83, "recorded_by": 1, "condition_name": "Iron deficiency anemia", "severity": "moderate", "diagnosed_at": "2026-03-15", "resolved_at": null, "is_active": true, "notes": "Seeded condition linkage.", "created_at": "2026-03-27T19:04:19.069Z"}}, {"model": "hospital.patientcondition", "pk": 132, "fields": {"patient": 8, "hospital": 3, "condition": 10, "medical_record": 84, "recorded_by": 2, "condition_name": "Hypertension And Chronic Kidney Disease", "severity": "moderate", "diagnosed_at": "2026-03-27", "resolved_at": null, "is_active": true, "notes": "Backdated seeded specialist follow-up.", "created_at": "2026-03-27T19:04:22.585Z"}}, {"model": "hospital.patientcondition", "pk": 133, "fields": {"patient": 8, "hospital": 3, "condition": null, "medical_record": 84, "recorded_by": 2, "condition_name": "Hypertension and chronic kidney disease", "severity": "moderate", "diagnosed_at": "2026-03-14", "resolved_at": null, "is_active": true, "notes": "Seeded condition linkage.", "created_at": "2026-03-27T19:04:22.893Z"}}, {"model": "hospital.patientcondition", "pk": 134, "fields": {"patient": 9, "hospital": 3, "condition": 5, "medical_record": 85, "recorded_by": 1, "condition_name": "Bronchial Asthma", "severity": "moderate", "diagnosed_at": "2026-03-27", "resolved_at": null, "is_active": true, "notes": "Backdated seeded specialist follow-up.", "created_at": "2026-03-27T19:04:25.967Z"}}, {"model": "hospital.patientcondition", "pk": 135, "fields": {"patient": 9, "hospital": 3, "condition": null, "medical_record": 85, "recorded_by": 1, "condition_name": "Bronchial asthma", "severity": "moderate", "diagnosed_at": "2026-03-13", "resolved_at": null, "is_active": true, "notes": "Seeded condition linkage.", "created_at": "2026-03-27T19:04:26.910Z"}}, {"model": "hospital.patientcondition", "pk": 136, "fields": {"patient": 10, "hospital": 3, "condition": 11, "medical_record": 86, "recorded_by": 2, "condition_name": "Lumbar Disc Disease", "severity": "moderate", "diagnosed_at": "2026-03-27", "resolved_at": null, "is_active": true, "notes": "Backdated seeded specialist follow-up.", "created_at": "2026-03-27T19:04:28.704Z"}}, {"model": "hospital.patientcondition", "pk": 137, "fields": {"patient": 10, "hospital": 3, "condition": null, "medical_record": 86, "recorded_by": 2, "condition_name": "Lumbar disc disease", "severity": "moderate", "diagnosed_at": "2026-03-12", "resolved_at": null, "is_active": true, "notes": "Seeded condition linkage.", "created_at": "2026-03-27T19:04:29.095Z"}}, {"model": "hospital.patientcondition", "pk": 138, "fields": {"patient": 11, "hospital": 3, "condition": 6, "medical_record": 87, "recorded_by": 1, "condition_name": "Osteoarthritis And Hypertension", "severity": "moderate", "diagnosed_at": "2026-03-27", "resolved_at": null, "is_active": true, "notes": "Backdated seeded specialist follow-up.", "created_at": "2026-03-27T19:04:31.191Z"}}, {"model": "hospital.patientcondition", "pk": 139, "fields": {"patient": 11, "hospital": 3, "condition": null, "medical_record": 87, "recorded_by": 1, "condition_name": "Osteoarthritis", "severity": "moderate", "diagnosed_at": "2026-03-11", "resolved_at": null, "is_active": true, "notes": "Seeded condition linkage.", "created_at": "2026-03-27T19:04:31.675Z"}}, {"model": "hospital.patientcondition", "pk": 140, "fields": {"patient": 12, "hospital": 3, "condition": 12, "medical_record": 88, "recorded_by": 2, "condition_name": "Peptic Ulcer Disease", "severity": "moderate", "diagnosed_at": "2026-03-27", "resolved_at": null, "is_active": true, "notes": "Backdated seeded specialist follow-up.", "created_at": "2026-03-27T19:04:32.775Z"}}, {"model": "hospital.patientcondition", "pk": 141, "fields": {"patient": 12, "hospital": 3, "condition": null, "medical_record": 88, "recorded_by": 2, "condition_name": "Peptic ulcer disease", "severity": "moderate", "diagnosed_at": "2026-03-10", "resolved_at": null, "is_active": true, "notes": "Seeded condition linkage.", "created_at": "2026-03-27T19:04:33.058Z"}}, {"model": "hospital.patientcondition", "pk": 142, "fields": {"patient": 13, "hospital": 3, "condition": 13, "medical_record": 89, "recorded_by": 1, "condition_name": "Gallstones", "severity": "moderate", "diagnosed_at": "2026-03-27", "resolved_at": null, "is_active": true, "notes": "Backdated seeded specialist follow-up.", "created_at": "2026-03-27T19:04:33.859Z"}}, {"model": "hospital.patientcondition", "pk": 143, "fields": {"patient": 14, "hospital": 3, "condition": 14, "medical_record": 90, "recorded_by": 2, "condition_name": "Neonatal Jaundice", "severity": "moderate", "diagnosed_at": "2026-03-27", "resolved_at": null, "is_active": true, "notes": "Backdated seeded specialist follow-up.", "created_at": "2026-03-27T19:04:35.072Z"}}, {"model": "hospital.patientcondition", "pk": 144, "fields": {"patient": 14, "hospital": 3, "condition": null, "medical_record": 90, "recorded_by": 2, "condition_name": "Neonatal jaundice", "severity": "moderate", "diagnosed_at": "2026-03-08", "resolved_at": null, "is_active": true, "notes": "Seeded condition linkage.", "created_at": "2026-03-27T19:04:35.458Z"}}, {"model": "hospital.patientcondition", "pk": 145, "fields": {"patient": 15, "hospital": 3, "condition": 16, "medical_record": 91, "recorded_by": 1, "condition_name": "Pneumonia", "severity": "moderate", "diagnosed_at": "2026-03-27", "resolved_at": null, "is_active": true, "notes": "Backdated seeded specialist follow-up.", "created_at": "2026-03-27T19:04:36.110Z"}}, {"model": "hospital.patientcondition", "pk": 146, "fields": {"patient": 16, "hospital": 3, "condition": 18, "medical_record": 92, "recorded_by": 2, "condition_name": "Heart Failure Review", "severity": "moderate", "diagnosed_at": "2026-03-27", "resolved_at": null, "is_active": true, "notes": "Backdated seeded specialist follow-up.", "created_at": "2026-03-27T19:04:37.469Z"}}, {"model": "hospital.patientcondition", "pk": 147, "fields": {"patient": 16, "hospital": 3, "condition": null, "medical_record": 92, "recorded_by": 2, "condition_name": "Heart failure review", "severity": "moderate", "diagnosed_at": "2026-03-06", "resolved_at": null, "is_active": true, "notes": "Seeded condition linkage.", "created_at": "2026-03-27T19:04:37.767Z"}}, {"model": "hospital.patientcondition", "pk": 148, "fields": {"patient": 5, "hospital": 3, "condition": 8, "medical_record": 93, "recorded_by": 1, "condition_name": "Migraine And Dehydration", "severity": "moderate", "diagnosed_at": "2026-03-27", "resolved_at": null, "is_active": true, "notes": "Seeded walk-in consultation note.", "created_at": "2026-03-27T19:04:39.778Z"}}, {"model": "hospital.patientcondition", "pk": 149, "fields": {"patient": 6, "hospital": 3, "condition": 1, "medical_record": 94, "recorded_by": 2, "condition_name": "Type 2 Diabetes Mellitus", "severity": "moderate", "diagnosed_at": "2026-03-27", "resolved_at": null, "is_active": true, "notes": "Seeded walk-in consultation note.", "created_at": "2026-03-27T19:04:41.948Z"}}, {"model": "hospital.patientcondition", "pk": 150, "fields": {"patient": 7, "hospital": 3, "condition": 9, "medical_record": 95, "recorded_by": 1, "condition_name": "Iron Deficiency Anemia", "severity": "moderate", "diagnosed_at": "2026-03-27", "resolved_at": null, "is_active": true, "notes": "Seeded walk-in consultation note.", "created_at": "2026-03-27T19:04:43.365Z"}}, {"model": "hospital.patientcondition", "pk": 151, "fields": {"patient": 13, "hospital": 3, "condition": 13, "medical_record": 96, "recorded_by": 2, "condition_name": "Gallstones", "severity": "moderate", "diagnosed_at": "2026-03-27", "resolved_at": null, "is_active": true, "notes": "Seeded walk-in consultation note.", "created_at": "2026-03-27T19:04:45.253Z"}}, {"model": "hospital.patientcondition", "pk": 152, "fields": {"patient": 15, "hospital": 3, "condition": 16, "medical_record": 97, "recorded_by": 1, "condition_name": "Pneumonia", "severity": "moderate", "diagnosed_at": "2026-03-27", "resolved_at": null, "is_active": true, "notes": "Seeded walk-in consultation note.", "created_at": "2026-03-27T19:04:47.462Z"}}, {"model": "hospital.patientcondition", "pk": 153, "fields": {"patient": 5, "hospital": 3, "condition": 8, "medical_record": 98, "recorded_by": 1, "condition_name": "Migraine And Dehydration", "severity": "moderate", "diagnosed_at": "2026-03-27", "resolved_at": null, "is_active": true, "notes": "Backdated seeded specialist follow-up.", "created_at": "2026-03-27T19:34:40.275Z"}}, {"model": "hospital.patientcondition", "pk": 154, "fields": {"patient": 5, "hospital": 3, "condition": null, "medical_record": 98, "recorded_by": 1, "condition_name": "Migraine and dehydration", "severity": "moderate", "diagnosed_at": "2026-03-17", "resolved_at": null, "is_active": true, "notes": "Seeded condition linkage.", "created_at": "2026-03-27T19:34:40.497Z"}}, {"model": "hospital.patientcondition", "pk": 155, "fields": {"patient": 6, "hospital": 3, "condition": 1, "medical_record": 99, "recorded_by": 2, "condition_name": "Type 2 Diabetes Mellitus", "severity": "moderate", "diagnosed_at": "2026-03-27", "resolved_at": null, "is_active": true, "notes": "Backdated seeded specialist follow-up.", "created_at": "2026-03-27T19:34:43.393Z"}}, {"model": "hospital.patientcondition", "pk": 156, "fields": {"patient": 6, "hospital": 3, "condition": null, "medical_record": 99, "recorded_by": 2, "condition_name": "Type 2 diabetes mellitus", "severity": "moderate", "diagnosed_at": "2026-03-16", "resolved_at": null, "is_active": true, "notes": "Seeded condition linkage.", "created_at": "2026-03-27T19:34:43.630Z"}}, {"model": "hospital.patientcondition", "pk": 157, "fields": {"patient": 7, "hospital": 3, "condition": 9, "medical_record": 100, "recorded_by": 1, "condition_name": "Iron Deficiency Anemia", "severity": "moderate", "diagnosed_at": "2026-03-27", "resolved_at": null, "is_active": true, "notes": "Backdated seeded specialist follow-up.", "created_at": "2026-03-27T19:34:46.012Z"}}, {"model": "hospital.patientcondition", "pk": 158, "fields": {"patient": 7, "hospital": 3, "condition": null, "medical_record": 100, "recorded_by": 1, "condition_name": "Iron deficiency anemia", "severity": "moderate", "diagnosed_at": "2026-03-15", "resolved_at": null, "is_active": true, "notes": "Seeded condition linkage.", "created_at": "2026-03-27T19:34:46.334Z"}}, {"model": "hospital.patientcondition", "pk": 159, "fields": {"patient": 8, "hospital": 3, "condition": 10, "medical_record": 101, "recorded_by": 2, "condition_name": "Hypertension And Chronic Kidney Disease", "severity": "moderate", "diagnosed_at": "2026-03-27", "resolved_at": null, "is_active": true, "notes": "Backdated seeded specialist follow-up.", "created_at": "2026-03-27T19:34:49.402Z"}}, {"model": "hospital.patientcondition", "pk": 160, "fields": {"patient": 8, "hospital": 3, "condition": null, "medical_record": 101, "recorded_by": 2, "condition_name": "Hypertension and chronic kidney disease", "severity": "moderate", "diagnosed_at": "2026-03-14", "resolved_at": null, "is_active": true, "notes": "Seeded condition linkage.", "created_at": "2026-03-27T19:34:49.715Z"}}, {"model": "hospital.patientcondition", "pk": 161, "fields": {"patient": 9, "hospital": 3, "condition": 5, "medical_record": 102, "recorded_by": 1, "condition_name": "Bronchial Asthma", "severity": "moderate", "diagnosed_at": "2026-03-27", "resolved_at": null, "is_active": true, "notes": "Backdated seeded specialist follow-up.", "created_at": "2026-03-27T19:34:52.425Z"}}, {"model": "hospital.patientcondition", "pk": 162, "fields": {"patient": 9, "hospital": 3, "condition": null, "medical_record": 102, "recorded_by": 1, "condition_name": "Bronchial asthma", "severity": "moderate", "diagnosed_at": "2026-03-13", "resolved_at": null, "is_active": true, "notes": "Seeded condition linkage.", "created_at": "2026-03-27T19:34:52.650Z"}}, {"model": "hospital.patientcondition", "pk": 163, "fields": {"patient": 10, "hospital": 3, "condition": 11, "medical_record": 103, "recorded_by": 2, "condition_name": "Lumbar Disc Disease", "severity": "moderate", "diagnosed_at": "2026-03-27", "resolved_at": null, "is_active": true, "notes": "Backdated seeded specialist follow-up.", "created_at": "2026-03-27T19:34:54.686Z"}}, {"model": "hospital.patientcondition", "pk": 164, "fields": {"patient": 10, "hospital": 3, "condition": null, "medical_record": 103, "recorded_by": 2, "condition_name": "Lumbar disc disease", "severity": "moderate", "diagnosed_at": "2026-03-12", "resolved_at": null, "is_active": true, "notes": "Seeded condition linkage.", "created_at": "2026-03-27T19:34:54.916Z"}}, {"model": "hospital.patientcondition", "pk": 165, "fields": {"patient": 11, "hospital": 3, "condition": 6, "medical_record": 104, "recorded_by": 1, "condition_name": "Osteoarthritis And Hypertension", "severity": "moderate", "diagnosed_at": "2026-03-27", "resolved_at": null, "is_active": true, "notes": "Backdated seeded specialist follow-up.", "created_at": "2026-03-27T19:34:56.229Z"}}, {"model": "hospital.patientcondition", "pk": 166, "fields": {"patient": 11, "hospital": 3, "condition": null, "medical_record": 104, "recorded_by": 1, "condition_name": "Osteoarthritis", "severity": "moderate", "diagnosed_at": "2026-03-11", "resolved_at": null, "is_active": true, "notes": "Seeded condition linkage.", "created_at": "2026-03-27T19:34:56.696Z"}}, {"model": "hospital.patientcondition", "pk": 167, "fields": {"patient": 12, "hospital": 3, "condition": 12, "medical_record": 105, "recorded_by": 2, "condition_name": "Peptic Ulcer Disease", "severity": "moderate", "diagnosed_at": "2026-03-27", "resolved_at": null, "is_active": true, "notes": "Backdated seeded specialist follow-up.", "created_at": "2026-03-27T19:34:57.588Z"}}, {"model": "hospital.patientcondition", "pk": 168, "fields": {"patient": 12, "hospital": 3, "condition": null, "medical_record": 105, "recorded_by": 2, "condition_name": "Peptic ulcer disease", "severity": "moderate", "diagnosed_at": "2026-03-10", "resolved_at": null, "is_active": true, "notes": "Seeded condition linkage.", "created_at": "2026-03-27T19:34:57.818Z"}}, {"model": "hospital.patientcondition", "pk": 169, "fields": {"patient": 13, "hospital": 3, "condition": 13, "medical_record": 106, "recorded_by": 1, "condition_name": "Gallstones", "severity": "moderate", "diagnosed_at": "2026-03-27", "resolved_at": null, "is_active": true, "notes": "Backdated seeded specialist follow-up.", "created_at": "2026-03-27T19:34:58.497Z"}}, {"model": "hospital.patientcondition", "pk": 170, "fields": {"patient": 14, "hospital": 3, "condition": 14, "medical_record": 107, "recorded_by": 2, "condition_name": "Neonatal Jaundice", "severity": "moderate", "diagnosed_at": "2026-03-27", "resolved_at": null, "is_active": true, "notes": "Backdated seeded specialist follow-up.", "created_at": "2026-03-27T19:34:59.735Z"}}, {"model": "hospital.patientcondition", "pk": 171, "fields": {"patient": 14, "hospital": 3, "condition": null, "medical_record": 107, "recorded_by": 2, "condition_name": "Neonatal jaundice", "severity": "moderate", "diagnosed_at": "2026-03-08", "resolved_at": null, "is_active": true, "notes": "Seeded condition linkage.", "created_at": "2026-03-27T19:35:00.060Z"}}, {"model": "hospital.patientcondition", "pk": 172, "fields": {"patient": 15, "hospital": 3, "condition": 16, "medical_record": 108, "recorded_by": 1, "condition_name": "Pneumonia", "severity": "moderate", "diagnosed_at": "2026-03-27", "resolved_at": null, "is_active": true, "notes": "Backdated seeded specialist follow-up.", "created_at": "2026-03-27T19:35:00.881Z"}}, {"model": "hospital.patientcondition", "pk": 173, "fields": {"patient": 16, "hospital": 3, "condition": 18, "medical_record": 109, "recorded_by": 2, "condition_name": "Heart Failure Review", "severity": "moderate", "diagnosed_at": "2026-03-27", "resolved_at": null, "is_active": true, "notes": "Backdated seeded specialist follow-up.", "created_at": "2026-03-27T19:35:02.015Z"}}, {"model": "hospital.patientcondition", "pk": 174, "fields": {"patient": 16, "hospital": 3, "condition": null, "medical_record": 109, "recorded_by": 2, "condition_name": "Heart failure review", "severity": "moderate", "diagnosed_at": "2026-03-06", "resolved_at": null, "is_active": true, "notes": "Seeded condition linkage.", "created_at": "2026-03-27T19:35:02.533Z"}}, {"model": "hospital.patientcondition", "pk": 175, "fields": {"patient": 5, "hospital": 3, "condition": 8, "medical_record": 110, "recorded_by": 1, "condition_name": "Migraine And Dehydration", "severity": "moderate", "diagnosed_at": "2026-03-27", "resolved_at": null, "is_active": true, "notes": "Seeded walk-in consultation note.", "created_at": "2026-03-27T19:35:04.409Z"}}, {"model": "hospital.patientcondition", "pk": 176, "fields": {"patient": 6, "hospital": 3, "condition": 1, "medical_record": 111, "recorded_by": 2, "condition_name": "Type 2 Diabetes Mellitus", "severity": "moderate", "diagnosed_at": "2026-03-27", "resolved_at": null, "is_active": true, "notes": "Seeded walk-in consultation note.", "created_at": "2026-03-27T19:35:07.143Z"}}, {"model": "hospital.patientcondition", "pk": 177, "fields": {"patient": 7, "hospital": 3, "condition": 9, "medical_record": 112, "recorded_by": 1, "condition_name": "Iron Deficiency Anemia", "severity": "moderate", "diagnosed_at": "2026-03-27", "resolved_at": null, "is_active": true, "notes": "Seeded walk-in consultation note.", "created_at": "2026-03-27T19:35:08.701Z"}}, {"model": "hospital.patientcondition", "pk": 178, "fields": {"patient": 13, "hospital": 3, "condition": 13, "medical_record": 113, "recorded_by": 2, "condition_name": "Gallstones", "severity": "moderate", "diagnosed_at": "2026-03-27", "resolved_at": null, "is_active": true, "notes": "Seeded walk-in consultation note.", "created_at": "2026-03-27T19:35:10.862Z"}}, {"model": "hospital.patientcondition", "pk": 179, "fields": {"patient": 15, "hospital": 3, "condition": 16, "medical_record": 114, "recorded_by": 1, "condition_name": "Pneumonia", "severity": "moderate", "diagnosed_at": "2026-03-27", "resolved_at": null, "is_active": true, "notes": "Seeded walk-in consultation note.", "created_at": "2026-03-27T19:35:13.318Z"}}, {"model": "hospital.patientcondition", "pk": 180, "fields": {"patient": 7, "hospital": 3, "condition": 21, "medical_record": 115, "recorded_by": 2, "condition_name": "Admission Initiated", "severity": "moderate", "diagnosed_at": "2026-03-29", "resolved_at": null, "is_active": true, "notes": "jnjkfnjsnafi", "created_at": "2026-03-29T11:00:53.616Z"}}, {"model": "hospital.patientcondition", "pk": 181, "fields": {"patient": 7, "hospital": 3, "condition": 22, "medical_record": 116, "recorded_by": 2, "condition_name": "Bed Transfer Completed", "severity": "moderate", "diagnosed_at": "2026-03-29", "resolved_at": null, "is_active": true, "notes": "Patient appearing to be getting stable.", "created_at": "2026-03-29T11:09:44.419Z"}}, {"model": "hospital.patientcondition", "pk": 182, "fields": {"patient": 2, "hospital": 1, "condition": 23, "medical_record": 117, "recorded_by": 1, "condition_name": "Acute Malaria", "severity": "moderate", "diagnosed_at": "2026-03-29", "resolved_at": null, "is_active": true, "notes": "Please make sure patient is given proper regimen to handle the current malaria outbreak.", "created_at": "2026-03-29T09:58:39.929Z"}}, {"model": "hospital.operatingroom", "pk": 1, "fields": {"hospital": 1, "ward": 1, "room_number": "OR-1", "name": "Main Theatre", "is_available": true, "notes": ""}}, {"model": "hospital.operatingroom", "pk": 2, "fields": {"hospital": 2, "ward": 2, "room_number": "OR-2", "name": "Secondary Theatre", "is_available": true, "notes": ""}}, {"model": "hospital.operatingroom", "pk": 3, "fields": {"hospital": 3, "ward": 3, "room_number": "OR-3", "name": "Hooks Theatre", "is_available": true, "notes": ""}}, {"model": "hospital.operatingroom", "pk": 4, "fields": {"hospital": 3, "ward": 6, "room_number": "OR-A", "name": "Main Theatre", "is_available": true, "notes": ""}}, {"model": "hospital.operatingroom", "pk": 5, "fields": {"hospital": 3, "ward": 4, "room_number": "OR-B", "name": "Emergency Theatre", "is_available": true, "notes": ""}}, {"model": "hospital.surgicalcase", "pk": 1, "fields": {"patient": 2, "hospital": 1, "surgeon": 1, "operating_room": 1, "procedure_name": "Elective laparoscopic cholecystectomy", "procedure_code": "", "priority": "elective", "status": "past", "scheduled_start": "2026-03-28T07:30:00Z", "scheduled_end": "2026-03-28T09:30:00Z", "estimated_duration_minutes": 120, "anesthesia_type": "General anesthesia", "pre_op_assessment": "Fasting instructions and consent verification.", "post_op_summary": "", "notes": "Prep for theatre scheduling.", "created_at": "2026-03-25T15:19:16.513Z"}}, {"model": "hospital.surgicalcase", "pk": 2, "fields": {"patient": 9, "hospital": 3, "surgeon": 1, "operating_room": 4, "procedure_name": "Laparoscopic cholecystectomy", "procedure_code": "", "priority": "elective", "status": "past", "scheduled_start": "2026-03-25T16:42:29.050Z", "scheduled_end": "2026-03-25T18:12:29.050Z", "estimated_duration_minutes": 90, "anesthesia_type": "General anesthesia", "pre_op_assessment": "Seeded pre-op note.", "post_op_summary": "", "notes": "Seeded theatre workflow coverage.", "created_at": "2026-03-27T16:45:25.177Z"}}, {"model": "hospital.surgicalcase", "pk": 3, "fields": {"patient": 10, "hospital": 3, "surgeon": 2, "operating_room": 4, "procedure_name": "Arthroscopic knee repair", "procedure_code": "", "priority": "elective", "status": "recovery", "scheduled_start": "2026-03-26T16:42:29.050Z", "scheduled_end": "2026-03-26T18:32:29.050Z", "estimated_duration_minutes": 110, "anesthesia_type": "General anesthesia", "pre_op_assessment": "Seeded pre-op note.", "post_op_summary": "Seeded recovery note.", "notes": "Seeded theatre workflow coverage.", "created_at": "2026-03-27T16:45:25.335Z"}}, {"model": "hospital.surgicalcase", "pk": 4, "fields": {"patient": 11, "hospital": 3, "surgeon": 1, "operating_room": 5, "procedure_name": "Emergency appendectomy", "procedure_code": "", "priority": "urgent", "status": "completed", "scheduled_start": "2026-03-27T16:42:29.050Z", "scheduled_end": "2026-03-27T18:52:29.050Z", "estimated_duration_minutes": 130, "anesthesia_type": "General anesthesia", "pre_op_assessment": "Seeded pre-op note.", "post_op_summary": "Seeded recovery note.", "notes": "Seeded theatre workflow coverage.", "created_at": "2026-03-27T16:45:25.471Z"}}, {"model": "telemedicine.videoconsultation", "pk": 1, "fields": {"appointment": 2, "room_id": "3c3a5daf-1346-43ba-b297-6233908aaf5a", "start_time": "2026-03-27T17:33:21.941Z", "end_time": null, "status": "scheduled"}}, {"model": "telemedicine.videoconsultation", "pk": 2, "fields": {"appointment": 4, "room_id": "0cf9b4a7-f2bb-49d3-9083-10ca9bb707d2", "start_time": "2026-03-27T17:33:21.941Z", "end_time": null, "status": "scheduled"}}, {"model": "telemedicine.prescription", "pk": 1, "fields": {"consultation": 1, "doctor": 1, "patient": 5, "medications": "Paracetamol 500mg", "instructions": "Take one tablet every 8 hours as needed.", "issued_at": "2026-03-27T16:44:34.262Z"}}, {"model": "telemedicine.prescription", "pk": 2, "fields": {"consultation": 2, "doctor": 1, "patient": 7, "medications": "Paracetamol 500mg", "instructions": "Take one tablet every 8 hours as needed.", "issued_at": "2026-03-27T16:44:42.666Z"}}, {"model": "symptom_checker.symptomcheck", "pk": 1, "fields": {"user": 4, "symptoms": "Headaches, Fevers, Nausea, Blood in stool", "onset_summary": "", "progression": "", "intensity": null, "structured_context": {}, "predicted_disease": "Non-specific symptoms", "confidence": 0.52, "risk_level": "low", "guidance": "Arrange a professional consultation for a complete assessment.", "checked_at": "2026-03-26T05:20:43.380Z"}}, {"model": "symptom_checker.symptomcheck", "pk": 2, "fields": {"user": 4, "symptoms": "Headaches, Fevers, Nausea, Blood in stool", "onset_summary": "", "progression": "", "intensity": null, "structured_context": {}, "predicted_disease": "Non-specific symptoms", "confidence": 0.52, "risk_level": "low", "guidance": "Arrange a professional consultation for a complete assessment.", "checked_at": "2026-03-26T05:26:39.102Z"}}, {"model": "symptom_checker.symptomcheck", "pk": 3, "fields": {"user": 4, "symptoms": "Headaches, Fevers, Nausea, Blood in stool", "onset_summary": "", "progression": "", "intensity": null, "structured_context": {}, "predicted_disease": "Non-specific symptom pattern", "confidence": 0.55, "risk_level": "low", "guidance": "Arrange a professional consultation for a complete assessment.", "checked_at": "2026-03-26T05:59:15.184Z"}}, {"model": "symptom_checker.symptomcheck", "pk": 4, "fields": {"user": 4, "symptoms": "Fever, headaches, pain in the joints, lack of appetite. Started about three days ago. Headaches and fever getting more severe with vomiting and persistent nausea", "onset_summary": "", "progression": "", "intensity": null, "structured_context": {}, "predicted_disease": "Non-specific symptom pattern", "confidence": 0.55, "risk_level": "low", "guidance": "Arrange a professional consultation for a complete assessment.", "checked_at": "2026-03-26T06:02:02.609Z"}}, {"model": "symptom_checker.symptomcheck", "pk": 5, "fields": {"user": 4, "symptoms": "Fever, headaches, pain in the joints, lack of appetite. Started about three days ago. Headaches and fever getting more severe with vomiting and persistent nausea", "onset_summary": "", "progression": "", "intensity": null, "structured_context": {}, "predicted_disease": "Non-specific symptom pattern", "confidence": 0.55, "risk_level": "low", "guidance": "Arrange a professional consultation for a complete assessment.", "checked_at": "2026-03-26T06:06:25.486Z"}}, {"model": "symptom_checker.symptomcheck", "pk": 6, "fields": {"user": 9, "symptoms": "Fever, Persistent Cough and Chest pains, Flu", "onset_summary": "Started about 2 weeks ago", "progression": "fluctuating", "intensity": 5, "structured_context": {"symptoms": "Fever, Persistent Cough and Chest pains, Flu", "onset_summary": "Started about 2 weeks ago", "progression": "fluctuating", "intensity": 5}, "predicted_disease": "Potential serious respiratory infection (e.g., Pneumonia, Bronchitis) or other acute respiratory condition.", "confidence": 0.85, "risk_level": "high", "guidance": "Given the persistent cough, fever, and especially the presence of chest pains, immediate medical evaluation is strongly recommended. Chest pain, particularly when associated with respiratory symptoms and fever, can indicate a serious underlying condition requiring prompt diagnosis and treatment. Do not delay seeking professional medical attention.", "checked_at": "2026-03-26T07:48:47.487Z"}}, {"model": "symptom_checker.symptomcheck", "pk": 7, "fields": {"user": 22, "symptoms": "Pain on my left lower abdomen, comes and goes away but mostly after heavy drinking sprees, urine always darkly coloured after drinks, this causes pain as i walk sometimes, seams to be extending to the right side since i feel such pains at times when i walk.", "onset_summary": "About 5 months ago", "progression": "fluctuating", "intensity": 4, "structured_context": {"symptoms": "Pain on my left lower abdomen, comes and goes away but mostly after heavy drinking sprees, urine always darkly coloured after drinks, this causes pain as i walk sometimes, seams to be extending to the right side since i feel such pains at times when i walk.", "onset_summary": "About 5 months ago", "progression": "fluctuating", "intensity": 4}, "predicted_disease": "Non-specific symptom pattern", "confidence": 0.55, "risk_level": "low", "guidance": "Arrange a professional consultation for a complete assessment.", "checked_at": "2026-03-29T05:13:31.437Z"}}, {"model": "symptom_checker.symptomcheck", "pk": 8, "fields": {"user": 22, "symptoms": "Pain on my left lower abdomen, comes and goes away but mostly after heavy drinking sprees, urine always darkly coloured after drinks, this causes pain as i walk sometimes, seams to be extending to the right side since i feel such pains at times when i walk.", "onset_summary": "About 5 months ago", "progression": "fluctuating", "intensity": 4, "structured_context": {"symptoms": "Pain on my left lower abdomen, comes and goes away but mostly after heavy drinking sprees, urine always darkly coloured after drinks, this causes pain as i walk sometimes, seams to be extending to the right side since i feel such pains at times when i walk.", "onset_summary": "About 5 months ago", "progression": "fluctuating", "intensity": 4}, "predicted_disease": "Non-specific symptom pattern", "confidence": 0.55, "risk_level": "low", "guidance": "Arrange a professional consultation for a complete assessment.", "checked_at": "2026-03-29T05:15:13.827Z"}}, {"model": "symptom_checker.symptomcheck", "pk": 9, "fields": {"user": 41, "symptoms": "Watery stool as though food was never digested, diarrhea, stomach pains, headaches and fever. Started about two days ago after eating out.", "onset_summary": "Two days ago", "progression": "fluctuating", "intensity": 6, "structured_context": {"symptoms": "Watery stool as though food was never digested, diarrhea, stomach pains, headaches and fever. Started about two days ago after eating out.", "onset_summary": "Two days ago", "progression": "fluctuating", "intensity": 6}, "predicted_disease": "Non-specific symptom pattern", "confidence": 0.55, "risk_level": "low", "guidance": "Arrange a professional consultation for a complete assessment.", "checked_at": "2026-03-30T19:56:06.642Z"}}, {"model": "symptom_checker.symptomcheck", "pk": 10, "fields": {"user": 41, "symptoms": "Watery stool as though food was never digested, diarrhea, stomach pains, headaches and fever. Started about two days ago after eating out.", "onset_summary": "", "progression": "stable", "intensity": null, "structured_context": {"symptoms": "Watery stool as though food was never digested, diarrhea, stomach pains, headaches and fever. Started about two days ago after eating out.", "onset_summary": "", "progression": "stable", "intensity": null, "clinical_rationale": "The available symptom details suggest a non-specific pattern, so a cautious structured review is safer than overcommitting to one diagnosis.", "care_setting": "outpatient_review", "differential_diagnoses": ["Non-specific viral illness", "Mild dehydration or recovery-related symptoms", "Medication, stress, or sleep-related presentation"], "recommended_evaluation": ["Clarify the exact start time and recent progression of symptoms.", "Review temperature, hydration, appetite, and medication use.", "Escalate to in-person review if symptoms are persistent or worsening."]}, "predicted_disease": "Non-specific symptom pattern", "confidence": 0.55, "risk_level": "low", "guidance": "Arrange a professional consultation for a complete assessment.", "checked_at": "2026-03-30T20:18:11.363Z"}}, {"model": "pharmacy.medicine", "pk": 1, "fields": {"name": "Amoxicillin 500mg", "description": "Amoxicillin 500mg stock item", "price": "12.50", "stock_quantity": 120, "requires_prescription": true}}, {"model": "pharmacy.medicine", "pk": 2, "fields": {"name": "Paracetamol 500mg", "description": "Paracetamol 500mg stock item", "price": "4.00", "stock_quantity": 120, "requires_prescription": true}}, {"model": "pharmacy.medicine", "pk": 3, "fields": {"name": "Metformin 500mg", "description": "Metformin 500mg stock item", "price": "9.80", "stock_quantity": 120, "requires_prescription": true}}, {"model": "pharmacy.medicine", "pk": 4, "fields": {"name": "Salbutamol inhaler", "description": "Salbutamol inhaler stock item", "price": "22.00", "stock_quantity": 120, "requires_prescription": true}}, {"model": "pharmacy.order", "pk": 1, "fields": {"patient": 5, "total_amount": "16.50", "status": "delivered", "prescription_file": "", "created_at": "2026-03-27T16:44:34.475Z"}}, {"model": "pharmacy.order", "pk": 2, "fields": {"patient": 6, "total_amount": "16.50", "status": "confirmed", "prescription_file": "", "created_at": "2026-03-27T16:44:38.442Z"}}, {"model": "pharmacy.order", "pk": 3, "fields": {"patient": 7, "total_amount": "16.50", "status": "delivered", "prescription_file": "", "created_at": "2026-03-27T16:44:42.801Z"}}, {"model": "pharmacy.order", "pk": 4, "fields": {"patient": 8, "total_amount": "16.50", "status": "confirmed", "prescription_file": "", "created_at": "2026-03-27T16:44:46.551Z"}}, {"model": "pharmacy.order", "pk": 5, "fields": {"patient": 9, "total_amount": "16.50", "status": "delivered", "prescription_file": "", "created_at": "2026-03-27T16:44:50.880Z"}}, {"model": "pharmacy.order", "pk": 6, "fields": {"patient": 5, "total_amount": "16.50", "status": "delivered", "prescription_file": "", "created_at": "2026-03-27T18:27:45.820Z"}}, {"model": "pharmacy.order", "pk": 7, "fields": {"patient": 6, "total_amount": "16.50", "status": "confirmed", "prescription_file": "", "created_at": "2026-03-27T18:27:47.955Z"}}, {"model": "pharmacy.order", "pk": 8, "fields": {"patient": 7, "total_amount": "16.50", "status": "delivered", "prescription_file": "", "created_at": "2026-03-27T18:27:51.777Z"}}, {"model": "pharmacy.order", "pk": 9, "fields": {"patient": 8, "total_amount": "16.50", "status": "confirmed", "prescription_file": "", "created_at": "2026-03-27T18:27:54.665Z"}}, {"model": "pharmacy.order", "pk": 10, "fields": {"patient": 9, "total_amount": "16.50", "status": "delivered", "prescription_file": "", "created_at": "2026-03-27T18:27:58.423Z"}}, {"model": "pharmacy.order", "pk": 11, "fields": {"patient": 5, "total_amount": "16.50", "status": "delivered", "prescription_file": "", "created_at": "2026-03-27T18:31:13.538Z"}}, {"model": "pharmacy.order", "pk": 12, "fields": {"patient": 6, "total_amount": "16.50", "status": "confirmed", "prescription_file": "", "created_at": "2026-03-27T18:31:15.668Z"}}, {"model": "pharmacy.order", "pk": 13, "fields": {"patient": 7, "total_amount": "16.50", "status": "delivered", "prescription_file": "", "created_at": "2026-03-27T18:31:18.168Z"}}, {"model": "pharmacy.order", "pk": 14, "fields": {"patient": 8, "total_amount": "16.50", "status": "confirmed", "prescription_file": "", "created_at": "2026-03-27T18:31:20.268Z"}}, {"model": "pharmacy.order", "pk": 15, "fields": {"patient": 9, "total_amount": "16.50", "status": "delivered", "prescription_file": "", "created_at": "2026-03-27T18:31:23.674Z"}}, {"model": "pharmacy.order", "pk": 16, "fields": {"patient": 5, "total_amount": "16.50", "status": "delivered", "prescription_file": "", "created_at": "2026-03-27T18:34:28.924Z"}}, {"model": "pharmacy.order", "pk": 17, "fields": {"patient": 6, "total_amount": "16.50", "status": "confirmed", "prescription_file": "", "created_at": "2026-03-27T18:34:31.184Z"}}, {"model": "pharmacy.order", "pk": 18, "fields": {"patient": 7, "total_amount": "16.50", "status": "delivered", "prescription_file": "", "created_at": "2026-03-27T18:34:34.120Z"}}, {"model": "pharmacy.order", "pk": 19, "fields": {"patient": 8, "total_amount": "16.50", "status": "confirmed", "prescription_file": "", "created_at": "2026-03-27T18:34:36.855Z"}}, {"model": "pharmacy.order", "pk": 20, "fields": {"patient": 9, "total_amount": "16.50", "status": "delivered", "prescription_file": "", "created_at": "2026-03-27T18:34:39.568Z"}}, {"model": "pharmacy.order", "pk": 21, "fields": {"patient": 5, "total_amount": "16.50", "status": "delivered", "prescription_file": "", "created_at": "2026-03-27T19:04:14.923Z"}}, {"model": "pharmacy.order", "pk": 22, "fields": {"patient": 6, "total_amount": "16.50", "status": "confirmed", "prescription_file": "", "created_at": "2026-03-27T19:04:17.617Z"}}, {"model": "pharmacy.order", "pk": 23, "fields": {"patient": 7, "total_amount": "16.50", "status": "delivered", "prescription_file": "", "created_at": "2026-03-27T19:04:21.650Z"}}, {"model": "pharmacy.order", "pk": 24, "fields": {"patient": 8, "total_amount": "16.50", "status": "confirmed", "prescription_file": "", "created_at": "2026-03-27T19:04:25.136Z"}}, {"model": "pharmacy.order", "pk": 25, "fields": {"patient": 9, "total_amount": "16.50", "status": "delivered", "prescription_file": "", "created_at": "2026-03-27T19:04:28.171Z"}}, {"model": "pharmacy.order", "pk": 26, "fields": {"patient": 5, "total_amount": "16.50", "status": "delivered", "prescription_file": "", "created_at": "2026-03-27T19:34:42.411Z"}}, {"model": "pharmacy.order", "pk": 27, "fields": {"patient": 6, "total_amount": "16.50", "status": "confirmed", "prescription_file": "", "created_at": "2026-03-27T19:34:44.972Z"}}, {"model": "pharmacy.order", "pk": 28, "fields": {"patient": 7, "total_amount": "16.50", "status": "delivered", "prescription_file": "", "created_at": "2026-03-27T19:34:48.013Z"}}, {"model": "pharmacy.order", "pk": 29, "fields": {"patient": 8, "total_amount": "16.50", "status": "confirmed", "prescription_file": "", "created_at": "2026-03-27T19:34:51.675Z"}}, {"model": "pharmacy.order", "pk": 30, "fields": {"patient": 9, "total_amount": "16.50", "status": "delivered", "prescription_file": "", "created_at": "2026-03-27T19:34:54.052Z"}}, {"model": "pharmacy.orderitem", "pk": 1, "fields": {"order": 1, "medicine": 2, "quantity": 2, "price": "4.00"}}, {"model": "pharmacy.orderitem", "pk": 2, "fields": {"order": 1, "medicine": 1, "quantity": 1, "price": "12.50"}}, {"model": "pharmacy.orderitem", "pk": 3, "fields": {"order": 2, "medicine": 2, "quantity": 2, "price": "4.00"}}, {"model": "pharmacy.orderitem", "pk": 4, "fields": {"order": 2, "medicine": 1, "quantity": 1, "price": "12.50"}}, {"model": "pharmacy.orderitem", "pk": 5, "fields": {"order": 3, "medicine": 2, "quantity": 2, "price": "4.00"}}, {"model": "pharmacy.orderitem", "pk": 6, "fields": {"order": 3, "medicine": 1, "quantity": 1, "price": "12.50"}}, {"model": "pharmacy.orderitem", "pk": 7, "fields": {"order": 4, "medicine": 2, "quantity": 2, "price": "4.00"}}, {"model": "pharmacy.orderitem", "pk": 8, "fields": {"order": 4, "medicine": 1, "quantity": 1, "price": "12.50"}}, {"model": "pharmacy.orderitem", "pk": 9, "fields": {"order": 5, "medicine": 2, "quantity": 2, "price": "4.00"}}, {"model": "pharmacy.orderitem", "pk": 10, "fields": {"order": 5, "medicine": 1, "quantity": 1, "price": "12.50"}}, {"model": "pharmacy.orderitem", "pk": 11, "fields": {"order": 6, "medicine": 2, "quantity": 2, "price": "4.00"}}, {"model": "pharmacy.orderitem", "pk": 12, "fields": {"order": 6, "medicine": 1, "quantity": 1, "price": "12.50"}}, {"model": "pharmacy.orderitem", "pk": 13, "fields": {"order": 7, "medicine": 2, "quantity": 2, "price": "4.00"}}, {"model": "pharmacy.orderitem", "pk": 14, "fields": {"order": 7, "medicine": 1, "quantity": 1, "price": "12.50"}}, {"model": "pharmacy.orderitem", "pk": 15, "fields": {"order": 8, "medicine": 2, "quantity": 2, "price": "4.00"}}, {"model": "pharmacy.orderitem", "pk": 16, "fields": {"order": 8, "medicine": 1, "quantity": 1, "price": "12.50"}}, {"model": "pharmacy.orderitem", "pk": 17, "fields": {"order": 9, "medicine": 2, "quantity": 2, "price": "4.00"}}, {"model": "pharmacy.orderitem", "pk": 18, "fields": {"order": 9, "medicine": 1, "quantity": 1, "price": "12.50"}}, {"model": "pharmacy.orderitem", "pk": 19, "fields": {"order": 10, "medicine": 2, "quantity": 2, "price": "4.00"}}, {"model": "pharmacy.orderitem", "pk": 20, "fields": {"order": 10, "medicine": 1, "quantity": 1, "price": "12.50"}}, {"model": "pharmacy.orderitem", "pk": 21, "fields": {"order": 11, "medicine": 2, "quantity": 2, "price": "4.00"}}, {"model": "pharmacy.orderitem", "pk": 22, "fields": {"order": 11, "medicine": 1, "quantity": 1, "price": "12.50"}}, {"model": "pharmacy.orderitem", "pk": 23, "fields": {"order": 12, "medicine": 2, "quantity": 2, "price": "4.00"}}, {"model": "pharmacy.orderitem", "pk": 24, "fields": {"order": 12, "medicine": 1, "quantity": 1, "price": "12.50"}}, {"model": "pharmacy.orderitem", "pk": 25, "fields": {"order": 13, "medicine": 2, "quantity": 2, "price": "4.00"}}, {"model": "pharmacy.orderitem", "pk": 26, "fields": {"order": 13, "medicine": 1, "quantity": 1, "price": "12.50"}}, {"model": "pharmacy.orderitem", "pk": 27, "fields": {"order": 14, "medicine": 2, "quantity": 2, "price": "4.00"}}, {"model": "pharmacy.orderitem", "pk": 28, "fields": {"order": 14, "medicine": 1, "quantity": 1, "price": "12.50"}}, {"model": "pharmacy.orderitem", "pk": 29, "fields": {"order": 15, "medicine": 2, "quantity": 2, "price": "4.00"}}, {"model": "pharmacy.orderitem", "pk": 30, "fields": {"order": 15, "medicine": 1, "quantity": 1, "price": "12.50"}}, {"model": "pharmacy.orderitem", "pk": 31, "fields": {"order": 16, "medicine": 2, "quantity": 2, "price": "4.00"}}, {"model": "pharmacy.orderitem", "pk": 32, "fields": {"order": 16, "medicine": 1, "quantity": 1, "price": "12.50"}}, {"model": "pharmacy.orderitem", "pk": 33, "fields": {"order": 17, "medicine": 2, "quantity": 2, "price": "4.00"}}, {"model": "pharmacy.orderitem", "pk": 34, "fields": {"order": 17, "medicine": 1, "quantity": 1, "price": "12.50"}}, {"model": "pharmacy.orderitem", "pk": 35, "fields": {"order": 18, "medicine": 2, "quantity": 2, "price": "4.00"}}, {"model": "pharmacy.orderitem", "pk": 36, "fields": {"order": 18, "medicine": 1, "quantity": 1, "price": "12.50"}}, {"model": "pharmacy.orderitem", "pk": 37, "fields": {"order": 19, "medicine": 2, "quantity": 2, "price": "4.00"}}, {"model": "pharmacy.orderitem", "pk": 38, "fields": {"order": 19, "medicine": 1, "quantity": 1, "price": "12.50"}}, {"model": "pharmacy.orderitem", "pk": 39, "fields": {"order": 20, "medicine": 2, "quantity": 2, "price": "4.00"}}, {"model": "pharmacy.orderitem", "pk": 40, "fields": {"order": 20, "medicine": 1, "quantity": 1, "price": "12.50"}}, {"model": "pharmacy.orderitem", "pk": 41, "fields": {"order": 21, "medicine": 2, "quantity": 2, "price": "4.00"}}, {"model": "pharmacy.orderitem", "pk": 42, "fields": {"order": 21, "medicine": 1, "quantity": 1, "price": "12.50"}}, {"model": "pharmacy.orderitem", "pk": 43, "fields": {"order": 22, "medicine": 2, "quantity": 2, "price": "4.00"}}, {"model": "pharmacy.orderitem", "pk": 44, "fields": {"order": 22, "medicine": 1, "quantity": 1, "price": "12.50"}}, {"model": "pharmacy.orderitem", "pk": 45, "fields": {"order": 23, "medicine": 2, "quantity": 2, "price": "4.00"}}, {"model": "pharmacy.orderitem", "pk": 46, "fields": {"order": 23, "medicine": 1, "quantity": 1, "price": "12.50"}}, {"model": "pharmacy.orderitem", "pk": 47, "fields": {"order": 24, "medicine": 2, "quantity": 2, "price": "4.00"}}, {"model": "pharmacy.orderitem", "pk": 48, "fields": {"order": 24, "medicine": 1, "quantity": 1, "price": "12.50"}}, {"model": "pharmacy.orderitem", "pk": 49, "fields": {"order": 25, "medicine": 2, "quantity": 2, "price": "4.00"}}, {"model": "pharmacy.orderitem", "pk": 50, "fields": {"order": 25, "medicine": 1, "quantity": 1, "price": "12.50"}}, {"model": "pharmacy.orderitem", "pk": 51, "fields": {"order": 26, "medicine": 2, "quantity": 2, "price": "4.00"}}, {"model": "pharmacy.orderitem", "pk": 52, "fields": {"order": 26, "medicine": 1, "quantity": 1, "price": "12.50"}}, {"model": "pharmacy.orderitem", "pk": 53, "fields": {"order": 27, "medicine": 2, "quantity": 2, "price": "4.00"}}, {"model": "pharmacy.orderitem", "pk": 54, "fields": {"order": 27, "medicine": 1, "quantity": 1, "price": "12.50"}}, {"model": "pharmacy.orderitem", "pk": 55, "fields": {"order": 28, "medicine": 2, "quantity": 2, "price": "4.00"}}, {"model": "pharmacy.orderitem", "pk": 56, "fields": {"order": 28, "medicine": 1, "quantity": 1, "price": "12.50"}}, {"model": "pharmacy.orderitem", "pk": 57, "fields": {"order": 29, "medicine": 2, "quantity": 2, "price": "4.00"}}, {"model": "pharmacy.orderitem", "pk": 58, "fields": {"order": 29, "medicine": 1, "quantity": 1, "price": "12.50"}}, {"model": "pharmacy.orderitem", "pk": 59, "fields": {"order": 30, "medicine": 2, "quantity": 2, "price": "4.00"}}, {"model": "pharmacy.orderitem", "pk": 60, "fields": {"order": 30, "medicine": 1, "quantity": 1, "price": "12.50"}}, {"model": "pharmacy.refillreminder", "pk": 1, "fields": {"medicine": 2, "patient": 5, "reminder_date": "2026-04-26", "sent": false}}, {"model": "pharmacy.refillreminder", "pk": 2, "fields": {"medicine": 1, "patient": 5, "reminder_date": "2026-04-26", "sent": false}}, {"model": "pharmacy.refillreminder", "pk": 3, "fields": {"medicine": 2, "patient": 6, "reminder_date": "2026-04-26", "sent": false}}, {"model": "pharmacy.refillreminder", "pk": 4, "fields": {"medicine": 1, "patient": 6, "reminder_date": "2026-04-26", "sent": false}}, {"model": "pharmacy.refillreminder", "pk": 5, "fields": {"medicine": 2, "patient": 7, "reminder_date": "2026-04-26", "sent": false}}, {"model": "pharmacy.refillreminder", "pk": 6, "fields": {"medicine": 1, "patient": 7, "reminder_date": "2026-04-26", "sent": false}}, {"model": "pharmacy.refillreminder", "pk": 7, "fields": {"medicine": 2, "patient": 8, "reminder_date": "2026-04-26", "sent": false}}, {"model": "pharmacy.refillreminder", "pk": 8, "fields": {"medicine": 1, "patient": 8, "reminder_date": "2026-04-26", "sent": false}}, {"model": "pharmacy.refillreminder", "pk": 9, "fields": {"medicine": 2, "patient": 9, "reminder_date": "2026-04-26", "sent": false}}, {"model": "pharmacy.refillreminder", "pk": 10, "fields": {"medicine": 1, "patient": 9, "reminder_date": "2026-04-26", "sent": false}}, {"model": "mental_health.counselor", "pk": 1, "fields": {"user": 33, "specialization": "Trauma support", "bio": ""}}, {"model": "mental_health.counselor", "pk": 2, "fields": {"user": 34, "specialization": "Family counseling", "bio": ""}}, {"model": "mental_health.therapysession", "pk": 1, "fields": {"patient": 10, "counselor": 1, "scheduled_time": "2026-03-24T16:42:29.050Z", "status": "completed", "notes": "Seeded wellbeing follow-up.", "created_at": "2026-03-23T16:42:29.050Z"}}, {"model": "mental_health.therapysession", "pk": 2, "fields": {"patient": 11, "counselor": 2, "scheduled_time": "2026-03-23T16:42:29.050Z", "status": "scheduled", "notes": "Seeded wellbeing follow-up.", "created_at": "2026-03-22T16:42:29.050Z"}}, {"model": "mental_health.therapysession", "pk": 3, "fields": {"patient": 12, "counselor": 1, "scheduled_time": "2026-03-22T16:42:29.050Z", "status": "completed", "notes": "Seeded wellbeing follow-up.", "created_at": "2026-03-21T16:42:29.050Z"}}, {"model": "mental_health.therapysession", "pk": 4, "fields": {"patient": 13, "counselor": 2, "scheduled_time": "2026-03-21T16:42:29.050Z", "status": "scheduled", "notes": "Seeded wellbeing follow-up.", "created_at": "2026-03-20T16:42:29.050Z"}}, {"model": "mental_health.therapysession", "pk": 5, "fields": {"patient": 14, "counselor": 1, "scheduled_time": "2026-03-20T16:42:29.050Z", "status": "completed", "notes": "Seeded wellbeing follow-up.", "created_at": "2026-03-19T16:42:29.050Z"}}, {"model": "mental_health.therapysession", "pk": 6, "fields": {"patient": 15, "counselor": 2, "scheduled_time": "2026-03-19T16:42:29.050Z", "status": "scheduled", "notes": "Seeded wellbeing follow-up.", "created_at": "2026-03-18T16:42:29.050Z"}}, {"model": "mental_health.therapysession", "pk": 7, "fields": {"patient": 10, "counselor": 1, "scheduled_time": "2026-03-24T18:26:25.570Z", "status": "completed", "notes": "Seeded wellbeing follow-up.", "created_at": "2026-03-23T18:26:25.570Z"}}, {"model": "mental_health.therapysession", "pk": 8, "fields": {"patient": 11, "counselor": 2, "scheduled_time": "2026-03-23T18:26:25.570Z", "status": "scheduled", "notes": "Seeded wellbeing follow-up.", "created_at": "2026-03-22T18:26:25.570Z"}}, {"model": "mental_health.therapysession", "pk": 9, "fields": {"patient": 12, "counselor": 1, "scheduled_time": "2026-03-22T18:26:25.570Z", "status": "completed", "notes": "Seeded wellbeing follow-up.", "created_at": "2026-03-21T18:26:25.570Z"}}, {"model": "mental_health.therapysession", "pk": 10, "fields": {"patient": 13, "counselor": 2, "scheduled_time": "2026-03-21T18:26:25.570Z", "status": "scheduled", "notes": "Seeded wellbeing follow-up.", "created_at": "2026-03-20T18:26:25.570Z"}}, {"model": "mental_health.therapysession", "pk": 11, "fields": {"patient": 14, "counselor": 1, "scheduled_time": "2026-03-20T18:26:25.570Z", "status": "completed", "notes": "Seeded wellbeing follow-up.", "created_at": "2026-03-19T18:26:25.570Z"}}, {"model": "mental_health.therapysession", "pk": 12, "fields": {"patient": 15, "counselor": 2, "scheduled_time": "2026-03-19T18:26:25.570Z", "status": "scheduled", "notes": "Seeded wellbeing follow-up.", "created_at": "2026-03-18T18:26:25.570Z"}}, {"model": "mental_health.therapysession", "pk": 13, "fields": {"patient": 10, "counselor": 1, "scheduled_time": "2026-03-24T18:29:53.531Z", "status": "completed", "notes": "Seeded wellbeing follow-up.", "created_at": "2026-03-23T18:29:53.531Z"}}, {"model": "mental_health.therapysession", "pk": 14, "fields": {"patient": 11, "counselor": 2, "scheduled_time": "2026-03-23T18:29:53.531Z", "status": "scheduled", "notes": "Seeded wellbeing follow-up.", "created_at": "2026-03-22T18:29:53.531Z"}}, {"model": "mental_health.therapysession", "pk": 15, "fields": {"patient": 12, "counselor": 1, "scheduled_time": "2026-03-22T18:29:53.531Z", "status": "completed", "notes": "Seeded wellbeing follow-up.", "created_at": "2026-03-21T18:29:53.531Z"}}, {"model": "mental_health.therapysession", "pk": 16, "fields": {"patient": 13, "counselor": 2, "scheduled_time": "2026-03-21T18:29:53.531Z", "status": "scheduled", "notes": "Seeded wellbeing follow-up.", "created_at": "2026-03-20T18:29:53.531Z"}}, {"model": "mental_health.therapysession", "pk": 17, "fields": {"patient": 14, "counselor": 1, "scheduled_time": "2026-03-20T18:29:53.531Z", "status": "completed", "notes": "Seeded wellbeing follow-up.", "created_at": "2026-03-19T18:29:53.531Z"}}, {"model": "mental_health.therapysession", "pk": 18, "fields": {"patient": 15, "counselor": 2, "scheduled_time": "2026-03-19T18:29:53.531Z", "status": "scheduled", "notes": "Seeded wellbeing follow-up.", "created_at": "2026-03-18T18:29:53.531Z"}}, {"model": "mental_health.therapysession", "pk": 19, "fields": {"patient": 10, "counselor": 1, "scheduled_time": "2026-03-24T18:33:14.371Z", "status": "completed", "notes": "Seeded wellbeing follow-up.", "created_at": "2026-03-23T18:33:14.371Z"}}, {"model": "mental_health.therapysession", "pk": 20, "fields": {"patient": 11, "counselor": 2, "scheduled_time": "2026-03-23T18:33:14.371Z", "status": "scheduled", "notes": "Seeded wellbeing follow-up.", "created_at": "2026-03-22T18:33:14.371Z"}}, {"model": "mental_health.therapysession", "pk": 21, "fields": {"patient": 12, "counselor": 1, "scheduled_time": "2026-03-22T18:33:14.371Z", "status": "completed", "notes": "Seeded wellbeing follow-up.", "created_at": "2026-03-21T18:33:14.371Z"}}, {"model": "mental_health.therapysession", "pk": 22, "fields": {"patient": 13, "counselor": 2, "scheduled_time": "2026-03-21T18:33:14.371Z", "status": "scheduled", "notes": "Seeded wellbeing follow-up.", "created_at": "2026-03-20T18:33:14.371Z"}}, {"model": "mental_health.therapysession", "pk": 23, "fields": {"patient": 14, "counselor": 1, "scheduled_time": "2026-03-20T18:33:14.371Z", "status": "completed", "notes": "Seeded wellbeing follow-up.", "created_at": "2026-03-19T18:33:14.371Z"}}, {"model": "mental_health.therapysession", "pk": 24, "fields": {"patient": 15, "counselor": 2, "scheduled_time": "2026-03-19T18:33:14.371Z", "status": "scheduled", "notes": "Seeded wellbeing follow-up.", "created_at": "2026-03-18T18:33:14.371Z"}}, {"model": "mental_health.therapysession", "pk": 25, "fields": {"patient": 10, "counselor": 1, "scheduled_time": "2026-03-24T19:02:24.779Z", "status": "completed", "notes": "Seeded wellbeing follow-up.", "created_at": "2026-03-23T19:02:24.779Z"}}, {"model": "mental_health.therapysession", "pk": 26, "fields": {"patient": 11, "counselor": 2, "scheduled_time": "2026-03-23T19:02:24.779Z", "status": "scheduled", "notes": "Seeded wellbeing follow-up.", "created_at": "2026-03-22T19:02:24.779Z"}}, {"model": "mental_health.therapysession", "pk": 27, "fields": {"patient": 12, "counselor": 1, "scheduled_time": "2026-03-22T19:02:24.779Z", "status": "completed", "notes": "Seeded wellbeing follow-up.", "created_at": "2026-03-21T19:02:24.779Z"}}, {"model": "mental_health.therapysession", "pk": 28, "fields": {"patient": 13, "counselor": 2, "scheduled_time": "2026-03-21T19:02:24.779Z", "status": "scheduled", "notes": "Seeded wellbeing follow-up.", "created_at": "2026-03-20T19:02:24.779Z"}}, {"model": "mental_health.therapysession", "pk": 29, "fields": {"patient": 14, "counselor": 1, "scheduled_time": "2026-03-20T19:02:24.779Z", "status": "completed", "notes": "Seeded wellbeing follow-up.", "created_at": "2026-03-19T19:02:24.779Z"}}, {"model": "mental_health.therapysession", "pk": 30, "fields": {"patient": 15, "counselor": 2, "scheduled_time": "2026-03-19T19:02:24.779Z", "status": "scheduled", "notes": "Seeded wellbeing follow-up.", "created_at": "2026-03-18T19:02:24.779Z"}}, {"model": "mental_health.therapysession", "pk": 31, "fields": {"patient": 10, "counselor": 1, "scheduled_time": "2026-03-24T19:33:21.941Z", "status": "completed", "notes": "Seeded wellbeing follow-up.", "created_at": "2026-03-23T19:33:21.941Z"}}, {"model": "mental_health.therapysession", "pk": 32, "fields": {"patient": 11, "counselor": 2, "scheduled_time": "2026-03-23T19:33:21.941Z", "status": "scheduled", "notes": "Seeded wellbeing follow-up.", "created_at": "2026-03-22T19:33:21.941Z"}}, {"model": "mental_health.therapysession", "pk": 33, "fields": {"patient": 12, "counselor": 1, "scheduled_time": "2026-03-22T19:33:21.941Z", "status": "completed", "notes": "Seeded wellbeing follow-up.", "created_at": "2026-03-21T19:33:21.941Z"}}, {"model": "mental_health.therapysession", "pk": 34, "fields": {"patient": 13, "counselor": 2, "scheduled_time": "2026-03-21T19:33:21.941Z", "status": "scheduled", "notes": "Seeded wellbeing follow-up.", "created_at": "2026-03-20T19:33:21.941Z"}}, {"model": "mental_health.therapysession", "pk": 35, "fields": {"patient": 14, "counselor": 1, "scheduled_time": "2026-03-20T19:33:21.941Z", "status": "completed", "notes": "Seeded wellbeing follow-up.", "created_at": "2026-03-19T19:33:21.941Z"}}, {"model": "mental_health.therapysession", "pk": 36, "fields": {"patient": 15, "counselor": 2, "scheduled_time": "2026-03-19T19:33:21.941Z", "status": "scheduled", "notes": "Seeded wellbeing follow-up.", "created_at": "2026-03-18T19:33:21.941Z"}}, {"model": "mental_health.moodlog", "pk": 1, "fields": {"user": 9, "mood": "Relatively chilled, looking to go about my day", "notes": "", "logged_at": "2026-03-26T07:52:54.037Z"}}, {"model": "mental_health.moodlog", "pk": 2, "fields": {"user": 8, "mood": "Feeling kind of down despite it being my birthday", "notes": "", "logged_at": "2026-03-27T16:37:03.885Z"}}, {"model": "mental_health.moodlog", "pk": 3, "fields": {"user": 10, "mood": "Steady", "notes": "Seeded mood log.", "logged_at": "2026-03-26T16:42:29.050Z"}}, {"model": "mental_health.moodlog", "pk": 4, "fields": {"user": 10, "mood": "Anxious", "notes": "Seeded mood log.", "logged_at": "2026-03-26T16:42:29.050Z"}}, {"model": "mental_health.moodlog", "pk": 5, "fields": {"user": 11, "mood": "Steady", "notes": "Seeded mood log.", "logged_at": "2026-03-25T16:42:29.050Z"}}, {"model": "mental_health.moodlog", "pk": 6, "fields": {"user": 11, "mood": "Anxious", "notes": "Seeded mood log.", "logged_at": "2026-03-25T16:42:29.050Z"}}, {"model": "mental_health.moodlog", "pk": 7, "fields": {"user": 12, "mood": "Steady", "notes": "Seeded mood log.", "logged_at": "2026-03-24T16:42:29.050Z"}}, {"model": "mental_health.moodlog", "pk": 8, "fields": {"user": 12, "mood": "Anxious", "notes": "Seeded mood log.", "logged_at": "2026-03-24T16:42:29.050Z"}}, {"model": "mental_health.moodlog", "pk": 9, "fields": {"user": 13, "mood": "Steady", "notes": "Seeded mood log.", "logged_at": "2026-03-23T16:42:29.050Z"}}, {"model": "mental_health.moodlog", "pk": 10, "fields": {"user": 13, "mood": "Anxious", "notes": "Seeded mood log.", "logged_at": "2026-03-23T16:42:29.050Z"}}, {"model": "mental_health.moodlog", "pk": 11, "fields": {"user": 14, "mood": "Steady", "notes": "Seeded mood log.", "logged_at": "2026-03-22T16:42:29.050Z"}}, {"model": "mental_health.moodlog", "pk": 12, "fields": {"user": 14, "mood": "Anxious", "notes": "Seeded mood log.", "logged_at": "2026-03-22T16:42:29.050Z"}}, {"model": "mental_health.moodlog", "pk": 13, "fields": {"user": 15, "mood": "Steady", "notes": "Seeded mood log.", "logged_at": "2026-03-21T16:42:29.050Z"}}, {"model": "mental_health.moodlog", "pk": 14, "fields": {"user": 15, "mood": "Anxious", "notes": "Seeded mood log.", "logged_at": "2026-03-21T16:42:29.050Z"}}, {"model": "mental_health.moodlog", "pk": 15, "fields": {"user": 10, "mood": "Steady", "notes": "Seeded mood log.", "logged_at": "2026-03-26T18:26:25.570Z"}}, {"model": "mental_health.moodlog", "pk": 16, "fields": {"user": 10, "mood": "Anxious", "notes": "Seeded mood log.", "logged_at": "2026-03-26T18:26:25.570Z"}}, {"model": "mental_health.moodlog", "pk": 17, "fields": {"user": 11, "mood": "Steady", "notes": "Seeded mood log.", "logged_at": "2026-03-25T18:26:25.570Z"}}, {"model": "mental_health.moodlog", "pk": 18, "fields": {"user": 11, "mood": "Anxious", "notes": "Seeded mood log.", "logged_at": "2026-03-25T18:26:25.570Z"}}, {"model": "mental_health.moodlog", "pk": 19, "fields": {"user": 12, "mood": "Steady", "notes": "Seeded mood log.", "logged_at": "2026-03-24T18:26:25.570Z"}}, {"model": "mental_health.moodlog", "pk": 20, "fields": {"user": 12, "mood": "Anxious", "notes": "Seeded mood log.", "logged_at": "2026-03-24T18:26:25.570Z"}}, {"model": "mental_health.moodlog", "pk": 21, "fields": {"user": 13, "mood": "Steady", "notes": "Seeded mood log.", "logged_at": "2026-03-23T18:26:25.570Z"}}, {"model": "mental_health.moodlog", "pk": 22, "fields": {"user": 13, "mood": "Anxious", "notes": "Seeded mood log.", "logged_at": "2026-03-23T18:26:25.570Z"}}, {"model": "mental_health.moodlog", "pk": 23, "fields": {"user": 14, "mood": "Steady", "notes": "Seeded mood log.", "logged_at": "2026-03-22T18:26:25.570Z"}}, {"model": "mental_health.moodlog", "pk": 24, "fields": {"user": 14, "mood": "Anxious", "notes": "Seeded mood log.", "logged_at": "2026-03-22T18:26:25.570Z"}}, {"model": "mental_health.moodlog", "pk": 25, "fields": {"user": 15, "mood": "Steady", "notes": "Seeded mood log.", "logged_at": "2026-03-21T18:26:25.570Z"}}, {"model": "mental_health.moodlog", "pk": 26, "fields": {"user": 15, "mood": "Anxious", "notes": "Seeded mood log.", "logged_at": "2026-03-21T18:26:25.570Z"}}, {"model": "mental_health.moodlog", "pk": 27, "fields": {"user": 10, "mood": "Steady", "notes": "Seeded mood log.", "logged_at": "2026-03-26T18:29:53.531Z"}}, {"model": "mental_health.moodlog", "pk": 28, "fields": {"user": 10, "mood": "Anxious", "notes": "Seeded mood log.", "logged_at": "2026-03-26T18:29:53.531Z"}}, {"model": "mental_health.moodlog", "pk": 29, "fields": {"user": 11, "mood": "Steady", "notes": "Seeded mood log.", "logged_at": "2026-03-25T18:29:53.531Z"}}, {"model": "mental_health.moodlog", "pk": 30, "fields": {"user": 11, "mood": "Anxious", "notes": "Seeded mood log.", "logged_at": "2026-03-25T18:29:53.531Z"}}, {"model": "mental_health.moodlog", "pk": 31, "fields": {"user": 12, "mood": "Steady", "notes": "Seeded mood log.", "logged_at": "2026-03-24T18:29:53.531Z"}}, {"model": "mental_health.moodlog", "pk": 32, "fields": {"user": 12, "mood": "Anxious", "notes": "Seeded mood log.", "logged_at": "2026-03-24T18:29:53.531Z"}}, {"model": "mental_health.moodlog", "pk": 33, "fields": {"user": 13, "mood": "Steady", "notes": "Seeded mood log.", "logged_at": "2026-03-23T18:29:53.531Z"}}, {"model": "mental_health.moodlog", "pk": 34, "fields": {"user": 13, "mood": "Anxious", "notes": "Seeded mood log.", "logged_at": "2026-03-23T18:29:53.531Z"}}, {"model": "mental_health.moodlog", "pk": 35, "fields": {"user": 14, "mood": "Steady", "notes": "Seeded mood log.", "logged_at": "2026-03-22T18:29:53.531Z"}}, {"model": "mental_health.moodlog", "pk": 36, "fields": {"user": 14, "mood": "Anxious", "notes": "Seeded mood log.", "logged_at": "2026-03-22T18:29:53.531Z"}}, {"model": "mental_health.moodlog", "pk": 37, "fields": {"user": 15, "mood": "Steady", "notes": "Seeded mood log.", "logged_at": "2026-03-21T18:29:53.531Z"}}, {"model": "mental_health.moodlog", "pk": 38, "fields": {"user": 15, "mood": "Anxious", "notes": "Seeded mood log.", "logged_at": "2026-03-21T18:29:53.531Z"}}, {"model": "mental_health.moodlog", "pk": 39, "fields": {"user": 10, "mood": "Steady", "notes": "Seeded mood log.", "logged_at": "2026-03-26T18:33:14.371Z"}}, {"model": "mental_health.moodlog", "pk": 40, "fields": {"user": 10, "mood": "Anxious", "notes": "Seeded mood log.", "logged_at": "2026-03-26T18:33:14.371Z"}}, {"model": "mental_health.moodlog", "pk": 41, "fields": {"user": 11, "mood": "Steady", "notes": "Seeded mood log.", "logged_at": "2026-03-25T18:33:14.371Z"}}, {"model": "mental_health.moodlog", "pk": 42, "fields": {"user": 11, "mood": "Anxious", "notes": "Seeded mood log.", "logged_at": "2026-03-25T18:33:14.371Z"}}, {"model": "mental_health.moodlog", "pk": 43, "fields": {"user": 12, "mood": "Steady", "notes": "Seeded mood log.", "logged_at": "2026-03-24T18:33:14.371Z"}}, {"model": "mental_health.moodlog", "pk": 44, "fields": {"user": 12, "mood": "Anxious", "notes": "Seeded mood log.", "logged_at": "2026-03-24T18:33:14.371Z"}}, {"model": "mental_health.moodlog", "pk": 45, "fields": {"user": 13, "mood": "Steady", "notes": "Seeded mood log.", "logged_at": "2026-03-23T18:33:14.371Z"}}, {"model": "mental_health.moodlog", "pk": 46, "fields": {"user": 13, "mood": "Anxious", "notes": "Seeded mood log.", "logged_at": "2026-03-23T18:33:14.371Z"}}, {"model": "mental_health.moodlog", "pk": 47, "fields": {"user": 14, "mood": "Steady", "notes": "Seeded mood log.", "logged_at": "2026-03-22T18:33:14.371Z"}}, {"model": "mental_health.moodlog", "pk": 48, "fields": {"user": 14, "mood": "Anxious", "notes": "Seeded mood log.", "logged_at": "2026-03-22T18:33:14.371Z"}}, {"model": "mental_health.moodlog", "pk": 49, "fields": {"user": 15, "mood": "Steady", "notes": "Seeded mood log.", "logged_at": "2026-03-21T18:33:14.371Z"}}, {"model": "mental_health.moodlog", "pk": 50, "fields": {"user": 15, "mood": "Anxious", "notes": "Seeded mood log.", "logged_at": "2026-03-21T18:33:14.371Z"}}, {"model": "mental_health.moodlog", "pk": 51, "fields": {"user": 10, "mood": "Steady", "notes": "Seeded mood log.", "logged_at": "2026-03-26T19:02:24.779Z"}}, {"model": "mental_health.moodlog", "pk": 52, "fields": {"user": 10, "mood": "Anxious", "notes": "Seeded mood log.", "logged_at": "2026-03-26T19:02:24.779Z"}}, {"model": "mental_health.moodlog", "pk": 53, "fields": {"user": 11, "mood": "Steady", "notes": "Seeded mood log.", "logged_at": "2026-03-25T19:02:24.779Z"}}, {"model": "mental_health.moodlog", "pk": 54, "fields": {"user": 11, "mood": "Anxious", "notes": "Seeded mood log.", "logged_at": "2026-03-25T19:02:24.779Z"}}, {"model": "mental_health.moodlog", "pk": 55, "fields": {"user": 12, "mood": "Steady", "notes": "Seeded mood log.", "logged_at": "2026-03-24T19:02:24.779Z"}}, {"model": "mental_health.moodlog", "pk": 56, "fields": {"user": 12, "mood": "Anxious", "notes": "Seeded mood log.", "logged_at": "2026-03-24T19:02:24.779Z"}}, {"model": "mental_health.moodlog", "pk": 57, "fields": {"user": 13, "mood": "Steady", "notes": "Seeded mood log.", "logged_at": "2026-03-23T19:02:24.779Z"}}, {"model": "mental_health.moodlog", "pk": 58, "fields": {"user": 13, "mood": "Anxious", "notes": "Seeded mood log.", "logged_at": "2026-03-23T19:02:24.779Z"}}, {"model": "mental_health.moodlog", "pk": 59, "fields": {"user": 14, "mood": "Steady", "notes": "Seeded mood log.", "logged_at": "2026-03-22T19:02:24.779Z"}}, {"model": "mental_health.moodlog", "pk": 60, "fields": {"user": 14, "mood": "Anxious", "notes": "Seeded mood log.", "logged_at": "2026-03-22T19:02:24.779Z"}}, {"model": "mental_health.moodlog", "pk": 61, "fields": {"user": 15, "mood": "Steady", "notes": "Seeded mood log.", "logged_at": "2026-03-21T19:02:24.779Z"}}, {"model": "mental_health.moodlog", "pk": 62, "fields": {"user": 15, "mood": "Anxious", "notes": "Seeded mood log.", "logged_at": "2026-03-21T19:02:24.779Z"}}, {"model": "mental_health.moodlog", "pk": 63, "fields": {"user": 10, "mood": "Steady", "notes": "Seeded mood log.", "logged_at": "2026-03-26T19:33:21.941Z"}}, {"model": "mental_health.moodlog", "pk": 64, "fields": {"user": 10, "mood": "Anxious", "notes": "Seeded mood log.", "logged_at": "2026-03-26T19:33:21.941Z"}}, {"model": "mental_health.moodlog", "pk": 65, "fields": {"user": 11, "mood": "Steady", "notes": "Seeded mood log.", "logged_at": "2026-03-25T19:33:21.941Z"}}, {"model": "mental_health.moodlog", "pk": 66, "fields": {"user": 11, "mood": "Anxious", "notes": "Seeded mood log.", "logged_at": "2026-03-25T19:33:21.941Z"}}, {"model": "mental_health.moodlog", "pk": 67, "fields": {"user": 12, "mood": "Steady", "notes": "Seeded mood log.", "logged_at": "2026-03-24T19:33:21.941Z"}}, {"model": "mental_health.moodlog", "pk": 68, "fields": {"user": 12, "mood": "Anxious", "notes": "Seeded mood log.", "logged_at": "2026-03-24T19:33:21.941Z"}}, {"model": "mental_health.moodlog", "pk": 69, "fields": {"user": 13, "mood": "Steady", "notes": "Seeded mood log.", "logged_at": "2026-03-23T19:33:21.941Z"}}, {"model": "mental_health.moodlog", "pk": 70, "fields": {"user": 13, "mood": "Anxious", "notes": "Seeded mood log.", "logged_at": "2026-03-23T19:33:21.941Z"}}, {"model": "mental_health.moodlog", "pk": 71, "fields": {"user": 14, "mood": "Steady", "notes": "Seeded mood log.", "logged_at": "2026-03-22T19:33:21.941Z"}}, {"model": "mental_health.moodlog", "pk": 72, "fields": {"user": 14, "mood": "Anxious", "notes": "Seeded mood log.", "logged_at": "2026-03-22T19:33:21.941Z"}}, {"model": "mental_health.moodlog", "pk": 73, "fields": {"user": 15, "mood": "Steady", "notes": "Seeded mood log.", "logged_at": "2026-03-21T19:33:21.941Z"}}, {"model": "mental_health.moodlog", "pk": 74, "fields": {"user": 15, "mood": "Anxious", "notes": "Seeded mood log.", "logged_at": "2026-03-21T19:33:21.941Z"}}, {"model": "mental_health.wellnessresource", "pk": 1, "fields": {"title": "Breathing reset exercise", "description": "Guided grounding exercise for acute stress regulation.", "url": "", "resource_type": "exercise"}}, {"model": "ambulance.ambulance", "pk": 1, "fields": {"vehicle_number": "AMB-001", "driver_name": "Joseph Kariuki", "driver_phone": "+254700000001", "current_latitude": null, "current_longitude": null, "is_available": true}}, {"model": "ambulance.ambulancerequest", "pk": 1, "fields": {"user": 10, "latitude": "-1.286389", "longitude": "36.817223", "address": "Hooks zone 1", "medical_notes": "Seeded emergency request.", "status": "pending", "assigned_ambulance": 1, "created_at": "2026-03-26T16:42:29.050Z"}}, {"model": "ambulance.ambulancerequest", "pk": 2, "fields": {"user": 11, "latitude": "-1.286389", "longitude": "36.817223", "address": "Hooks zone 2", "medical_notes": "Seeded emergency request.", "status": "en_route", "assigned_ambulance": 1, "created_at": "2026-03-25T16:42:29.050Z"}}, {"model": "ambulance.ambulancerequest", "pk": 3, "fields": {"user": 12, "latitude": "-1.286389", "longitude": "36.817223", "address": "Hooks zone 3", "medical_notes": "Seeded emergency request.", "status": "completed", "assigned_ambulance": 1, "created_at": "2026-03-24T16:42:29.050Z"}}, {"model": "ambulance.ambulancerequest", "pk": 4, "fields": {"user": 10, "latitude": "-1.286389", "longitude": "36.817223", "address": "Hooks zone 1", "medical_notes": "Seeded emergency request.", "status": "pending", "assigned_ambulance": 1, "created_at": "2026-03-26T18:26:25.570Z"}}, {"model": "ambulance.ambulancerequest", "pk": 5, "fields": {"user": 11, "latitude": "-1.286389", "longitude": "36.817223", "address": "Hooks zone 2", "medical_notes": "Seeded emergency request.", "status": "en_route", "assigned_ambulance": 1, "created_at": "2026-03-25T18:26:25.570Z"}}, {"model": "ambulance.ambulancerequest", "pk": 6, "fields": {"user": 12, "latitude": "-1.286389", "longitude": "36.817223", "address": "Hooks zone 3", "medical_notes": "Seeded emergency request.", "status": "completed", "assigned_ambulance": 1, "created_at": "2026-03-24T18:26:25.570Z"}}, {"model": "ambulance.ambulancerequest", "pk": 7, "fields": {"user": 10, "latitude": "-1.286389", "longitude": "36.817223", "address": "Hooks zone 1", "medical_notes": "Seeded emergency request.", "status": "pending", "assigned_ambulance": 1, "created_at": "2026-03-26T18:29:53.531Z"}}, {"model": "ambulance.ambulancerequest", "pk": 8, "fields": {"user": 11, "latitude": "-1.286389", "longitude": "36.817223", "address": "Hooks zone 2", "medical_notes": "Seeded emergency request.", "status": "en_route", "assigned_ambulance": 1, "created_at": "2026-03-25T18:29:53.531Z"}}, {"model": "ambulance.ambulancerequest", "pk": 9, "fields": {"user": 12, "latitude": "-1.286389", "longitude": "36.817223", "address": "Hooks zone 3", "medical_notes": "Seeded emergency request.", "status": "completed", "assigned_ambulance": 1, "created_at": "2026-03-24T18:29:53.531Z"}}, {"model": "ambulance.ambulancerequest", "pk": 10, "fields": {"user": 10, "latitude": "-1.286389", "longitude": "36.817223", "address": "Hooks zone 1", "medical_notes": "Seeded emergency request.", "status": "pending", "assigned_ambulance": 1, "created_at": "2026-03-26T18:33:14.371Z"}}, {"model": "ambulance.ambulancerequest", "pk": 11, "fields": {"user": 11, "latitude": "-1.286389", "longitude": "36.817223", "address": "Hooks zone 2", "medical_notes": "Seeded emergency request.", "status": "en_route", "assigned_ambulance": 1, "created_at": "2026-03-25T18:33:14.371Z"}}, {"model": "ambulance.ambulancerequest", "pk": 12, "fields": {"user": 12, "latitude": "-1.286389", "longitude": "36.817223", "address": "Hooks zone 3", "medical_notes": "Seeded emergency request.", "status": "completed", "assigned_ambulance": 1, "created_at": "2026-03-24T18:33:14.371Z"}}, {"model": "ambulance.ambulancerequest", "pk": 13, "fields": {"user": 10, "latitude": "-1.286389", "longitude": "36.817223", "address": "Hooks zone 1", "medical_notes": "Seeded emergency request.", "status": "pending", "assigned_ambulance": 1, "created_at": "2026-03-26T19:02:24.779Z"}}, {"model": "ambulance.ambulancerequest", "pk": 14, "fields": {"user": 11, "latitude": "-1.286389", "longitude": "36.817223", "address": "Hooks zone 2", "medical_notes": "Seeded emergency request.", "status": "en_route", "assigned_ambulance": 1, "created_at": "2026-03-25T19:02:24.779Z"}}, {"model": "ambulance.ambulancerequest", "pk": 15, "fields": {"user": 12, "latitude": "-1.286389", "longitude": "36.817223", "address": "Hooks zone 3", "medical_notes": "Seeded emergency request.", "status": "completed", "assigned_ambulance": 1, "created_at": "2026-03-24T19:02:24.779Z"}}, {"model": "ambulance.ambulancerequest", "pk": 16, "fields": {"user": 10, "latitude": "-1.286389", "longitude": "36.817223", "address": "Hooks zone 1", "medical_notes": "Seeded emergency request.", "status": "pending", "assigned_ambulance": 1, "created_at": "2026-03-26T19:33:21.941Z"}}, {"model": "ambulance.ambulancerequest", "pk": 17, "fields": {"user": 11, "latitude": "-1.286389", "longitude": "36.817223", "address": "Hooks zone 2", "medical_notes": "Seeded emergency request.", "status": "en_route", "assigned_ambulance": 1, "created_at": "2026-03-25T19:33:21.941Z"}}, {"model": "ambulance.ambulancerequest", "pk": 18, "fields": {"user": 12, "latitude": "-1.286389", "longitude": "36.817223", "address": "Hooks zone 3", "medical_notes": "Seeded emergency request.", "status": "completed", "assigned_ambulance": 1, "created_at": "2026-03-24T19:33:21.941Z"}}]
